condition,root_id,side,rate_hz
baseline,720575940602553568,right,0.0
baseline,720575940602564320,right,0.0
baseline,720575940602605536,right,0.0
baseline,720575940602815200,left,0.0
baseline,720575940602829536,left,0.0
baseline,720575940603045804,right,0.0
baseline,720575940603050668,right,0.0
baseline,720575940603084972,right,0.0
baseline,720575940603111392,right,0.0
baseline,720575940603174368,right,0.0
baseline,720575940603268064,left,0.0
baseline,720575940603317216,left,0.0
baseline,720575940603520172,left,0.0
baseline,720575940603642982,right,0.0
baseline,720575940603673120,right,0.0
baseline,720575940603674656,right,0.0
baseline,720575940603687084,left,0.0
baseline,720575940603688224,right,0.0
baseline,720575940603719712,right,0.0
baseline,720575940603721248,right,0.0
baseline,720575940603747616,right,0.0
baseline,720575940603751782,right,0.0
baseline,720575940603773798,right,0.0
baseline,720575940603882720,left,0.0
baseline,720575940603883232,left,0.0
baseline,720575940603984486,left,0.0
baseline,720575940603988838,left,0.0
baseline,720575940604008672,right,0.0
baseline,720575940604050110,left,0.0
baseline,720575940604093984,left,0.0
baseline,720575940604103200,left,0.0
baseline,720575940604126129,left,0.0
baseline,720575940604131296,left,0.0
baseline,720575940604132710,left,0.0
baseline,720575940604168224,left,0.0
baseline,720575940604182374,left,0.0
baseline,720575940604249790,left,0.0
baseline,720575940604304561,left,0.0
baseline,720575940604318129,left,0.0
baseline,720575940604319078,right,0.0
baseline,720575940604402092,left,0.0
baseline,720575940604435046,left,0.0
baseline,720575940604466912,left,0.0
baseline,720575940604478176,right,0.0
baseline,720575940604483040,right,0.0
baseline,720575940604489649,right,0.0
baseline,720575940604493024,left,0.0
baseline,720575940604497888,left,0.0
baseline,720575940604500448,left,0.0
baseline,720575940604505278,left,0.0
baseline,720575940604509374,left,0.0
baseline,720575940604550590,left,0.0
baseline,720575940604557792,left,0.0
baseline,720575940604576689,left,0.0
baseline,720575940604620512,left,0.0
baseline,720575940604626912,left,0.0
baseline,720575940604630240,right,0.0
baseline,720575940604630496,right,0.0
baseline,720575940604766153,right,0.0
baseline,720575940604770249,right,0.0
baseline,720575940604806345,right,0.0
baseline,720575940604824236,left,0.0
baseline,720575940604833196,left,0.0
baseline,720575940604860332,right,0.0
baseline,720575940604884396,right,0.0
baseline,720575940604908972,left,0.0
baseline,720575940604924606,left,0.0
baseline,720575940604934572,right,0.0
baseline,720575940604935340,right,0.0
baseline,720575940604961126,left,0.0
baseline,720575940604961894,left,0.0
baseline,720575940604962918,right,0.0
baseline,720575940604963686,left,0.0
baseline,720575940604963942,right,0.0
baseline,720575940604978534,left,0.0
baseline,720575940604985888,left,0.0
baseline,720575940604991264,left,0.0
baseline,720575940604997152,right,0.0
baseline,720575940604999526,right,0.0
baseline,720575940605000550,right,0.0
baseline,720575940605029250,right,0.0
baseline,720575940605036418,right,0.0
baseline,720575940605060798,left,0.0
baseline,720575940605083838,right,0.0
baseline,720575940605167025,right,0.0
baseline,720575940605171121,right,0.0
baseline,720575940605180337,right,0.0
baseline,720575940605180849,left,0.0
baseline,720575940605184102,right,0.0
baseline,720575940605196465,right,0.0
baseline,720575940605197745,right,0.0
baseline,720575940605199305,left,0.0
baseline,720575940605236866,left,0.0
baseline,720575940605246850,left,0.0
baseline,720575940605252041,right,0.0
baseline,720575940605290441,right,0.0
baseline,720575940605312945,left,0.0
baseline,720575940605338290,right,0.0
baseline,720575940605350066,right,0.0
baseline,720575940605362610,right,0.0
baseline,720575940605407846,right,0.0
baseline,720575940605412738,left,0.0
baseline,720575940605421670,left,0.0
baseline,720575940605424416,right,0.0
baseline,720575940605431840,left,0.0
baseline,720575940605436262,left,0.0
baseline,720575940605441312,left,0.0
baseline,720575940605449929,left,0.0
baseline,720575940605451552,right,0.0
baseline,720575940605452064,right,0.0
baseline,720575940605488416,right,0.0
baseline,720575940605491302,left,0.0
baseline,720575940605507249,right,0.0
baseline,720575940605528422,left,0.0
baseline,720575940605541920,right,0.0
baseline,720575940605544370,left,0.0
baseline,720575940605550950,right,0.0
baseline,720575940605551038,left,0.0
baseline,720575940605551718,right,0.0
baseline,720575940605552742,right,0.0
baseline,720575940605557438,left,0.0
baseline,720575940605559986,left,0.0
baseline,720575940605565886,right,0.0
baseline,720575940605597216,right,0.0
baseline,720575940605606274,right,0.0
baseline,720575940605619744,left,0.0
baseline,720575940605620670,left,0.0
baseline,720575940605620926,left,0.0
baseline,720575940605621024,left,0.0
baseline,720575940605625376,left,0.0
baseline,720575940605627057,right,0.0
baseline,720575940605664446,right,0.0
baseline,720575940605664702,left,0.0
baseline,720575940605705650,left,0.0
baseline,720575940605792434,right,0.0
baseline,720575940605792946,right,0.0
baseline,720575940605817522,right,0.0
baseline,720575940605829297,left,0.0
baseline,720575940605841074,left,0.0
baseline,720575940605925600,left,0.0
baseline,720575940605934001,right,0.0
baseline,720575940605985202,left,0.0
baseline,720575940605995209,left,0.0
baseline,720575940605997257,right,0.0
baseline,720575940605997513,right,0.0
baseline,720575940606009801,left,0.0
baseline,720575940606123698,left,0.0
baseline,720575940606195657,left,0.0
baseline,720575940606201278,left,0.0
baseline,720575940606331996,right,0.0
baseline,720575940606335106,left,0.0
baseline,720575940606341250,right,0.0
baseline,720575940606347394,right,0.0
baseline,720575940606399068,right,0.0
baseline,720575940606433713,left,0.0
baseline,720575940606436128,left,0.0
baseline,720575940606452681,right,0.0
baseline,720575940606454108,right,0.0
baseline,720575940606477660,right,0.0
baseline,720575940606483467,right,0.0
baseline,720575940606483723,right,0.0
baseline,720575940606496011,right,0.0
baseline,720575940606515292,right,0.0
baseline,720575940606549961,right,0.0
baseline,720575940606579465,right,0.0
baseline,720575940606602674,left,0.0
baseline,720575940606621362,right,0.0
baseline,720575940606662322,left,0.0
baseline,720575940606663625,left,0.0
baseline,720575940606666953,right,0.0
baseline,720575940606667977,right,0.0
baseline,720575940606675804,left,0.0
baseline,720575940606680706,right,0.0
baseline,720575940606683915,left,0.0
baseline,720575940606687499,left,0.0
baseline,720575940606691932,left,0.0
baseline,720575940606694748,left,0.0
baseline,720575940606698697,right,0.0
baseline,720575940606700043,left,0.0
baseline,720575940606715337,left,0.0
baseline,720575940606725131,left,0.0
baseline,720575940606729858,right,0.0
baseline,720575940606730076,left,0.0
baseline,720575940606745289,left,0.0
baseline,720575940606747593,left,0.0
baseline,720575940606773705,left,0.0
baseline,720575940606775654,left,0.0
baseline,720575940606783362,right,0.0
baseline,720575940606796722,left,0.0
baseline,720575940606850434,left,0.0
baseline,720575940606851714,left,0.0
baseline,720575940606853250,left,0.0
baseline,720575940606864341,right,0.0
baseline,720575940606890370,left,0.0
baseline,720575940606891221,right,0.0
baseline,720575940606892162,right,0.0
baseline,720575940606892674,right,0.0
baseline,720575940606893186,right,0.0
baseline,720575940606902741,right,0.0
baseline,720575940606909195,left,0.0
baseline,720575940606910850,left,0.0
baseline,720575940606929419,left,0.0
baseline,720575940606940425,left,0.0
baseline,720575940606941397,right,0.0
baseline,720575940606947714,right,0.0
baseline,720575940606947970,left,0.0
baseline,720575940606948188,left,0.0
baseline,720575940606954114,right,0.0
baseline,720575940606954507,left,0.0
baseline,720575940606954763,left,0.0
baseline,720575940606963586,right,0.0
baseline,720575940606967682,right,0.0
baseline,720575940606967730,right,0.0
baseline,720575940606968450,right,0.0
baseline,720575940606968962,right,0.0
baseline,720575940607010825,right,0.0
baseline,720575940607030281,right,0.0
baseline,720575940607038386,left,0.0
baseline,720575940607054770,right,0.0
baseline,720575940607146162,left,0.0
baseline,720575940607154955,left,0.0
baseline,720575940607168523,left,0.0
baseline,720575940607168779,left,0.0
baseline,720575940607177739,left,0.0
baseline,720575940607177906,left,0.0
baseline,720575940607180722,left,0.0
baseline,720575940607185074,left,0.0
baseline,720575940607280306,right,0.0
baseline,720575940607280818,right,0.0
baseline,720575940607310531,right,0.0
baseline,720575940607330499,right,0.0
baseline,720575940607337155,right,0.0
baseline,720575940607337923,right,0.0
baseline,720575940607348931,right,0.0
baseline,720575940607351747,right,0.0
baseline,720575940607352003,right,0.0
baseline,720575940607520451,left,0.0
baseline,720575940607623875,left,0.0
baseline,720575940607674563,left,0.0
baseline,720575940607685571,left,0.0
baseline,720575940607698627,left,0.0
baseline,720575940607715420,right,0.0
baseline,720575940607721923,left,0.0
baseline,720575940607722179,left,0.0
baseline,720575940607763467,right,0.0
baseline,720575940607792139,right,0.0
baseline,720575940607793675,left,0.0
baseline,720575940607804939,right,0.0
baseline,720575940607809547,left,0.0
baseline,720575940607828233,right,0.0
baseline,720575940607900867,left,0.0
baseline,720575940607930716,right,0.0
baseline,720575940607971908,right,0.0
baseline,720575940607978820,right,0.0
baseline,720575940607981636,right,0.0
baseline,720575940607983369,left,0.0
baseline,720575940607984651,right,0.0
baseline,720575940607993668,right,0.0
baseline,720575940608015627,right,0.0
baseline,720575940608126386,left,0.0
baseline,720575940608145877,right,0.0
baseline,720575940608148693,right,0.0
baseline,720575940608152021,left,0.0
baseline,720575940608158300,left,0.0
baseline,720575940608158677,left,0.0
baseline,720575940608176514,right,0.0
baseline,720575940608177988,left,0.0
baseline,720575940608184156,left,0.0
baseline,720575940608191836,right,0.0
baseline,720575940608192860,left,0.0
baseline,720575940608211268,left,0.0
baseline,720575940608277852,left,0.0
baseline,720575940608281180,right,0.0
baseline,720575940608286556,right,0.0
baseline,720575940608312533,right,0.0
baseline,720575940608313301,left,0.0
baseline,720575940608328713,right,0.0
baseline,720575940608344331,left,0.0
baseline,720575940608345867,right,0.0
baseline,720575940608363844,left,0.0
baseline,720575940608383243,right,0.0
baseline,720575940608386315,right,0.0
baseline,720575940608393739,right,0.0
baseline,720575940608399115,left,0.0
baseline,720575940608407049,left,0.0
baseline,720575940608407305,left,0.0
baseline,720575940608413193,left,0.0
baseline,720575940608428555,left,0.0
baseline,720575940608433476,right,0.0
baseline,720575940608437769,left,0.0
baseline,720575940608447241,right,0.0
baseline,720575940608452617,left,0.0
baseline,720575940608456715,right,0.0
baseline,720575940608471563,left,0.0
baseline,720575940608496835,left,0.0
baseline,720575940608505795,right,0.0
baseline,720575940608517385,right,0.0
baseline,720575940608524483,right,0.0
baseline,720575940608525763,left,0.0
baseline,720575940608527150,right,0.0
baseline,720575940608527299,left,0.0
baseline,720575940608530955,left,0.0
baseline,720575940608532675,right,0.0
baseline,720575940608535747,left,0.0
baseline,720575940608535819,left,0.0
baseline,720575940608537027,left,0.0
baseline,720575940608544011,left,0.0
baseline,720575940608550409,right,0.0
baseline,720575940608564233,left,0.0
baseline,720575940608571145,left,0.0
baseline,720575940608621614,right,0.0
baseline,720575940608631342,right,0.0
baseline,720575940608633045,left,0.0
baseline,720575940608633134,right,0.0
baseline,720575940608644654,right,0.0
baseline,720575940608655918,right,0.0
baseline,720575940608657621,right,0.0
baseline,720575940608662485,right,0.0
baseline,720575940608662574,right,0.0
baseline,720575940608663765,left,0.0
baseline,720575940608682453,left,0.0
baseline,720575940608708875,left,0.0
baseline,720575940608767957,left,0.0
baseline,720575940608768213,right,0.0
baseline,720575940608772821,right,0.0
baseline,720575940608774776,right,0.0
baseline,720575940608801749,right,0.0
baseline,720575940608806776,right,0.0
baseline,720575940608810709,left,0.0
baseline,720575940608820600,right,0.0
baseline,720575940608823509,right,0.0
baseline,720575940608997571,left,0.0
baseline,720575940609006200,left,0.0
baseline,720575940609006712,left,0.0
baseline,720575940609066030,right,0.0
baseline,720575940609097058,right,0.0
baseline,720575940609104579,right,0.0
baseline,720575940609132642,right,0.0
baseline,720575940609133102,right,0.0
baseline,720575940609143672,right,0.0
baseline,720575940609149394,right,0.0
baseline,720575940609153746,right,0.0
baseline,720575940609163986,right,0.0
baseline,720575940609169762,right,0.0
baseline,720575940609171576,left,0.0
baseline,720575940609179331,right,0.0
baseline,720575940609184210,right,0.0
baseline,720575940609190866,right,0.0
baseline,720575940609200708,left,0.0
baseline,720575940609202244,left,0.0
baseline,720575940609203268,left,0.0
baseline,720575940609208530,right,0.0
baseline,720575940609220291,right,0.0
baseline,720575940609226702,right,0.0
baseline,720575940609271854,left,0.0
baseline,720575940609318446,left,0.0
baseline,720575940609347448,left,0.0
baseline,720575940609371086,right,0.0
baseline,720575940609378424,left,0.0
baseline,720575940609399506,left,0.0
baseline,720575940609405646,right,0.0
baseline,720575940609533538,left,0.0
baseline,720575940609555922,left,0.0
baseline,720575940609573842,left,0.0
baseline,720575940609634571,right,0.0
baseline,720575940609651554,right,0.0
baseline,720575940609676100,left,0.0
baseline,720575940609684946,right,0.0
baseline,720575940609694818,right,0.0
baseline,720575940609708100,left,0.0
baseline,720575940609747780,left,0.0
baseline,720575940609768290,left,0.0
baseline,720575940609781966,left,0.0
baseline,720575940609836898,left,0.0
baseline,720575940609871253,right,0.0
baseline,720575940609873358,right,0.0
baseline,720575940609921230,right,0.0
baseline,720575940609935310,right,0.0
baseline,720575940609940373,right,0.0
baseline,720575940609941653,right,0.0
baseline,720575940609944526,right,0.0
baseline,720575940609950869,right,0.0
baseline,720575940609963248,left,0.0
baseline,720575940609970801,right,0.0
baseline,720575940609979505,right,0.0
baseline,720575940609999217,right,0.0
baseline,720575940610012024,left,0.0
baseline,720575940610029432,right,0.0
baseline,720575940610101210,right,0.0
baseline,720575940610137050,right,0.0
baseline,720575940610140378,right,0.0
baseline,720575940610142869,left,0.0
baseline,720575940610147826,right,0.0
baseline,720575940610159480,left,0.0
baseline,720575940610167987,right,0.0
baseline,720575940610175218,right,0.0
baseline,720575940610191795,right,0.0
baseline,720575940610206387,right,0.0
baseline,720575940610210034,right,0.0
baseline,720575940610214769,left,0.0
baseline,720575940610218360,left,0.0
baseline,720575940610307374,left,0.0
baseline,720575940610308757,left,0.0
baseline,720575940610323674,left,0.0
baseline,720575940610336610,right,0.0
baseline,720575940610347929,right,0.0
baseline,720575940610353381,right,0.0
baseline,720575940610358501,right,0.0
baseline,720575940610359650,left,0.0
baseline,720575940610370201,right,0.0
baseline,720575940610375726,right,0.0
baseline,720575940610378865,left,0.0
baseline,720575940610380498,left,0.0
baseline,720575940610386661,right,0.0
baseline,720575940610391854,left,0.0
baseline,720575940610393842,left,0.0
baseline,720575940610395438,left,0.0
baseline,720575940610406776,right,0.0
baseline,720575940610410609,left,0.0
baseline,720575940610417893,right,0.0
baseline,720575940610470130,right,0.0
baseline,720575940610476506,left,0.0
baseline,720575940610497731,left,0.0
baseline,720575940610505426,right,0.0
baseline,720575940610505621,right,0.0
baseline,720575940610529656,left,0.0
baseline,720575940610535890,left,0.0
baseline,720575940610543257,left,0.0
baseline,720575940610562713,left,0.0
baseline,720575940610580377,right,0.0
baseline,720575940610585011,left,0.0
baseline,720575940610609075,left,0.0
baseline,720575940610614757,left,0.0
baseline,720575940610617317,left,0.0
baseline,720575940610617753,left,0.0
baseline,720575940610618341,left,0.0
baseline,720575940610631544,left,0.0
baseline,720575940610637235,left,0.0
baseline,720575940610649464,left,0.0
baseline,720575940610658674,right,0.0
baseline,720575940610669786,right,0.0
baseline,720575940610676403,right,0.0
baseline,720575940610690162,right,0.0
baseline,720575940610691507,right,0.0
baseline,720575940610709106,right,0.0
baseline,720575940610710130,right,0.0
baseline,720575940610739930,left,0.0
baseline,720575940610743282,right,0.0
baseline,720575940610751129,left,0.0
baseline,720575940610773171,right,0.0
baseline,720575940610773714,right,0.0
baseline,720575940610774451,left,0.0
baseline,720575940610784179,right,0.0
baseline,720575940610793395,right,0.0
baseline,720575940610812258,left,0.0
baseline,720575940610823010,right,0.0
baseline,720575940610823141,left,0.0
baseline,720575940610833250,left,0.0
baseline,720575940610841074,left,0.0
baseline,720575940610846818,left,0.0
baseline,720575940610847842,left,0.0
baseline,720575940610849742,left,0.0
baseline,720575940610856874,left,0.0
baseline,720575940610862506,left,0.0
baseline,720575940610872418,left,0.0
baseline,720575940610885330,left,0.0
baseline,720575940610886610,left,0.0
baseline,720575940610901234,left,0.0
baseline,720575940610906521,right,0.0
baseline,720575940610907490,right,0.0
baseline,720575940610921642,left,0.0
baseline,720575940610929778,left,0.0
baseline,720575940610942066,left,0.0
baseline,720575940610943897,right,0.0
baseline,720575940610944022,right,0.0
baseline,720575940610945558,right,0.0
baseline,720575940610946070,right,0.0
baseline,720575940610946730,right,0.0
baseline,720575940610951577,left,0.0
baseline,720575940610952089,right,0.0
baseline,720575940610960994,right,0.0
baseline,720575940610963734,right,0.0
baseline,720575940610990821,right,0.0
baseline,720575940611001061,right,0.0
baseline,720575940611013785,left,0.0
baseline,720575940611035365,left,0.0
baseline,720575940611045700,right,0.0
baseline,720575940611052517,left,0.0
baseline,720575940611053029,left,0.0
baseline,720575940611059609,left,0.0
baseline,720575940611098517,right,0.0
baseline,720575940611102578,left,0.0
baseline,720575940611104229,left,0.0
baseline,720575940611110468,right,0.0
baseline,720575940611111061,right,0.0
baseline,720575940611111317,left,0.0
baseline,720575940611111829,right,0.0
baseline,720575940611113109,left,0.0
baseline,720575940611129571,right,0.0
baseline,720575940611196110,left,0.0
baseline,720575940611204323,right,0.0
baseline,720575940611208817,left,0.0
baseline,720575940611210865,right,0.0
baseline,720575940611213774,left,0.0
baseline,720575940611228462,left,0.0
baseline,720575940611229297,left,0.0
baseline,720575940611263090,left,0.0
baseline,720575940611284174,left,0.0
baseline,720575940611285454,left,0.0
baseline,720575940611286990,left,0.0
baseline,720575940611310894,right,0.0
baseline,720575940611327254,left,0.0
baseline,720575940611330070,left,0.0
baseline,720575940611336726,left,0.0
baseline,720575940611343054,right,0.0
baseline,720575940611343218,right,0.0
baseline,720575940611350234,left,0.0
baseline,720575940611370610,left,0.0
baseline,720575940611390742,left,0.0
baseline,720575940611394019,left,0.0
baseline,720575940611400050,left,0.0
baseline,720575940611424882,left,0.0
baseline,720575940611450134,right,0.0
baseline,720575940611453107,right,0.0
baseline,720575940611454833,left,0.0
baseline,720575940611471090,left,0.0
baseline,720575940611473587,left,0.0
baseline,720575940611489010,left,0.0
baseline,720575940611532949,right,0.0
baseline,720575940611548821,left,0.0
baseline,720575940611569301,right,0.0
baseline,720575940611578074,left,0.0
baseline,720575940611579541,right,0.0
baseline,720575940611586453,right,0.0
baseline,720575940611591829,left,0.0
baseline,720575940611592154,left,0.0
baseline,720575940611597795,left,0.0
baseline,720575940611611285,left,0.0
baseline,720575940611611378,right,0.0
baseline,720575940611612387,left,0.0
baseline,720575940611615986,left,0.0
baseline,720575940611644825,left,0.0
baseline,720575940611652374,left,0.0
baseline,720575940611655288,left,0.0
baseline,720575940611657881,left,0.0
baseline,720575940611660714,right,0.0
baseline,720575940611661541,left,0.0
baseline,720575940611664281,right,0.0
baseline,720575940611669145,left,0.0
baseline,720575940611669674,left,0.0
baseline,720575940611682739,right,0.0
baseline,720575940611685273,left,0.0
baseline,720575940611686629,right,0.0
baseline,720575940611686809,right,0.0
baseline,720575940611694565,left,0.0
baseline,720575940611696042,right,0.0
baseline,720575940611697066,right,0.0
baseline,720575940611702165,left,0.0
baseline,720575940611704813,right,0.0
baseline,720575940611724437,left,0.0
baseline,720575940611728563,left,0.0
baseline,720575940611733997,right,0.0
baseline,720575940611748594,right,0.0
baseline,720575940611760021,left,0.0
baseline,720575940611769059,right,0.0
baseline,720575940611771029,right,0.0
baseline,720575940611802330,right,0.0
baseline,720575940611803490,left,0.0
baseline,720575940611810531,left,0.0
baseline,720575940611812835,left,0.0
baseline,720575940611837041,left,0.0
baseline,720575940611837809,right,0.0
baseline,720575940611855729,right,0.0
baseline,720575940611873242,left,0.0
baseline,720575940611902577,left,0.0
baseline,720575940611903601,left,0.0
baseline,720575940611930265,left,0.0
baseline,720575940611936474,right,0.0
baseline,720575940611943976,right,0.0
baseline,720575940611946482,right,0.0
baseline,720575940611954801,left,0.0
baseline,720575940611960872,right,0.0
baseline,720575940611983322,left,0.0
baseline,720575940611985448,right,0.0
baseline,720575940611987240,right,0.0
baseline,720575940611988008,right,0.0
baseline,720575940612008818,right,0.0
baseline,720575940612009074,left,0.0
baseline,720575940612009903,right,0.0
baseline,720575940612019570,right,0.0
baseline,720575940612020008,right,0.0
baseline,720575940612023983,right,0.0
baseline,720575940612031411,left,0.0
baseline,720575940612067034,left,0.0
baseline,720575940612072685,left,0.0
baseline,720575940612079853,left,0.0
baseline,720575940612090321,right,0.0
baseline,720575940612091601,right,0.0
baseline,720575940612099053,left,0.0
baseline,720575940612099309,left,0.0
baseline,720575940612104627,left,0.0
baseline,720575940612111346,left,0.0
baseline,720575940612151538,right,0.0
baseline,720575940612169709,left,0.0
baseline,720575940612178418,right,0.0
baseline,720575940612190693,right,0.0
baseline,720575940612194983,left,0.0
baseline,720575940612196589,left,0.0
baseline,720575940612231282,left,0.0
baseline,720575940612240918,right,0.0
baseline,720575940612266213,right,0.0
baseline,720575940612287283,left,0.0
baseline,720575940612337203,right,0.0
baseline,720575940612339370,right,0.0
baseline,720575940612339810,right,0.0
baseline,720575940612344293,left,0.0
baseline,720575940612352423,right,0.0
baseline,720575940612356904,left,0.0
baseline,720575940612362663,right,0.0
baseline,720575940612372650,right,0.0
baseline,720575940612384665,right,0.0
baseline,720575940612421290,right,0.0
baseline,720575940612429994,left,0.0
baseline,720575940612432602,left,0.0
baseline,720575940612435198,right,0.0
baseline,720575940612435454,right,0.0
baseline,720575940612436264,left,0.0
baseline,720575940612450730,right,0.0
baseline,720575940612453603,right,0.0
baseline,720575940612458211,left,0.0
baseline,720575940612473128,left,0.0
baseline,720575940612490723,right,0.0
baseline,720575940612524030,right,0.0
baseline,720575940612563454,right,0.0
baseline,720575940612572670,right,0.0
baseline,720575940612575230,right,0.0
baseline,720575940612576254,right,0.0
baseline,720575940612587286,right,0.0
baseline,720575940612590102,left,0.0
baseline,720575940612590503,left,0.0
baseline,720575940612590754,right,0.0
baseline,720575940612602163,left,0.0
baseline,720575940612606673,right,0.0
baseline,720575940612607953,right,0.0
baseline,720575940612613551,left,0.0
baseline,720575940612626966,left,0.0
baseline,720575940612647282,right,0.0
baseline,720575940612650792,left,0.0
baseline,720575940612661782,left,0.0
baseline,720575940612664482,right,0.0
baseline,720575940612668018,right,0.0
baseline,720575940612668834,right,0.0
baseline,720575940612680818,left,0.0
baseline,720575940612686358,right,0.0
baseline,720575940612690338,right,0.0
baseline,720575940612692672,left,0.0
baseline,720575940612706706,right,0.0
baseline,720575940612714671,right,0.0
baseline,720575940612717202,right,0.0
baseline,720575940612723409,left,0.0
baseline,720575940612725906,right,0.0
baseline,720575940612728466,right,0.0
baseline,720575940612729714,right,0.0
baseline,720575940612737233,left,0.0
baseline,720575940612739186,right,0.0
baseline,720575940612740466,right,0.0
baseline,720575940612740886,right,0.0
baseline,720575940612743958,left,0.0
baseline,720575940612747158,right,0.0
baseline,720575940612754582,right,0.0
baseline,720575940612758934,right,0.0
baseline,720575940612763542,right,0.0
baseline,720575940612765846,right,0.0
baseline,720575940612766102,right,0.0
baseline,720575940612767126,right,0.0
baseline,720575940612770418,right,0.0
baseline,720575940612778646,right,0.0
baseline,720575940612789219,left,0.0
baseline,720575940612796786,right,0.0
baseline,720575940612797480,left,0.0
baseline,720575940612812914,left,0.0
baseline,720575940612817583,left,0.0
baseline,720575940612829863,left,0.0
baseline,720575940612846962,right,0.0
baseline,720575940612853354,right,0.0
baseline,720575940612870381,left,0.0
baseline,720575940612872173,right,0.0
baseline,720575940612879341,left,0.0
baseline,720575940612879853,left,0.0
baseline,720575940612896106,right,0.0
baseline,720575940612910486,left,0.0
baseline,720575940612918930,left,0.0
baseline,720575940612924054,left,0.0
baseline,720575940612924522,right,0.0
baseline,720575940612930710,left,0.0
baseline,720575940612961686,left,0.0
baseline,720575940612980990,left,0.0
baseline,720575940612991730,left,0.0
baseline,720575940613017059,right,0.0
baseline,720575940613023911,left,0.0
baseline,720575940613041123,right,0.0
baseline,720575940613042403,right,0.0
baseline,720575940613049315,left,0.0
baseline,720575940613071587,right,0.0
baseline,720575940613113238,left,0.0
baseline,720575940613119459,right,0.0
baseline,720575940613141987,left,0.0
baseline,720575940613152938,left,0.0
baseline,720575940613156067,right,0.0
baseline,720575940613188319,right,0.0
baseline,720575940613197608,left,0.0
baseline,720575940613200918,left,0.0
baseline,720575940613213151,right,0.0
baseline,720575940613218344,left,0.0
baseline,720575940613224446,left,0.0
baseline,720575940613237758,left,0.0
baseline,720575940613248479,right,0.0
baseline,720575940613257664,left,0.0
baseline,720575940613258975,right,0.0
baseline,720575940613272799,right,0.0
baseline,720575940613284063,right,0.0
baseline,720575940613294016,left,0.0
baseline,720575940613301410,left,0.0
baseline,720575940613315309,left,0.0
baseline,720575940613317738,left,0.0
baseline,720575940613337640,left,0.0
baseline,720575940613348246,left,0.0
baseline,720575940613353538,right,0.0
baseline,720575940613358658,right,0.0
baseline,720575940613359266,left,0.0
baseline,720575940613364461,right,0.0
baseline,720575940613383633,right,0.0
baseline,720575940613386050,right,0.0
baseline,720575940613400785,left,0.0
baseline,720575940613403458,right,0.0
baseline,720575940613407981,left,0.0
baseline,720575940613421890,right,0.0
baseline,720575940613434178,right,0.0
baseline,720575940613434530,left,0.0
baseline,720575940613442154,left,0.0
baseline,720575940613452525,left,0.0
baseline,720575940613460034,right,0.0
baseline,720575940613478422,right,0.0
baseline,720575940613501855,right,0.0
baseline,720575940613507946,right,0.0
baseline,720575940613532831,right,0.0
baseline,720575940613532979,left,0.0
baseline,720575940613540767,right,0.0
baseline,720575940613563187,right,0.0
baseline,720575940613593503,right,0.0
baseline,720575940613622312,left,0.0
baseline,720575940613681458,right,0.0
baseline,720575940613684906,right,0.0
baseline,720575940613690031,right,0.0
baseline,720575940613713704,right,0.0
baseline,720575940613727399,right,0.0
baseline,720575940613729576,left,0.0
baseline,720575940613735948,right,0.0
baseline,720575940613737647,right,0.0
baseline,720575940613738415,right,0.0
baseline,720575940613741864,left,0.0
baseline,720575940613743023,left,0.0
baseline,720575940613752999,left,0.0
baseline,720575940613757224,left,0.0
baseline,720575940613764364,right,0.0
baseline,720575940613773566,right,0.0
baseline,720575940613773890,right,0.0
baseline,720575940613774334,right,0.0
baseline,720575940613776179,left,0.0
baseline,720575940613776543,right,0.0
baseline,720575940613782796,right,0.0
baseline,720575940613783106,left,0.0
baseline,720575940613784386,left,0.0
baseline,720575940613784574,left,0.0
baseline,720575940613793602,left,0.0
baseline,720575940613796527,left,0.0
baseline,720575940613797295,right,0.0
baseline,720575940613799436,right,0.0
baseline,720575940613824012,right,0.0
baseline,720575940613863330,left,0.0
baseline,720575940613863903,left,0.0
baseline,720575940613864498,right,0.0
baseline,720575940613867682,right,0.0
baseline,720575940613876447,left,0.0
baseline,720575940613897890,left,0.0
baseline,720575940613909555,left,0.0
baseline,720575940613920159,left,0.0
baseline,720575940613929670,right,0.0
baseline,720575940613939090,left,0.0
baseline,720575940613941042,right,0.0
baseline,720575940613954769,right,0.0
baseline,720575940613955039,left,0.0
baseline,720575940613961403,left,0.0
baseline,720575940613975455,left,0.0
baseline,720575940613977041,right,0.0
baseline,720575940613978892,left,0.0
baseline,720575940613987635,right,0.0
baseline,720575940613987730,right,0.0
baseline,720575940614008785,right,0.0
baseline,720575940614010419,right,0.0
baseline,720575940614027059,right,0.0
baseline,720575940614027074,left,0.0
baseline,720575940614033932,left,0.0
baseline,720575940614036019,right,0.0
baseline,720575940614037811,right,0.0
baseline,720575940614109506,left,0.0
baseline,720575940614115515,right,0.0
baseline,720575940614121147,right,0.0
baseline,720575940614130482,left,0.0
baseline,720575940614131131,right,0.0
baseline,720575940614132667,right,0.0
baseline,720575940614143942,left,0.0
baseline,720575940614148283,right,0.0
baseline,720575940614176927,left,0.0
baseline,720575940614180714,left,0.0
baseline,720575940614183218,left,0.0
baseline,720575940614183786,left,0.0
baseline,720575940614184204,left,0.0
baseline,720575940614186602,right,0.0
baseline,720575940614199914,right,0.0
baseline,720575940614200426,right,0.0
baseline,720575940614203916,left,0.0
baseline,720575940614207850,right,0.0
baseline,720575940614218346,left,0.0
baseline,720575940614219370,left,0.0
baseline,720575940614224490,right,0.0
baseline,720575940614229159,right,0.0
baseline,720575940614229415,right,0.0
baseline,720575940614229758,right,0.0
baseline,720575940614240766,right,0.0
baseline,720575940614248446,left,0.0
baseline,720575940614251670,right,0.0
baseline,720575940614252967,left,0.0
baseline,720575940614263719,left,0.0
baseline,720575940614281214,left,0.0
baseline,720575940614282238,right,0.0
baseline,720575940614283006,right,0.0
baseline,720575940614285254,left,0.0
baseline,720575940614304012,left,0.0
baseline,720575940614306814,right,0.0
baseline,720575940614308002,left,0.0
baseline,720575940614308146,left,0.0
baseline,720575940614311079,left,0.0
baseline,720575940614311842,right,0.0
baseline,720575940614313890,left,0.0
baseline,720575940614313996,right,0.0
baseline,720575940614318482,right,0.0
baseline,720575940614326439,left,0.0
baseline,720575940614327202,right,0.0
baseline,720575940614348394,right,0.0
baseline,720575940614354619,left,0.0
baseline,720575940614371986,left,0.0
baseline,720575940614386738,left,0.0
baseline,720575940614393250,left,0.0
baseline,720575940614404288,left,0.0
baseline,720575940614412946,left,0.0
baseline,720575940614416018,left,0.0
baseline,720575940614418118,right,0.0
baseline,720575940614428722,right,0.0
baseline,720575940614443788,left,0.0
baseline,720575940614447922,right,0.0
baseline,720575940614484626,left,0.0
baseline,720575940614486322,left,0.0
baseline,720575940614486690,right,0.0
baseline,720575940614490018,right,0.0
baseline,720575940614495093,right,0.0
baseline,720575940614495138,right,0.0
baseline,720575940614498060,left,0.0
baseline,720575940614502128,left,0.0
baseline,720575940614522043,left,0.0
baseline,720575940614523871,left,0.0
baseline,720575940614524127,right,0.0
baseline,720575940614533226,left,0.0
baseline,720575940614534367,left,0.0
baseline,720575940614544034,right,0.0
baseline,720575940614549650,left,0.0
baseline,720575940614549906,left,0.0
baseline,720575940614551954,right,0.0
baseline,720575940614562098,left,0.0
baseline,720575940614586418,left,0.0
baseline,720575940614605458,left,0.0
baseline,720575940614606738,right,0.0
baseline,720575940614614203,right,0.0
baseline,720575940614625211,left,0.0
baseline,720575940614635666,left,0.0
baseline,720575940614652818,left,0.0
baseline,720575940614667926,left,0.0
baseline,720575940614674282,left,0.0
baseline,720575940614714518,right,0.0
baseline,720575940614742687,right,0.0
baseline,720575940614744991,right,0.0
baseline,720575940614749883,left,0.0
baseline,720575940614755478,left,0.0
baseline,720575940614761026,left,0.0
baseline,720575940614768278,right,0.0
baseline,720575940614769567,left,0.0
baseline,720575940614770847,right,0.0
baseline,720575940614772383,right,0.0
baseline,720575940614777247,left,0.0
baseline,720575940614778454,right,0.0
baseline,720575940614781546,left,0.0
baseline,720575940614783042,left,0.0
baseline,720575940614784918,left,0.0
baseline,720575940614785130,left,0.0
baseline,720575940614792086,left,0.0
baseline,720575940614793026,left,0.0
baseline,720575940614796354,left,0.0
baseline,720575940614803286,right,0.0
baseline,720575940614811222,right,0.0
baseline,720575940614813526,right,0.0
baseline,720575940614816598,right,0.0
baseline,720575940614822506,right,0.0
baseline,720575940614822742,right,0.0
baseline,720575940614824095,left,0.0
baseline,720575940614825026,left,0.0
baseline,720575940614825622,left,0.0
baseline,720575940614842741,left,0.0
baseline,720575940614845802,right,0.0
baseline,720575940614854294,right,0.0
baseline,720575940614861941,left,0.0
baseline,720575940614861974,right,0.0
baseline,720575940614862230,right,0.0
baseline,720575940614869387,right,0.0
baseline,720575940614871402,left,0.0
baseline,720575940614887830,right,0.0
baseline,720575940614888854,right,0.0
baseline,720575940614890902,right,0.0
baseline,720575940614893930,left,0.0
baseline,720575940614899061,left,0.0
baseline,720575940614899851,right,0.0
baseline,720575940614900886,right,0.0
baseline,720575940614902667,right,0.0
baseline,720575940614909579,right,0.0
baseline,720575940614925963,right,0.0
baseline,720575940614967007,left,0.0
baseline,720575940614969055,left,0.0
baseline,720575940614981087,right,0.0
baseline,720575940614983274,right,0.0
baseline,720575940614984927,left,0.0
baseline,720575940615019231,right,0.0
baseline,720575940615066335,right,0.0
baseline,720575940615068383,left,0.0
baseline,720575940615072373,right,0.0
baseline,720575940615090444,left,0.0
baseline,720575940615094284,left,0.0
baseline,720575940615101452,right,0.0
baseline,720575940615101708,left,0.0
baseline,720575940615113867,left,0.0
baseline,720575940615125307,right,0.0
baseline,720575940615125877,left,0.0
baseline,720575940615133894,left,0.0
baseline,720575940615134918,right,0.0
baseline,720575940615136059,right,0.0
baseline,720575940615147788,right,0.0
baseline,720575940615193100,right,0.0
baseline,720575940615196063,right,0.0
baseline,720575940615219778,right,0.0
baseline,720575940615228502,left,0.0
baseline,720575940615237170,left,0.0
baseline,720575940615243020,right,0.0
baseline,720575940615244082,left,0.0
baseline,720575940615252786,right,0.0
baseline,720575940615255090,right,0.0
baseline,720575940615257942,left,0.0
baseline,720575940615262786,left,0.0
baseline,720575940615263903,right,0.0
baseline,720575940615270559,left,0.0
baseline,720575940615270962,right,0.0
baseline,720575940615274838,left,0.0
baseline,720575940615281291,left,0.0
baseline,720575940615283618,left,0.0
baseline,720575940615289759,right,0.0
baseline,720575940615320076,left,0.0
baseline,720575940615323990,right,0.0
baseline,720575940615332418,left,0.0
baseline,720575940615332674,left,0.0
baseline,720575940615344315,right,0.0
baseline,720575940615345339,left,0.0
baseline,720575940615346363,right,0.0
baseline,720575940615356347,right,0.0
baseline,720575940615358038,left,0.0
baseline,720575940615373398,right,0.0
baseline,720575940615386324,right,0.0
baseline,720575940615395414,left,0.0
baseline,720575940615401433,right,0.0
baseline,720575940615405378,left,0.0
baseline,720575940615409625,right,0.0
baseline,720575940615447764,right,0.0
baseline,720575940615448793,right,0.0
baseline,720575940615456985,right,0.0
baseline,720575940615465433,right,0.0
baseline,720575940615476667,right,0.0
baseline,720575940615481489,right,0.0
baseline,720575940615507641,right,0.0
baseline,720575940615520086,left,0.0
baseline,720575940615527995,left,0.0
baseline,720575940615528251,left,0.0
baseline,720575940615539385,right,0.0
baseline,720575940615543995,left,0.0
baseline,720575940615544249,right,0.0
baseline,720575940615569723,right,0.0
baseline,720575940615571601,right,0.0
baseline,720575940615577542,left,0.0
baseline,720575940615604363,left,0.0
baseline,720575940615608123,right,0.0
baseline,720575940615638540,left,0.0
baseline,720575940615651014,right,0.0
baseline,720575940615671494,right,0.0
baseline,720575940615696070,right,0.0
baseline,720575940615713292,left,0.0
baseline,720575940615714060,right,0.0
baseline,720575940615717009,left,0.0
baseline,720575940615728102,right,0.0
baseline,720575940615737531,right,0.0
baseline,720575940615754613,left,0.0
baseline,720575940615755921,left,0.0
baseline,720575940615764422,right,0.0
baseline,720575940615768693,right,0.0
baseline,720575940615780353,right,0.0
baseline,720575940615783837,right,0.0
baseline,720575940615785228,right,0.0
baseline,720575940615798540,right,0.0
baseline,720575940615800076,left,0.0
baseline,720575940615816754,right,0.0
baseline,720575940615830877,left,0.0
baseline,720575940615832577,right,0.0
baseline,720575940615838662,right,0.0
baseline,720575940615839174,left,0.0
baseline,720575940615839581,left,0.0
baseline,720575940615846237,left,0.0
baseline,720575940615847005,left,0.0
baseline,720575940615858644,left,0.0
baseline,720575940615859385,left,0.0
baseline,720575940615868102,left,0.0
baseline,720575940615876294,right,0.0
baseline,720575940615885661,left,0.0
baseline,720575940615892966,left,0.0
baseline,720575940615894173,right,0.0
baseline,720575940615895858,left,0.0
baseline,720575940615896989,right,0.0
baseline,720575940615897245,right,0.0
baseline,720575940615897501,right,0.0
baseline,720575940615901597,right,0.0
baseline,720575940615903121,left,0.0
baseline,720575940615904145,left,0.0
baseline,720575940615907997,right,0.0
baseline,720575940615910228,right,0.0
baseline,720575940615914982,left,0.0
baseline,720575940615927197,right,0.0
baseline,720575940615931293,right,0.0
baseline,720575940615957433,left,0.0
baseline,720575940615959252,left,0.0
baseline,720575940615961684,right,0.0
baseline,720575940615962043,left,0.0
baseline,720575940615964884,right,0.0
baseline,720575940615965140,right,0.0
baseline,720575940615974493,right,0.0
baseline,720575940615975227,right,0.0
baseline,720575940615978802,left,0.0
baseline,720575940615980338,left,0.0
baseline,720575940615980850,left,0.0
baseline,720575940616008309,left,0.0
baseline,720575940616009729,left,0.0
baseline,720575940616023225,left,0.0
baseline,720575940616028390,left,0.0
baseline,720575940616041913,right,0.0
baseline,720575940616044850,right,0.0
baseline,720575940616052625,right,0.0
baseline,720575940616068539,left,0.0
baseline,720575940616072665,left,0.0
baseline,720575940616076761,right,0.0
baseline,720575940616087323,right,0.0
baseline,720575940616089995,left,0.0
baseline,720575940616092603,left,0.0
baseline,720575940616095517,right,0.0
baseline,720575940616097163,right,0.0
baseline,720575940616105302,right,0.0
baseline,720575940616109398,right,0.0
baseline,720575940616121501,left,0.0
baseline,720575940616128669,left,0.0
baseline,720575940616134630,left,0.0
baseline,720575940616139606,left,0.0
baseline,720575940616162373,right,0.0
baseline,720575940616187649,left,0.0
baseline,720575940616189509,right,0.0
baseline,720575940616208965,right,0.0
baseline,720575940616222438,right,0.0
baseline,720575940616229410,left,0.0
baseline,720575940616235810,left,0.0
baseline,720575940616245365,right,0.0
baseline,720575940616260825,left,0.0
baseline,720575940616264148,left,0.0
baseline,720575940616270453,left,0.0
baseline,720575940616284955,left,0.0
baseline,720575940616295069,left,0.0
baseline,720575940616305181,left,0.0
baseline,720575940616306210,right,0.0
baseline,720575940616308597,right,0.0
baseline,720575940616309563,left,0.0
baseline,720575940616343611,left,0.0
baseline,720575940616345403,right,0.0
baseline,720575940616347916,left,0.0
baseline,720575940616349755,left,0.0
baseline,720575940616350011,right,0.0
baseline,720575940616358459,left,0.0
baseline,720575940616358715,left,0.0
baseline,720575940616368245,left,0.0
baseline,720575940616402260,left,0.0
baseline,720575940616417364,left,0.0
baseline,720575940616426869,left,0.0
baseline,720575940616428917,left,0.0
baseline,720575940616438085,left,0.0
baseline,720575940616440098,right,0.0
baseline,720575940616442369,left,0.0
baseline,720575940616460322,left,0.0
baseline,720575940616474395,left,0.0
baseline,720575940616475717,left,0.0
baseline,720575940616490326,left,0.0
baseline,720575940616502017,left,0.0
baseline,720575940616539419,left,0.0
baseline,720575940616547648,right,0.0
baseline,720575940616547904,right,0.0
baseline,720575940616560541,left,0.0
baseline,720575940616569227,right,0.0
baseline,720575940616578390,left,0.0
baseline,720575940616578646,right,0.0
baseline,720575940616580182,left,0.0
baseline,720575940616588374,left,0.0
baseline,720575940616588608,right,0.0
baseline,720575940616588683,right,0.0
baseline,720575940616589142,left,0.0
baseline,720575940616589888,right,0.0
baseline,720575940616598555,left,0.0
baseline,720575940616616075,right,0.0
baseline,720575940616627851,left,0.0
baseline,720575940616646873,left,0.0
baseline,720575940616647990,right,0.0
baseline,720575940616649433,left,0.0
baseline,720575940616650201,left,0.0
baseline,720575940616654166,left,0.0
baseline,720575940616663769,left,0.0
baseline,720575940616672822,right,0.0
baseline,720575940616673497,left,0.0
baseline,720575940616675638,right,0.0
baseline,720575940616677661,right,0.0
baseline,720575940616701657,left,0.0
baseline,720575940616702262,right,0.0
baseline,720575940616707421,left,0.0
baseline,720575940616707668,left,0.0
baseline,720575940616711254,left,0.0
baseline,720575940616723549,right,0.0
baseline,720575940616746123,right,0.0
baseline,720575940616746891,left,0.0
baseline,720575940616748827,left,0.0
baseline,720575940616750363,left,0.0
baseline,720575940616781241,right,0.0
baseline,720575940616786065,left,0.0
baseline,720575940616786833,left,0.0
baseline,720575940616788409,left,0.0
baseline,720575940616790713,left,0.0
baseline,720575940616798784,left,0.0
baseline,720575940616804753,left,0.0
baseline,720575940616821393,right,0.0
baseline,720575940616826001,left,0.0
baseline,720575940616836421,left,0.0
baseline,720575940616848192,right,0.0
baseline,720575940616852763,left,0.0
baseline,720575940616859259,right,0.0
baseline,720575940616860318,right,0.0
baseline,720575940616878238,right,0.0
baseline,720575940616885298,right,0.0
baseline,720575940616887611,left,0.0
baseline,720575940616887966,right,0.0
baseline,720575940616902213,left,0.0
baseline,720575940616902374,left,0.0
baseline,720575940616902630,left,0.0
baseline,720575940616910310,right,0.0
baseline,720575940616910822,left,0.0
baseline,720575940616911262,right,0.0
baseline,720575940616913822,right,0.0
baseline,720575940616915686,left,0.0
baseline,720575940616924902,left,0.0
baseline,720575940616929766,left,0.0
baseline,720575940616930629,left,0.0
baseline,720575940616955229,right,0.0
baseline,720575940616964766,right,0.0
baseline,720575940617010240,left,0.0
baseline,720575940617010900,left,0.0
baseline,720575940617015750,left,0.0
baseline,720575940617021441,right,0.0
baseline,720575940617024769,left,0.0
baseline,720575940617026305,left,0.0
baseline,720575940617034753,right,0.0
baseline,720575940617035521,left,0.0
baseline,720575940617036352,left,0.0
baseline,720575940617036729,right,0.0
baseline,720575940617038337,left,0.0
baseline,720575940617038849,left,0.0
baseline,720575940617043713,left,0.0
baseline,720575940617071321,right,0.0
baseline,720575940617077405,right,0.0
baseline,720575940617079257,right,0.0
baseline,720575940617090082,right,0.0
baseline,720575940617093533,right,0.0
baseline,720575940617112123,left,0.0
baseline,720575940617118016,right,0.0
baseline,720575940617137881,left,0.0
baseline,720575940617143966,left,0.0
baseline,720575940617150878,left,0.0
baseline,720575940617165661,left,0.0
baseline,720575940617166749,right,0.0
baseline,720575940617168345,left,0.0
baseline,720575940617172573,left,0.0
baseline,720575940617174365,left,0.0
baseline,720575940617175413,left,0.0
baseline,720575940617176413,right,0.0
baseline,720575940617178717,left,0.0
baseline,720575940617201113,right,0.0
baseline,720575940617201501,left,0.0
baseline,720575940617221403,left,0.0
baseline,720575940617225083,left,0.0
baseline,720575940617228315,left,0.0
baseline,720575940617238457,right,0.0
baseline,720575940617249108,right,0.0
baseline,720575940617249364,left,0.0
baseline,720575940617249629,right,0.0
baseline,720575940617266833,left,0.0
baseline,720575940617293201,right,0.0
baseline,720575940617293268,right,0.0
baseline,720575940617293396,left,0.0
baseline,720575940617313846,left,0.0
baseline,720575940617317305,left,0.0
baseline,720575940617321243,right,0.0
baseline,720575940617324433,left,0.0
baseline,720575940617328477,left,0.0
baseline,720575940617334228,left,0.0
baseline,720575940617334430,left,0.0
baseline,720575940617341597,left,0.0
baseline,720575940617351057,left,0.0
baseline,720575940617363156,left,0.0
baseline,720575940617366969,left,0.0
baseline,720575940617368532,left,0.0
baseline,720575940617369017,left,0.0
baseline,720575940617370324,left,0.0
baseline,720575940617370909,right,0.0
baseline,720575940617372957,left,0.0
baseline,720575940617374262,left,0.0
baseline,720575940617376980,left,0.0
baseline,720575940617380241,left,0.0
baseline,720575940617386708,right,0.0
baseline,720575940617390036,right,0.0
baseline,720575940617395412,right,0.0
baseline,720575940617410205,right,0.0
baseline,720575940617410705,left,0.0
baseline,720575940617411451,left,0.0
baseline,720575940617427713,right,0.0
baseline,720575940617436305,right,0.0
baseline,720575940617438865,right,0.0
baseline,720575940617444219,left,0.0
baseline,720575940617452689,right,0.0
baseline,720575940617453457,left,0.0
baseline,720575940617456614,left,0.0
baseline,720575940617456798,right,0.0
baseline,720575940617473051,right,0.0
baseline,720575940617473748,right,0.0
baseline,720575940617474629,right,0.0
baseline,720575940617478427,right,0.0
baseline,720575940617478961,left,0.0
baseline,720575940617480934,left,0.0
baseline,720575940617485083,left,0.0
baseline,720575940617492805,right,0.0
baseline,720575940617493222,left,0.0
baseline,720575940617497925,left,0.0
baseline,720575940617503974,left,0.0
baseline,720575940617514726,right,0.0
baseline,720575940617516760,right,0.0
baseline,720575940617529318,right,0.0
baseline,720575940617534235,left,0.0
baseline,720575940617534438,left,0.0
baseline,720575940617540838,left,0.0
baseline,720575940617567390,left,0.0
baseline,720575940617576422,right,0.0
baseline,720575940617598182,left,0.0
baseline,720575940617605154,right,0.0
baseline,720575940617612578,right,0.0
baseline,720575940617615846,left,0.0
baseline,720575940617623632,left,0.0
baseline,720575940617628962,right,0.0
baseline,720575940617648507,left,0.0
baseline,720575940617649969,right,0.0
baseline,720575940617650481,right,0.0
baseline,720575940617650722,right,0.0
baseline,720575940617672139,right,0.0
baseline,720575940617677784,left,0.0
baseline,720575940617687330,left,0.0
baseline,720575940617692962,left,0.0
baseline,720575940617696769,left,0.0
baseline,720575940617708747,right,0.0
baseline,720575940617713206,left,0.0
baseline,720575940617717917,left,0.0
baseline,720575940617727435,right,0.0
baseline,720575940617734603,right,0.0
baseline,720575940617750173,right,0.0
baseline,720575940617756450,right,0.0
baseline,720575940617766228,right,0.0
baseline,720575940617769217,right,0.0
baseline,720575940617771421,left,0.0
baseline,720575940617771521,right,0.0
baseline,720575940617792596,left,0.0
baseline,720575940617795073,left,0.0
baseline,720575940617807517,right,0.0
baseline,720575940617811540,right,0.0
baseline,720575940617814429,right,0.0
baseline,720575940617820929,left,0.0
baseline,720575940617825344,left,0.0
baseline,720575940617834560,right,0.0
baseline,720575940617845076,right,0.0
baseline,720575940617849920,right,0.0
baseline,720575940617853524,left,0.0
baseline,720575940617854036,left,0.0
baseline,720575940617855133,right,0.0
baseline,720575940617856340,right,0.0
baseline,720575940617857053,right,0.0
baseline,720575940617865117,left,0.0
baseline,720575940617865280,right,0.0
baseline,720575940617866048,right,0.0
baseline,720575940617871680,left,0.0
baseline,720575940617873728,left,0.0
baseline,720575940617873984,right,0.0
baseline,720575940617874205,left,0.0
baseline,720575940617876048,right,0.0
baseline,720575940617876288,left,0.0
baseline,720575940617877720,left,0.0
baseline,720575940617878080,right,0.0
baseline,720575940617893461,right,0.0
baseline,720575940617899403,left,0.0
baseline,720575940617902676,right,0.0
baseline,720575940617908820,right,0.0
baseline,720575940617911104,left,0.0
baseline,720575940617911360,right,0.0
baseline,720575940617922870,left,0.0
baseline,720575940617924432,right,0.0
baseline,720575940617926198,right,0.0
baseline,720575940617931547,left,0.0
baseline,720575940617937181,right,0.0
baseline,720575940617937437,right,0.0
baseline,720575940617940048,right,0.0
baseline,720575940617940304,right,0.0
baseline,720575940617941046,right,0.0
baseline,720575940617942326,left,0.0
baseline,720575940617954075,left,0.0
baseline,720575940617957915,left,0.0
baseline,720575940617957937,left,0.0
baseline,720575940617959729,left,0.0
baseline,720575940617963480,right,0.0
baseline,720575940617972253,left,0.0
baseline,720575940617973021,right,0.0
baseline,720575940617982800,right,0.0
baseline,720575940617989076,right,0.0
baseline,720575940618015773,right,0.0
baseline,720575940618021147,left,0.0
baseline,720575940618036509,right,0.0
baseline,720575940618036765,left,0.0
baseline,720575940618075733,left,0.0
baseline,720575940618106437,left,0.0
baseline,720575940618110021,left,0.0
baseline,720575940618112459,left,0.0
baseline,720575940618125893,left,0.0
baseline,720575940618131505,right,0.0
baseline,720575940618132184,left,0.0
baseline,720575940618133072,left,0.0
baseline,720575940618148406,right,0.0
baseline,720575940618150736,left,0.0
baseline,720575940618158160,left,0.0
baseline,720575940618163013,left,0.0
baseline,720575940618181445,left,0.0
baseline,720575940618182535,right,0.0
baseline,720575940618182981,right,0.0
baseline,720575940618183559,right,0.0
baseline,720575940618184839,right,0.0
baseline,720575940618185296,left,0.0
baseline,720575940618190160,left,0.0
baseline,720575940618190238,right,0.0
baseline,720575940618194708,right,0.0
baseline,720575940618198721,right,0.0
baseline,720575940618201620,right,0.0
baseline,720575940618203783,right,0.0
baseline,720575940618210251,right,0.0
baseline,720575940618211742,left,0.0
baseline,720575940618223518,left,0.0
baseline,720575940618224709,right,0.0
baseline,720575940618225566,left,0.0
baseline,720575940618226085,right,0.0
baseline,720575940618226245,right,0.0
baseline,720575940618245569,right,0.0
baseline,720575940618258742,right,0.0
baseline,720575940618266491,right,0.0
baseline,720575940618266747,right,0.0
baseline,720575940618266900,right,0.0
baseline,720575940618277681,left,0.0
baseline,720575940618292785,left,0.0
baseline,720575940618292939,right,0.0
baseline,720575940618293589,left,0.0
baseline,720575940618294853,left,0.0
baseline,720575940618299712,right,0.0
baseline,720575940618306112,right,0.0
baseline,720575940618306718,left,0.0
baseline,720575940618326292,right,0.0
baseline,720575940618334145,right,0.0
baseline,720575940618337300,right,0.0
baseline,720575940618337985,right,0.0
baseline,720575940618339777,right,0.0
baseline,720575940618341952,right,0.0
baseline,720575940618349703,left,0.0
baseline,720575940618353186,left,0.0
baseline,720575940618359745,right,0.0
baseline,720575940618371777,right,0.0
baseline,720575940618376327,left,0.0
baseline,720575940618379723,left,0.0
baseline,720575940618394453,right,0.0
baseline,720575940618396399,right,0.0
baseline,720575940618400459,left,0.0
baseline,720575940618407589,left,0.0
baseline,720575940618418085,left,0.0
baseline,720575940618419776,right,0.0
baseline,720575940618422592,right,0.0
baseline,720575940618425246,left,0.0
baseline,720575940618427712,left,0.0
baseline,720575940618436672,right,0.0
baseline,720575940618464379,left,0.0
baseline,720575940618469725,left,0.0
baseline,720575940618470383,right,0.0
baseline,720575940618473808,left,0.0
baseline,720575940618492224,left,0.0
baseline,720575940618497216,right,0.0
baseline,720575940618506155,right,0.0
baseline,720575940618510868,left,0.0
baseline,720575940618517440,right,0.0
baseline,720575940618526912,right,0.0
baseline,720575940618529044,left,0.0
baseline,720575940618531099,left,0.0
baseline,720575940618544367,right,0.0
baseline,720575940618544623,right,0.0
baseline,720575940618545903,right,0.0
baseline,720575940618547280,right,0.0
baseline,720575940618548975,right,0.0
baseline,720575940618565313,left,0.0
baseline,720575940618572422,right,0.0
baseline,720575940618586459,right,0.0
baseline,720575940618592390,right,0.0
baseline,720575940618606160,left,0.0
baseline,720575940618612928,left,0.0
baseline,720575940618627207,right,0.0
baseline,720575940618630193,left,0.0
baseline,720575940618657334,right,0.0
baseline,720575940618657950,right,0.0
baseline,720575940618659998,left,0.0
baseline,720575940618662939,right,0.0
baseline,720575940618667143,right,0.0
baseline,720575940618671495,right,0.0
baseline,720575940618671751,right,0.0
baseline,720575940618678548,left,0.0
baseline,720575940618683328,left,0.0
baseline,720575940618691742,right,0.0
baseline,720575940618696896,left,0.0
baseline,720575940618700573,left,0.0
baseline,720575940618707183,left,0.0
baseline,720575940618714351,left,0.0
baseline,720575940618722475,left,0.0
baseline,720575940618731934,left,0.0
baseline,720575940618739621,right,0.0
baseline,720575940618746747,right,0.0
baseline,720575940618756987,left,0.0
baseline,720575940618758178,right,0.0
baseline,720575940618765528,right,0.0
baseline,720575940618770230,right,0.0
baseline,720575940618776833,right,0.0
baseline,720575940618779118,right,0.0
baseline,720575940618790966,left,0.0
baseline,720575940618817182,right,0.0
baseline,720575940618830459,left,0.0
baseline,720575940618839942,left,0.0
baseline,720575940618841910,right,0.0
baseline,720575940618844353,right,0.0
baseline,720575940618844465,left,0.0
baseline,720575940618846001,right,0.0
baseline,720575940618849841,right,0.0
baseline,720575940618861504,left,0.0
baseline,720575940618868273,left,0.0
baseline,720575940618869406,left,0.0
baseline,720575940618873723,right,0.0
baseline,720575940618875819,left,0.0
baseline,720575940618876062,right,0.0
baseline,720575940618876075,left,0.0
baseline,720575940618886336,left,0.0
baseline,720575940618887151,left,0.0
baseline,720575940618889387,left,0.0
baseline,720575940618894246,right,0.0
baseline,720575940618894528,left,0.0
baseline,720575940618903931,left,0.0
baseline,720575940618904229,left,0.0
baseline,720575940618905766,right,0.0
baseline,720575940618924965,left,0.0
baseline,720575940618926319,left,0.0
baseline,720575940618963950,left,0.0
baseline,720575940618975936,left,0.0
baseline,720575940618980299,right,0.0
baseline,720575940618989421,right,0.0
baseline,720575940618992449,right,0.0
baseline,720575940618992749,right,0.0
baseline,720575940618994880,right,0.0
baseline,720575940618997297,right,0.0
baseline,720575940619003051,left,0.0
baseline,720575940619008192,left,0.0
baseline,720575940619010251,left,0.0
baseline,720575940619021958,left,0.0
baseline,720575940619026241,right,0.0
baseline,720575940619028289,right,0.0
baseline,720575940619031572,left,0.0
baseline,720575940619036911,right,0.0
baseline,720575940619038061,right,0.0
baseline,720575940619041133,right,0.0
baseline,720575940619054027,right,0.0
baseline,720575940619055969,right,0.0
baseline,720575940619060321,right,0.0
baseline,720575940619077217,right,0.0
baseline,720575940619078592,right,0.0
baseline,720575940619090529,right,0.0
baseline,720575940619090785,right,0.0
baseline,720575940619105190,left,0.0
baseline,720575940619112102,left,0.0
baseline,720575940619115845,right,0.0
baseline,720575940619119782,left,0.0
baseline,720575940619143590,left,0.0
baseline,720575940619146837,left,0.0
baseline,720575940619147349,right,0.0
baseline,720575940619148117,left,0.0
baseline,720575940619152110,left,0.0
baseline,720575940619153749,left,0.0
baseline,720575940619154891,right,0.0
baseline,720575940619155029,right,0.0
baseline,720575940619155182,left,0.0
baseline,720575940619155541,left,0.0
baseline,720575940619156565,right,0.0
baseline,720575940619197899,left,0.0
baseline,720575940619205103,left,0.0
baseline,720575940619205229,left,0.0
baseline,720575940619221569,left,0.0
baseline,720575940619226607,left,0.0
baseline,720575940619229037,left,0.0
baseline,720575940619229761,left,0.0
baseline,720575940619242081,left,0.0
baseline,720575940619245121,left,0.0
baseline,720575940619245648,left,0.0
baseline,720575940619247713,left,0.0
baseline,720575940619249318,left,0.0
baseline,720575940619250785,left,0.0
baseline,720575940619254448,right,0.0
baseline,720575940619259374,left,0.0
baseline,720575940619259477,right,0.0
baseline,720575940619259886,left,0.0
baseline,720575940619260737,left,0.0
baseline,720575940619271384,right,0.0
baseline,720575940619272920,left,0.0
baseline,720575940619274456,left,0.0
baseline,720575940619297073,left,0.0
baseline,720575940619298865,left,0.0
baseline,720575940619305808,right,0.0
baseline,720575940619311286,left,0.0
baseline,720575940619319512,left,0.0
baseline,720575940619336942,right,0.0
baseline,720575940619353766,left,0.0
baseline,720575940619354417,left,0.0
baseline,720575940619355185,left,0.0
baseline,720575940619357275,left,0.0
baseline,720575940619358001,left,0.0
baseline,720575940619358257,right,0.0
baseline,720575940619369198,right,0.0
baseline,720575940619375701,right,0.0
baseline,720575940619382833,left,0.0
baseline,720575940619382875,right,0.0
baseline,720575940619404214,right,0.0
baseline,720575940619404982,right,0.0
baseline,720575940619412596,right,0.0
baseline,720575940619414132,right,0.0
baseline,720575940619421505,left,0.0
baseline,720575940619423398,left,0.0
baseline,720575940619430326,right,0.0
baseline,720575940619434887,right,0.0
baseline,720575940619435399,right,0.0
baseline,720575940619439792,left,0.0
baseline,720575940619443376,left,0.0
baseline,720575940619444139,right,0.0
baseline,720575940619463088,left,0.0
baseline,720575940619465904,left,0.0
baseline,720575940619466416,left,0.0
baseline,720575940619472225,left,0.0
baseline,720575940619475376,left,0.0
baseline,720575940619477809,left,0.0
baseline,720575940619487414,right,0.0
baseline,720575940619495664,right,0.0
baseline,720575940619509744,right,0.0
baseline,720575940619509925,left,0.0
baseline,720575940619511206,left,0.0
baseline,720575940619516144,right,0.0
baseline,720575940619519909,right,0.0
baseline,720575940619527845,left,0.0
baseline,720575940619535563,right,0.0
baseline,720575940619556437,right,0.0
baseline,720575940619587009,right,0.0
baseline,720575940619597761,right,0.0
baseline,720575940619599213,left,0.0
baseline,720575940619604134,left,0.0
baseline,720575940619616193,left,0.0
baseline,720575940619630207,right,0.0
baseline,720575940619637845,left,0.0
baseline,720575940619640149,left,0.0
baseline,720575940619649109,left,0.0
baseline,720575940619651019,right,0.0
baseline,720575940619652555,right,0.0
baseline,720575940619658433,right,0.0
baseline,720575940619659969,left,0.0
baseline,720575940619665023,right,0.0
baseline,720575940619667041,left,0.0
baseline,720575940619668053,right,0.0
baseline,720575940619668212,right,0.0
baseline,720575940619668577,left,0.0
baseline,720575940619672656,right,0.0
baseline,720575940619673936,right,0.0
baseline,720575940619682625,right,0.0
baseline,720575940619684299,left,0.0
baseline,720575940619684688,right,0.0
baseline,720575940619693003,right,0.0
baseline,720575940619695553,right,0.0
baseline,720575940619695809,right,0.0
baseline,720575940619695860,right,0.0
baseline,720575940619696660,left,0.0
baseline,720575940619701631,right,0.0
baseline,720575940619704656,left,0.0
baseline,720575940619705983,right,0.0
baseline,720575940619713200,right,0.0
baseline,720575940619722576,right,0.0
baseline,720575940619723088,right,0.0
baseline,720575940619723979,left,0.0
baseline,720575940619731392,right,0.0
baseline,720575940619734720,left,0.0
baseline,720575940619742144,left,0.0
baseline,720575940619742656,right,0.0
baseline,720575940619743680,left,0.0
baseline,720575940619744960,right,0.0
baseline,720575940619754734,left,0.0
baseline,720575940619756148,left,0.0
baseline,720575940619766613,left,0.0
baseline,720575940619769008,right,0.0
baseline,720575940619770228,left,0.0
baseline,720575940619777520,left,0.0
baseline,720575940619778645,right,0.0
baseline,720575940619781620,right,0.0
baseline,720575940619793012,left,0.0
baseline,720575940619794512,right,0.0
baseline,720575940619795883,right,0.0
baseline,720575940619802539,right,0.0
baseline,720575940619808756,right,0.0
baseline,720575940619809263,left,0.0
baseline,720575940619813637,right,0.0
baseline,720575940619825237,left,0.0
baseline,720575940619828359,right,0.0
baseline,720575940619834965,right,0.0
baseline,720575940619835733,left,0.0
baseline,720575940619842580,right,0.0
baseline,720575940619855696,left,0.0
baseline,720575940619856822,left,0.0
baseline,720575940619863174,right,0.0
baseline,720575940619864912,right,0.0
baseline,720575940619866657,right,0.0
baseline,720575940619872372,right,0.0
baseline,720575940619876702,right,0.0
baseline,720575940619895329,right,0.0
baseline,720575940619896581,right,0.0
baseline,720575940619897734,right,0.0
baseline,720575940619898759,left,0.0
baseline,720575940619899527,left,0.0
baseline,720575940619901063,left,0.0
baseline,720575940619902343,left,0.0
baseline,720575940619906987,left,0.0
baseline,720575940619916720,left,0.0
baseline,720575940619936639,left,0.0
baseline,720575940619937718,right,0.0
baseline,720575940619938998,right,0.0
baseline,720575940619942320,left,0.0
baseline,720575940619949040,left,0.0
baseline,720575940619954091,right,0.0
baseline,720575940619960926,right,0.0
baseline,720575940619964916,left,0.0
baseline,720575940619965684,left,0.0
baseline,720575940619967879,right,0.0
baseline,720575940619968647,left,0.0
baseline,720575940619970586,right,0.0
baseline,720575940619971009,left,0.0
baseline,720575940619974689,right,0.0
baseline,720575940619977566,right,0.0
baseline,720575940619978266,right,0.0
baseline,720575940619985140,left,0.0
baseline,720575940619994759,right,0.0
baseline,720575940619995418,right,0.0
baseline,720575940620002036,left,0.0
baseline,720575940620004129,right,0.0
baseline,720575940620007457,right,0.0
baseline,720575940620012321,right,0.0
baseline,720575940620020257,right,0.0
baseline,720575940620020769,right,0.0
baseline,720575940620029575,left,0.0
baseline,720575940620036385,right,0.0
baseline,720575940620039589,right,0.0
baseline,720575940620039956,right,0.0
baseline,720575940620041125,right,0.0
baseline,720575940620042375,right,0.0
baseline,720575940620045061,left,0.0
baseline,720575940620051580,right,0.0
baseline,720575940620054277,left,0.0
baseline,720575940620055790,right,0.0
baseline,720575940620058236,right,0.0
baseline,720575940620058350,left,0.0
baseline,720575940620059045,right,0.0
baseline,720575940620073606,right,0.0
baseline,720575940620079856,right,0.0
baseline,720575940620109191,right,0.0
baseline,720575940620124028,right,0.0
baseline,720575940620126076,right,0.0
baseline,720575940620143525,right,0.0
baseline,720575940620153876,right,0.0
baseline,720575940620154206,left,0.0
baseline,720575940620156692,left,0.0
baseline,720575940620172272,left,0.0
baseline,720575940620172397,right,0.0
baseline,720575940620176237,right,0.0
baseline,720575940620177517,left,0.0
baseline,720575940620179309,left,0.0
baseline,720575940620179821,right,0.0
baseline,720575940620182399,left,0.0
baseline,720575940620187305,right,0.0
baseline,720575940620196336,left,0.0
baseline,720575940620197658,left,0.0
baseline,720575940620200709,left,0.0
baseline,720575940620205951,right,0.0
baseline,720575940620210854,left,0.0
baseline,720575940620210857,right,0.0
baseline,720575940620211622,right,0.0
baseline,720575940620223398,right,0.0
baseline,720575940620225264,left,0.0
baseline,720575940620226470,left,0.0
baseline,720575940620226729,right,0.0
baseline,720575940620227617,left,0.0
baseline,720575940620229729,left,0.0
baseline,720575940620230497,right,0.0
baseline,720575940620232363,right,0.0
baseline,720575940620235968,right,0.0
baseline,720575940620236270,left,0.0
baseline,720575940620263233,left,0.0
baseline,720575940620268123,left,0.0
baseline,720575940620272064,right,0.0
baseline,720575940620272832,right,0.0
baseline,720575940620273023,right,0.0
baseline,720575940620273279,left,0.0
baseline,720575940620273344,left,0.0
baseline,720575940620274497,right,0.0
baseline,720575940620276801,right,0.0
baseline,720575940620282758,right,0.0
baseline,720575940620283227,left,0.0
baseline,720575940620286558,left,0.0
baseline,720575940620303040,right,0.0
baseline,720575940620305499,left,0.0
baseline,720575940620305502,left,0.0
baseline,720575940620307806,left,0.0
baseline,720575940620310625,right,0.0
baseline,720575940620311430,left,0.0
baseline,720575940620316766,left,0.0
baseline,720575940620320380,left,0.0
baseline,720575940620326336,left,0.0
baseline,720575940620329152,left,0.0
baseline,720575940620333958,right,0.0
baseline,720575940620342768,left,0.0
baseline,720575940620344837,right,0.0
baseline,720575940620347329,left,0.0
baseline,720575940620349376,left,0.0
baseline,720575940620349564,left,0.0
baseline,720575940620349632,left,0.0
baseline,720575940620351838,right,0.0
baseline,720575940620354241,right,0.0
baseline,720575940620354849,right,0.0
baseline,720575940620355009,right,0.0
baseline,720575940620355934,left,0.0
baseline,720575940620356800,right,0.0
baseline,720575940620363691,right,0.0
baseline,720575940620363885,left,0.0
baseline,720575940620373697,left,0.0
baseline,720575940620378246,left,0.0
baseline,720575940620378657,left,0.0
baseline,720575940620382317,left,0.0
baseline,720575940620382854,left,0.0
baseline,720575940620393643,right,0.0
baseline,720575940620403649,right,0.0
baseline,720575940620407628,right,0.0
baseline,720575940620410606,right,0.0
baseline,720575940620411841,right,0.0
baseline,720575940620413355,right,0.0
baseline,720575940620418774,right,0.0
baseline,720575940620420129,left,0.0
baseline,720575940620422494,right,0.0
baseline,720575940620424641,right,0.0
baseline,720575940620425310,right,0.0
baseline,720575940620429317,left,0.0
baseline,720575940620434671,right,0.0
baseline,720575940620436395,left,0.0
baseline,720575940620440558,left,0.0
baseline,720575940620440559,left,0.0
baseline,720575940620442817,right,0.0
baseline,720575940620442885,left,0.0
baseline,720575940620451916,right,0.0
baseline,720575940620454849,left,0.0
baseline,720575940620457904,right,0.0
baseline,720575940620460108,right,0.0
baseline,720575940620463536,left,0.0
baseline,720575940620464204,right,0.0
baseline,720575940620465996,right,0.0
baseline,720575940620467836,left,0.0
baseline,720575940620469742,right,0.0
baseline,720575940620472046,left,0.0
baseline,720575940620474582,right,0.0
baseline,720575940620475630,left,0.0
baseline,720575940620495484,left,0.0
baseline,720575940620495830,right,0.0
baseline,720575940620500417,right,0.0
baseline,720575940620507862,right,0.0
baseline,720575940620520513,right,0.0
baseline,720575940620521754,right,0.0
baseline,720575940620530812,left,0.0
baseline,720575940620537071,right,0.0
baseline,720575940620537839,left,0.0
baseline,720575940620544182,left,0.0
baseline,720575940620551901,right,0.0
baseline,720575940620567661,left,0.0
baseline,720575940620572125,right,0.0
baseline,720575940620576494,right,0.0
baseline,720575940620577652,right,0.0
baseline,720575940620578269,right,0.0
baseline,720575940620588653,right,0.0
baseline,720575940620589677,left,0.0
baseline,720575940620591273,left,0.0
baseline,720575940620594415,left,0.0
baseline,720575940620600700,right,0.0
baseline,720575940620603245,right,0.0
baseline,720575940620607982,right,0.0
baseline,720575940620608238,right,0.0
baseline,720575940620611822,left,0.0
baseline,720575940620612590,left,0.0
baseline,720575940620623201,left,0.0
baseline,720575940620623725,left,0.0
baseline,720575940620649084,right,0.0
baseline,720575940620652214,left,0.0
baseline,720575940620653377,left,0.0
baseline,720575940620655169,right,0.0
baseline,720575940620659489,left,0.0
baseline,720575940620682662,right,0.0
baseline,720575940620682934,right,0.0
baseline,720575940620684014,left,0.0
baseline,720575940620684156,right,0.0
baseline,720575940620685436,right,0.0
baseline,720575940620686761,right,0.0
baseline,720575940620700769,right,0.0
baseline,720575940620713129,right,0.0
baseline,720575940620734305,left,0.0
baseline,720575940620737121,left,0.0
baseline,720575940620741485,right,0.0
baseline,720575940620746093,right,0.0
baseline,720575940620746662,left,0.0
baseline,720575940620754529,right,0.0
baseline,720575940620759105,left,0.0
baseline,720575940620767709,left,0.0
baseline,720575940620774977,left,0.0
baseline,720575940620775233,left,0.0
baseline,720575940620779841,left,0.0
baseline,720575940620810316,left,0.0
baseline,720575940620811073,right,0.0
baseline,720575940620811340,left,0.0
baseline,720575940620813478,right,0.0
baseline,720575940620816961,right,0.0
baseline,720575940620822593,right,0.0
baseline,720575940620823617,left,0.0
baseline,720575940620827713,right,0.0
baseline,720575940620828912,right,0.0
baseline,720575940620831949,right,0.0
baseline,720575940620834544,left,0.0
baseline,720575940620850017,left,0.0
baseline,720575940620862273,right,0.0
baseline,720575940620880333,right,0.0
baseline,720575940620883917,right,0.0
baseline,720575940620889153,left,0.0
baseline,720575940620889302,left,0.0
baseline,720575940620892877,right,0.0
baseline,720575940620896588,left,0.0
baseline,720575940620904780,right,0.0
baseline,720575940620905174,left,0.0
baseline,720575940620923980,right,0.0
baseline,720575940620929238,left,0.0
baseline,720575940620931750,right,0.0
baseline,720575940620932684,right,0.0
baseline,720575940620936870,right,0.0
baseline,720575940620936925,left,0.0
baseline,720575940620947981,right,0.0
baseline,720575940620948340,left,0.0
baseline,720575940620955149,right,0.0
baseline,720575940620955357,left,0.0
baseline,720575940620955613,left,0.0
baseline,720575940620956173,right,0.0
baseline,720575940620959256,right,0.0
baseline,720575940620973848,right,0.0
baseline,720575940620996621,right,0.0
baseline,720575940620998424,right,0.0
baseline,720575940621000180,left,0.0
baseline,720575940621005044,right,0.0
baseline,720575940621010804,right,0.0
baseline,720575940621017840,right,0.0
baseline,720575940621017921,right,0.0
baseline,720575940621019457,right,0.0
baseline,720575940621022836,left,0.0
baseline,720575940621023041,right,0.0
baseline,720575940621023297,right,0.0
baseline,720575940621023809,right,0.0
baseline,720575940621044701,right,0.0
baseline,720575940621051312,left,0.0
baseline,720575940621051468,left,0.0
baseline,720575940621056577,right,0.0
baseline,720575940621071203,right,0.0
baseline,720575940621073117,right,0.0
baseline,720575940621073840,right,0.0
baseline,720575940621076429,left,0.0
baseline,720575940621083085,left,0.0
baseline,720575940621084771,right,0.0
baseline,720575940621086134,right,0.0
baseline,720575940621087408,right,0.0
baseline,720575940621090659,right,0.0
baseline,720575940621094093,left,0.0
baseline,720575940621094527,right,0.0
baseline,720575940621097855,left,0.0
baseline,720575940621121140,right,0.0
baseline,720575940621121206,right,0.0
baseline,720575940621122164,left,0.0
baseline,720575940621129181,right,0.0
baseline,720575940621146294,right,0.0
baseline,720575940621146956,right,0.0
baseline,720575940621149812,left,0.0
baseline,720575940621162416,right,0.0
baseline,720575940621163021,left,0.0
baseline,720575940621163636,right,0.0
baseline,720575940621167030,left,0.0
baseline,720575940621174192,right,0.0
baseline,720575940621174704,right,0.0
baseline,720575940621174742,left,0.0
baseline,720575940621174960,left,0.0
baseline,720575940621175472,right,0.0
baseline,720575940621176670,right,0.0
baseline,720575940621178206,right,0.0
baseline,720575940621179230,left,0.0
baseline,720575940621183768,left,0.0
baseline,720575940621187166,left,0.0
baseline,720575940621189637,right,0.0
baseline,720575940621202608,left,0.0
baseline,720575940621203376,right,0.0
baseline,720575940621207216,right,0.0
baseline,720575940621225910,right,0.0
baseline,720575940621228894,right,0.0
baseline,720575940621230430,right,0.0
baseline,720575940621236406,left,0.0
baseline,720575940621250486,right,0.0
baseline,720575940621259800,left,0.0
baseline,720575940621280545,left,0.0
baseline,720575940621280801,left,0.0
baseline,720575940621288225,right,0.0
baseline,720575940621290017,right,0.0
baseline,720575940621296639,right,0.0
baseline,720575940621312033,left,0.0
baseline,720575940621321001,right,0.0
baseline,720575940621321412,right,0.0
baseline,720575940621322534,right,0.0
baseline,720575940621331621,left,0.0
baseline,720575940621332574,left,0.0
baseline,720575940621334980,right,0.0
baseline,720575940621351876,right,0.0
baseline,720575940621357147,right,0.0
baseline,720575940621358472,left,0.0
baseline,720575940621358984,left,0.0
baseline,720575940621359142,right,0.0
baseline,720575940621376196,right,0.0
baseline,720575940621382852,right,0.0
baseline,720575940621388301,left,0.0
baseline,720575940621389764,right,0.0
baseline,720575940621391636,right,0.0
baseline,720575940621392901,left,0.0
baseline,720575940621400163,left,0.0
baseline,720575940621403844,right,0.0
baseline,720575940621411822,left,0.0
baseline,720575940621413158,right,0.0
baseline,720575940621413670,right,0.0
baseline,720575940621413926,right,0.0
baseline,720575940621415885,right,0.0
baseline,720575940621419032,left,0.0
baseline,720575940621422104,left,0.0
baseline,720575940621444777,left,0.0
baseline,720575940621444877,left,0.0
baseline,720575940621447704,left,0.0
baseline,720575940621457577,left,0.0
baseline,720575940621460645,right,0.0
baseline,720575940621462797,right,0.0
baseline,720575940621471732,right,0.0
baseline,720575940621475085,right,0.0
baseline,720575940621477402,right,0.0
baseline,720575940621487088,left,0.0
baseline,720575940621491696,right,0.0
baseline,720575940621504269,right,0.0
baseline,720575940621507475,right,0.0
baseline,720575940621513165,left,0.0
baseline,720575940621516179,right,0.0
baseline,720575940621518218,right,0.0
baseline,720575940621521663,left,0.0
baseline,720575940621527337,left,0.0
baseline,720575940621529215,right,0.0
baseline,720575940621529980,right,0.0
baseline,720575940621538431,right,0.0
baseline,720575940621541514,right,0.0
baseline,720575940621545968,left,0.0
baseline,720575940621549592,left,0.0
baseline,720575940621552116,right,0.0
baseline,720575940621552372,left,0.0
baseline,720575940621553535,right,0.0
baseline,720575940621554815,right,0.0
baseline,720575940621554968,right,0.0
baseline,720575940621557859,left,0.0
baseline,720575940621560052,right,0.0
baseline,720575940621561226,right,0.0
baseline,720575940621567472,right,0.0
baseline,720575940621574026,right,0.0
baseline,720575940621576063,left,0.0
baseline,720575940621577152,left,0.0
baseline,720575940621581802,right,0.0
baseline,720575940621590250,right,0.0
baseline,720575940621594723,right,0.0
baseline,720575940621597678,left,0.0
baseline,720575940621606755,right,0.0
baseline,720575940621612159,left,0.0
baseline,720575940621614118,left,0.0
baseline,720575940621616776,left,0.0
baseline,720575940621626406,left,0.0
baseline,720575940621646728,left,0.0
baseline,720575940621648008,right,0.0
baseline,720575940621650116,left,0.0
baseline,720575940621650303,left,0.0
baseline,720575940621658502,right,0.0
baseline,720575940621661197,left,0.0
baseline,720575940621680133,right,0.0
baseline,720575940621688926,right,0.0
baseline,720575940621692440,left,0.0
baseline,720575940621700190,right,0.0
baseline,720575940621708638,left,0.0
baseline,720575940621709132,right,0.0
baseline,720575940621716067,left,0.0
baseline,720575940621720959,left,0.0
baseline,720575940621728214,left,0.0
baseline,720575940621728844,left,0.0
baseline,720575940621729171,left,0.0
baseline,720575940621730175,left,0.0
baseline,720575940621730687,right,0.0
baseline,720575940621736662,left,0.0
baseline,720575940621741971,left,0.0
baseline,720575940621749253,left,0.0
baseline,720575940621762330,right,0.0
baseline,720575940621763475,left,0.0
baseline,720575940621763767,right,0.0
baseline,720575940621764385,left,0.0
baseline,720575940621767977,left,0.0
baseline,720575940621770010,right,0.0
baseline,720575940621784298,left,0.0
baseline,720575940621784926,left,0.0
baseline,720575940621786295,right,0.0
baseline,720575940621786602,left,0.0
baseline,720575940621786807,right,0.0
baseline,720575940621791356,right,0.0
baseline,720575940621796390,left,0.0
baseline,720575940621802751,right,0.0
baseline,720575940621807300,left,0.0
baseline,720575940621809246,right,0.0
baseline,720575940621810871,right,0.0
baseline,720575940621812006,left,0.0
baseline,720575940621817322,left,0.0
baseline,720575940621819739,left,0.0
baseline,720575940621829813,right,0.0
baseline,720575940621832542,right,0.0
baseline,720575940621837601,right,0.0
baseline,720575940621839086,right,0.0
baseline,720575940621845018,right,0.0
baseline,720575940621851174,left,0.0
baseline,720575940621853353,left,0.0
baseline,720575940621857313,right,0.0
baseline,720575940621862405,left,0.0
baseline,720575940621863006,right,0.0
baseline,720575940621864965,right,0.0
baseline,720575940621866861,right,0.0
baseline,720575940621869918,right,0.0
baseline,720575940621871484,right,0.0
baseline,720575940621872645,right,0.0
baseline,720575940621873246,right,0.0
baseline,720575940621876830,left,0.0
baseline,720575940621878021,right,0.0
baseline,720575940621879557,left,0.0
baseline,720575940621880541,left,0.0
baseline,720575940621880609,left,0.0
baseline,720575940621882401,right,0.0
baseline,720575940621885191,right,0.0
baseline,720575940621887270,right,0.0
baseline,720575940621888169,right,0.0
baseline,720575940621892122,right,0.0
baseline,720575940621892829,right,0.0
baseline,720575940621897249,right,0.0
baseline,720575940621906345,right,0.0
baseline,720575940621912346,left,0.0
baseline,720575940621913897,right,0.0
baseline,720575940621919428,right,0.0
baseline,720575940621920452,right,0.0
baseline,720575940621920746,left,0.0
baseline,720575940621922398,right,0.0
baseline,720575940621922654,left,0.0
baseline,720575940621922910,left,0.0
baseline,720575940621924103,right,0.0
baseline,720575940621924615,right,0.0
baseline,720575940621925417,right,0.0
baseline,720575940621925726,left,0.0
baseline,720575940621935850,left,0.0
baseline,720575940621936362,left,0.0
baseline,720575940621943977,left,0.0
baseline,720575940621944583,right,0.0
baseline,720575940621947486,right,0.0
baseline,720575940621948554,left,0.0
baseline,720575940621948810,right,0.0
baseline,720575940621951453,right,0.0
baseline,720575940621952425,left,0.0
baseline,720575940621957267,left,0.0
baseline,720575940621966369,left,0.0
baseline,720575940621966827,left,0.0
baseline,720575940621973018,right,0.0
baseline,720575940621973274,left,0.0
baseline,720575940621983777,right,0.0
baseline,720575940621987255,right,0.0
baseline,720575940621997921,left,0.0
baseline,720575940621999044,right,0.0
baseline,720575940622001020,left,0.0
baseline,720575940622003316,right,0.0
baseline,720575940622005025,right,0.0
baseline,720575940622006506,left,0.0
baseline,720575940622013097,left,0.0
baseline,720575940622013564,right,0.0
baseline,720575940622015612,left,0.0
baseline,720575940622017148,left,0.0
baseline,720575940622022583,left,0.0
baseline,720575940622023262,right,0.0
baseline,720575940622045865,left,0.0
baseline,720575940622050186,right,0.0
baseline,720575940622054340,left,0.0
baseline,720575940622060426,left,0.0
baseline,720575940622061803,right,0.0
baseline,720575940622064041,left,0.0
baseline,720575940622064809,left,0.0
baseline,720575940622067113,right,0.0
baseline,720575940622075274,right,0.0
baseline,720575940622078249,right,0.0
baseline,720575940622096589,right,0.0
baseline,720575940622102763,right,0.0
baseline,720575940622103275,right,0.0
baseline,720575940622103974,left,0.0
baseline,720575940622112636,right,0.0
baseline,720575940622116428,right,0.0
baseline,720575940622121991,left,0.0
baseline,720575940622133206,right,0.0
baseline,720575940622135501,right,0.0
baseline,720575940622145277,right,0.0
baseline,720575940622147148,left,0.0
baseline,720575940622149196,left,0.0
baseline,720575940622162505,right,0.0
baseline,720575940622163197,right,0.0
baseline,720575940622169471,left,0.0
baseline,720575940622191177,right,0.0
baseline,720575940622202807,left,0.0
baseline,720575940622204157,right,0.0
baseline,720575940622204669,right,0.0
baseline,720575940622210892,left,0.0
baseline,720575940622216009,right,0.0
baseline,720575940622217033,right,0.0
baseline,720575940622222921,right,0.0
baseline,720575940622225811,left,0.0
baseline,720575940622227381,left,0.0
baseline,720575940622228812,right,0.0
baseline,720575940622229836,left,0.0
baseline,720575940622232458,left,0.0
baseline,720575940622233235,left,0.0
baseline,720575940622245708,left,0.0
baseline,720575940622249949,right,0.0
baseline,720575940622263510,right,0.0
baseline,720575940622263832,left,0.0
baseline,720575940622269365,left,0.0
baseline,720575940622270307,left,0.0
baseline,720575940622270391,left,0.0
baseline,720575940622272076,left,0.0
baseline,720575940622275079,left,0.0
baseline,720575940622276365,right,0.0
baseline,720575940622278157,left,0.0
baseline,720575940622279095,left,0.0
baseline,720575940622288152,right,0.0
baseline,720575940622293091,left,0.0
baseline,720575940622294808,right,0.0
baseline,720575940622295832,left,0.0
baseline,720575940622302488,right,0.0
baseline,720575940622305304,right,0.0
baseline,720575940622307051,left,0.0
baseline,720575940622307096,left,0.0
baseline,720575940622321251,left,0.0
baseline,720575940622335112,right,0.0
baseline,720575940622339549,left,0.0
baseline,720575940622348424,right,0.0
baseline,720575940622350472,right,0.0
baseline,720575940622353622,left,0.0
baseline,720575940622387677,right,0.0
baseline,720575940622392790,left,0.0
baseline,720575940622398728,right,0.0
baseline,720575940622402311,right,0.0
baseline,720575940622403030,left,0.0
baseline,720575940622412838,right,0.0
baseline,720575940622428087,right,0.0
baseline,720575940622439704,left,0.0
baseline,720575940622451273,right,0.0
baseline,720575940622461149,right,0.0
baseline,720575940622462472,right,0.0
baseline,720575940622467293,left,0.0
baseline,720575940622474165,left,0.0
baseline,720575940622479880,right,0.0
baseline,720575940622501611,left,0.0
baseline,720575940622516715,left,0.0
baseline,720575940622528951,left,0.0
baseline,720575940622538461,right,0.0
baseline,720575940622542007,left,0.0
baseline,720575940622542517,right,0.0
baseline,720575940622548487,left,0.0
baseline,720575940622549759,right,0.0
baseline,720575940622557022,left,0.0
baseline,720575940622558941,right,0.0
baseline,720575940622559669,left,0.0
baseline,720575940622565887,right,0.0
baseline,720575940622594601,right,0.0
baseline,720575940622595827,right,0.0
baseline,720575940622606315,left,0.0
baseline,720575940622621164,right,0.0
baseline,720575940622628104,left,0.0
baseline,720575940622629193,left,0.0
baseline,720575940622633203,right,0.0
baseline,720575940622637548,right,0.0
baseline,720575940622637804,right,0.0
baseline,720575940622641132,right,0.0
baseline,720575940622646980,left,0.0
baseline,720575940622647501,left,0.0
baseline,720575940622654444,right,0.0
baseline,720575940622666933,left,0.0
baseline,720575940622669508,right,0.0
baseline,720575940622670835,right,0.0
baseline,720575940622671613,right,0.0
baseline,720575940622673703,right,0.0
baseline,720575940622694182,right,0.0
baseline,720575940622697196,right,0.0
baseline,720575940622698825,right,0.0
baseline,720575940622703654,left,0.0
baseline,720575940622722485,left,0.0
baseline,720575940622723683,right,0.0
baseline,720575940622727572,right,0.0
baseline,720575940622732493,right,0.0
baseline,720575940622735615,left,0.0
baseline,720575940622737812,right,0.0
baseline,720575940622742477,left,0.0
baseline,720575940622748868,right,0.0
baseline,720575940622768152,left,0.0
baseline,720575940622768266,right,0.0
baseline,720575940622768397,right,0.0
baseline,720575940622771082,right,0.0
baseline,720575940622771338,left,0.0
baseline,720575940622773784,right,0.0
baseline,720575940622776013,left,0.0
baseline,720575940622781389,right,0.0
baseline,720575940622784611,right,0.0
baseline,720575940622800589,left,0.0
baseline,720575940622800653,right,0.0
baseline,720575940622803850,right,0.0
baseline,720575940622812003,right,0.0
baseline,720575940622812808,right,0.0
baseline,720575940622813418,left,0.0
baseline,720575940622815684,right,0.0
baseline,720575940622816234,right,0.0
baseline,720575940622820330,left,0.0
baseline,720575940622820586,right,0.0
baseline,720575940622821325,right,0.0
baseline,720575940622822378,left,0.0
baseline,720575940622830856,left,0.0
baseline,720575940622836237,left,0.0
baseline,720575940622836455,right,0.0
baseline,720575940622837482,right,0.0
baseline,720575940622838797,left,0.0
baseline,720575940622839956,left,0.0
baseline,720575940622844003,right,0.0
baseline,720575940622844903,right,0.0
baseline,720575940622855560,right,0.0
baseline,720575940622857447,right,0.0
baseline,720575940622857801,left,0.0
baseline,720575940622861960,left,0.0
baseline,720575940622861971,right,0.0
baseline,720575940622864920,right,0.0
baseline,720575940622865907,left,0.0
baseline,720575940622878477,left,0.0
baseline,720575940622879245,left,0.0
baseline,720575940622879501,left,0.0
baseline,720575940622881805,left,0.0
baseline,720575940622882829,left,0.0
baseline,720575940622884499,left,0.0
baseline,720575940622886925,right,0.0
baseline,720575940622888205,right,0.0
baseline,720575940622888456,left,0.0
baseline,720575940622889997,left,0.0
baseline,720575940622890509,right,0.0
baseline,720575940622891277,right,0.0
baseline,720575940622894349,right,0.0
baseline,720575940622906867,left,0.0
baseline,720575940622920328,left,0.0
baseline,720575940622926472,right,0.0
baseline,720575940622928397,right,0.0
baseline,720575940622930957,right,0.0
baseline,720575940622932809,right,0.0
baseline,720575940622938637,right,0.0
baseline,720575940622944461,right,0.0
baseline,720575940622948872,right,0.0
baseline,720575940622949069,left,0.0
baseline,720575940622965944,right,0.0
baseline,720575940622972365,right,0.0
baseline,720575940622972686,right,0.0
baseline,720575940622976973,right,0.0
baseline,720575940622979475,right,0.0
baseline,720575940622981646,right,0.0
baseline,720575940622981902,right,0.0
baseline,720575940622993800,left,0.0
baseline,720575940622995080,left,0.0
baseline,720575940622996104,right,0.0
baseline,720575940622996360,left,0.0
baseline,720575940622998920,left,0.0
baseline,720575940622999944,right,0.0
baseline,720575940623002087,left,0.0
baseline,720575940623003016,left,0.0
baseline,720575940623003917,right,0.0
baseline,720575940623004429,left,0.0
baseline,720575940623004685,left,0.0
baseline,720575940623008440,right,0.0
baseline,720575940623009416,right,0.0
baseline,720575940623009549,right,0.0
baseline,720575940623010253,right,0.0
baseline,720575940623011720,right,0.0
baseline,720575940623014328,right,0.0
baseline,720575940623015694,right,0.0
baseline,720575940623016644,right,0.0
baseline,720575940623018986,left,0.0
baseline,720575940623023544,right,0.0
baseline,720575940623030015,right,0.0
baseline,720575940623032004,left,0.0
baseline,720575940623032781,left,0.0
baseline,720575940623032970,right,0.0
baseline,720575940623036415,left,0.0
baseline,720575940623036903,left,0.0
baseline,720575940623041772,left,0.0
baseline,720575940623047660,left,0.0
baseline,720575940623059080,right,0.0
baseline,720575940623066406,left,0.0
baseline,720575940623067114,left,0.0
baseline,720575940623067942,right,0.0
baseline,720575940623068308,left,0.0
baseline,720575940623070868,left,0.0
baseline,720575940623095276,left,0.0
baseline,720575940623099943,left,0.0
baseline,720575940623102396,right,0.0
baseline,720575940623103487,left,0.0
baseline,720575940623105023,right,0.0
baseline,720575940623111463,left,0.0
baseline,720575940623111679,left,0.0
baseline,720575940623116012,left,0.0
baseline,720575940623116585,left,0.0
baseline,720575940623119871,left,0.0
baseline,720575940623128359,left,0.0
baseline,720575940623129087,right,0.0
baseline,720575940623131433,left,0.0
baseline,720575940623136499,right,0.0
baseline,720575940623145513,left,0.0
baseline,720575940623163844,left,0.0
baseline,720575940623165636,left,0.0
baseline,720575940623165737,right,0.0
baseline,720575940623166471,right,0.0
baseline,720575940623170055,left,0.0
baseline,720575940623171268,left,0.0
baseline,720575940623171847,right,0.0
baseline,720575940623174953,left,0.0
baseline,720575940623191334,right,0.0
baseline,720575940623203012,right,0.0
baseline,720575940623203767,right,0.0
baseline,720575940623205303,left,0.0
baseline,720575940623207108,left,0.0
baseline,720575940623218666,left,0.0
baseline,720575940623218687,left,0.0
baseline,720575940623221161,left,0.0
baseline,720575940623225284,left,0.0
baseline,720575940623229927,left,0.0
baseline,720575940623231428,left,0.0
baseline,720575940623244180,right,0.0
baseline,720575940623252164,right,0.0
baseline,720575940623253994,left,0.0
baseline,720575940623260540,left,0.0
baseline,720575940623289831,left,0.0
baseline,720575940623314765,right,0.0
baseline,720575940623315347,right,0.0
baseline,720575940623321226,left,0.0
baseline,720575940623328231,right,0.0
baseline,720575940623331210,left,0.0
baseline,720575940623331475,left,0.0
baseline,720575940623344821,left,0.0
baseline,720575940623351443,right,0.0
baseline,720575940623353013,right,0.0
baseline,720575940623356493,right,0.0
baseline,720575940623358645,right,0.0
baseline,720575940623365045,left,0.0
baseline,720575940623368644,left,0.0
baseline,720575940623368940,left,0.0
baseline,720575940623369412,right,0.0
baseline,720575940623369668,right,0.0
baseline,720575940623370180,right,0.0
baseline,720575940623377555,right,0.0
baseline,720575940623379091,left,0.0
baseline,720575940623386506,right,0.0
baseline,720575940623386762,left,0.0
baseline,720575940623390186,left,0.0
baseline,720575940623393002,left,0.0
baseline,720575940623393038,left,0.0
baseline,720575940623396093,left,0.0
baseline,720575940623398397,left,0.0
baseline,720575940623400189,right,0.0
baseline,720575940623400445,right,0.0
baseline,720575940623403773,right,0.0
baseline,720575940623407850,left,0.0
baseline,720575940623409959,left,0.0
baseline,720575940623413898,right,0.0
baseline,720575940623419389,left,0.0
baseline,720575940623426633,right,0.0
baseline,720575940623430365,left,0.0
baseline,720575940623438571,right,0.0
baseline,720575940623438665,right,0.0
baseline,720575940623441387,right,0.0
baseline,720575940623443859,left,0.0
baseline,720575940623444203,left,0.0
baseline,720575940623453991,left,0.0
baseline,720575940623461134,left,0.0
baseline,720575940623462072,left,0.0
baseline,720575940623462328,left,0.0
baseline,720575940623472201,left,0.0
baseline,720575940623488270,right,0.0
baseline,720575940623491069,left,0.0
baseline,720575940623503111,right,0.0
baseline,720575940623510762,left,0.0
baseline,720575940623521806,right,0.0
baseline,720575940623530474,left,0.0
baseline,720575940623533645,left,0.0
baseline,720575940623536205,left,0.0
baseline,720575940623542972,right,0.0
baseline,720575940623543303,right,0.0
baseline,720575940623546638,right,0.0
baseline,720575940623554748,right,0.0
baseline,720575940623576909,left,0.0
baseline,720575940623582904,right,0.0
baseline,720575940623586999,right,0.0
baseline,720575940623643832,left,0.0
baseline,720575940623679495,right,0.0
baseline,720575940623689148,left,0.0
baseline,720575940623691920,right,0.0
baseline,720575940623699207,left,0.0
baseline,720575940623707656,left,0.0
baseline,720575940623730509,left,0.0
baseline,720575940623735310,left,0.0
baseline,720575940623738807,left,0.0
baseline,720575940623756215,right,0.0
baseline,720575940623767991,left,0.0
baseline,720575940623776437,right,0.0
baseline,720575940623781965,left,0.0
baseline,720575940623786421,left,0.0
baseline,720575940623808693,left,0.0
baseline,720575940623810487,right,0.0
baseline,720575940623822261,right,0.0
baseline,720575940623825077,left,0.0
baseline,720575940623859127,left,0.0
baseline,720575940623878327,right,0.0
baseline,720575940623879312,left,0.0
baseline,720575940623881801,left,0.0
baseline,720575940623881872,left,0.0
baseline,720575940623888461,right,0.0
baseline,720575940623890890,right,0.0
baseline,720575940623904181,left,0.0
baseline,720575940623906633,left,0.0
baseline,720575940623914679,right,0.0
baseline,720575940623914954,right,0.0
baseline,720575940623927444,left,0.0
baseline,720575940623934100,left,0.0
baseline,720575940623935159,left,0.0
baseline,720575940623943316,left,0.0
baseline,720575940623943572,right,0.0
baseline,720575940623946988,right,0.0
baseline,720575940623947500,right,0.0
baseline,720575940623948617,left,0.0
baseline,720575940623959881,left,0.0
baseline,720575940623962516,left,0.0
baseline,720575940623964820,right,0.0
baseline,720575940623965513,right,0.0
baseline,720575940623966612,left,0.0
baseline,720575940623969684,left,0.0
baseline,720575940623971819,right,0.0
baseline,720575940623972756,left,0.0
baseline,720575940623973961,right,0.0
baseline,720575940623976521,left,0.0
baseline,720575940623977545,right,0.0
baseline,720575940623978789,right,0.0
baseline,720575940623981385,right,0.0
baseline,720575940623985189,right,0.0
baseline,720575940623986469,right,0.0
baseline,720575940623991333,right,0.0
baseline,720575940623994701,left,0.0
baseline,720575940624006477,left,0.0
baseline,720575940624010569,left,0.0
baseline,720575940624013309,left,0.0
baseline,720575940624014077,right,0.0
baseline,720575940624021483,left,0.0
baseline,720575940624024555,left,0.0
baseline,720575940624032264,right,0.0
baseline,720575940624036339,left,0.0
baseline,720575940624036656,left,0.0
baseline,720575940624041447,left,0.0
baseline,720575940624041545,left,0.0
baseline,720575940624044873,left,0.0
baseline,720575940624046153,left,0.0
baseline,720575940624049661,left,0.0
baseline,720575940624054675,right,0.0
baseline,720575940624060048,left,0.0
baseline,720575940624060208,right,0.0
baseline,720575940624085739,left,0.0
baseline,720575940624086251,right,0.0
baseline,720575940624096039,right,0.0
baseline,720575940624107706,right,0.0
baseline,720575940624107755,right,0.0
baseline,720575940624112058,right,0.0
baseline,720575940624114494,right,0.0
baseline,720575940624125114,right,0.0
baseline,720575940624125584,left,0.0
baseline,720575940624125626,right,0.0
baseline,720575940624144107,left,0.0
baseline,720575940624147976,left,0.0
baseline,720575940624149256,right,0.0
baseline,720575940624152357,left,0.0
baseline,720575940624153608,left,0.0
baseline,720575940624154632,left,0.0
baseline,720575940624157675,right,0.0
baseline,720575940624158352,right,0.0
baseline,720575940624158650,right,0.0
baseline,720575940624158906,right,0.0
baseline,720575940624159376,right,0.0
baseline,720575940624164104,left,0.0
baseline,720575940624168712,left,0.0
baseline,720575940624195559,right,0.0
baseline,720575940624221488,left,0.0
baseline,720575940624224526,left,0.0
baseline,720575940624229322,left,0.0
baseline,720575940624232974,right,0.0
baseline,720575940624235448,left,0.0
baseline,720575940624243388,left,0.0
baseline,720575940624243982,left,0.0
baseline,720575940624250160,left,0.0
baseline,720575940624264462,left,0.0
baseline,720575940624264718,left,0.0
baseline,720575940624265572,right,0.0
baseline,720575940624265998,left,0.0
baseline,720575940624266936,left,0.0
baseline,720575940624267022,left,0.0
baseline,720575940624268080,left,0.0
baseline,720575940624271716,right,0.0
baseline,720575940624276784,left,0.0
baseline,720575940624277040,left,0.0
baseline,720575940624279527,left,0.0
baseline,720575940624280979,left,0.0
baseline,720575940624288520,right,0.0
baseline,720575940624290539,left,0.0
baseline,720575940624290855,left,0.0
baseline,720575940624291728,left,0.0
baseline,720575940624293048,right,0.0
baseline,720575940624294072,right,0.0
baseline,720575940624296376,right,0.0
baseline,720575940624297278,left,0.0
baseline,720575940624300984,left,0.0
baseline,720575940624302008,right,0.0
baseline,720575940624302520,left,0.0
baseline,720575940624327196,right,0.0
baseline,720575940624329146,left,0.0
baseline,720575940624357413,left,0.0
baseline,720575940624357669,left,0.0
baseline,720575940624375088,right,0.0
baseline,720575940624392220,right,0.0
baseline,720575940624396524,right,0.0
baseline,720575940624405228,left,0.0
baseline,720575940624419820,left,0.0
baseline,720575940624421148,right,0.0
baseline,720575940624426533,right,0.0
baseline,720575940624428019,right,0.0
baseline,720575940624429036,right,0.0
baseline,720575940624453868,right,0.0
baseline,720575940624462228,left,0.0
baseline,720575940624462740,left,0.0
baseline,720575940624465900,right,0.0
baseline,720575940624467812,left,0.0
baseline,720575940624473444,left,0.0
baseline,720575940624480148,right,0.0
baseline,720575940624482452,left,0.0
baseline,720575940624487572,right,0.0
baseline,720575940624489620,left,0.0
baseline,720575940624492802,right,0.0
baseline,720575940624494373,right,0.0
baseline,720575940624494996,right,0.0
baseline,720575940624497959,left,0.0
baseline,720575940624514535,left,0.0
baseline,720575940624516339,right,0.0
baseline,720575940624520254,left,0.0
baseline,720575940624521022,left,0.0
baseline,720575940624524234,right,0.0
baseline,720575940624526266,left,0.0
baseline,720575940624527091,right,0.0
baseline,720575940624527340,left,0.0
baseline,720575940624528314,left,0.0
baseline,720575940624531948,left,0.0
baseline,720575940624532979,right,0.0
baseline,720575940624537836,right,0.0
baseline,720575940624549646,left,0.0
baseline,720575940624549694,left,0.0
baseline,720575940624562836,right,0.0
baseline,720575940624563075,right,0.0
baseline,720575940624565788,left,0.0
baseline,720575940624570917,left,0.0
baseline,720575940624570957,left,0.0
baseline,720575940624572052,right,0.0
baseline,720575940624574922,right,0.0
baseline,720575940624577613,right,0.0
baseline,720575940624584579,right,0.0
baseline,720575940624584835,right,0.0
baseline,720575940624586900,left,0.0
baseline,720575940624589548,left,0.0
baseline,720575940624593132,right,0.0
baseline,720575940624596355,right,0.0
baseline,720575940624597228,right,0.0
baseline,720575940624597788,right,0.0
baseline,720575940624599444,left,0.0
baseline,720575940624599939,right,0.0
baseline,720575940624601236,right,0.0
baseline,720575940624601731,right,0.0
baseline,720575940624609101,right,0.0
baseline,720575940624612839,left,0.0
baseline,720575940624613050,left,0.0
baseline,720575940624626563,right,0.0
baseline,720575940624629948,right,0.0
baseline,720575940624637884,right,0.0
baseline,720575940624638396,right,0.0
baseline,720575940624642492,right,0.0
baseline,720575940624644739,right,0.0
baseline,720575940624647299,right,0.0
baseline,720575940624648067,right,0.0
baseline,720575940624651507,left,0.0
baseline,720575940624653299,left,0.0
baseline,720575940624660313,right,0.0
baseline,720575940624663427,right,0.0
baseline,720575940624676414,right,0.0
baseline,720575940624682426,right,0.0
baseline,720575940624693287,right,0.0
baseline,720575940624695335,left,0.0
baseline,720575940624699918,left,0.0
baseline,720575940624699981,left,0.0
baseline,720575940624704002,right,0.0
baseline,720575940624704551,left,0.0
baseline,720575940624709925,left,0.0
baseline,720575940624711655,right,0.0
baseline,720575940624713660,left,0.0
baseline,720575940624716581,left,0.0
baseline,720575940624721084,right,0.0
baseline,720575940624729528,right,0.0
baseline,720575940624737464,left,0.0
baseline,720575940624738232,left,0.0
baseline,720575940624738830,left,0.0
baseline,720575940624740878,left,0.0
baseline,720575940624749258,left,0.0
baseline,720575940624754983,right,0.0
baseline,720575940624763850,left,0.0
baseline,720575940624770574,right,0.0
baseline,720575940624771879,left,0.0
baseline,720575940624773182,left,0.0
baseline,720575940624773646,left,0.0
baseline,720575940624776206,left,0.0
baseline,720575940624793272,left,0.0
baseline,720575940624800188,right,0.0
baseline,720575940624829198,left,0.0
baseline,720575940624829479,left,0.0
baseline,720575940624830503,right,0.0
baseline,720575940624834968,right,0.0
baseline,720575940624837927,right,0.0
baseline,720575940624839257,left,0.0
baseline,720575940624847491,left,0.0
baseline,720575940624851726,left,0.0
baseline,720575940624851864,right,0.0
baseline,720575940624852120,right,0.0
baseline,720575940624859032,right,0.0
baseline,720575940624879388,left,0.0
baseline,720575940624882702,left,0.0
baseline,720575940624884920,right,0.0
baseline,720575940624894052,left,0.0
baseline,720575940624894308,left,0.0
baseline,720575940624922256,left,0.0
baseline,720575940624934800,left,0.0
baseline,720575940624935182,left,0.0
baseline,720575940624940558,left,0.0
baseline,720575940624940814,right,0.0
baseline,720575940624941326,right,0.0
baseline,720575940624941838,left,0.0
baseline,720575940624945666,left,0.0
baseline,720575940624946446,left,0.0
baseline,720575940624974010,right,0.0
baseline,720575940624975760,left,0.0
baseline,720575940624989214,right,0.0
baseline,720575940624994941,right,0.0
baseline,720575940625002526,right,0.0
baseline,720575940625003907,left,0.0
baseline,720575940625015070,right,0.0
baseline,720575940625019481,left,0.0
baseline,720575940625023869,right,0.0
baseline,720575940625024125,right,0.0
baseline,720575940625030233,left,0.0
baseline,720575940625054589,right,0.0
baseline,720575940625058173,right,0.0
baseline,720575940625059917,left,0.0
baseline,720575940625126448,right,0.0
baseline,720575940625146882,left,0.0
baseline,720575940625155877,right,0.0
baseline,720575940625156901,right,0.0
baseline,720575940625158437,right,0.0
baseline,720575940625163139,right,0.0
baseline,720575940625171289,right,0.0
baseline,720575940625175845,left,0.0
baseline,720575940625183309,left,0.0
baseline,720575940625187586,left,0.0
baseline,720575940625223690,right,0.0
baseline,720575940625227978,left,0.0
baseline,720575940625235033,right,0.0
baseline,720575940625258506,right,0.0
baseline,720575940625261834,right,0.0
baseline,720575940625264659,right,0.0
baseline,720575940625266057,right,0.0
baseline,720575940625290003,right,0.0
baseline,720575940625292606,right,0.0
baseline,720575940625297304,left,0.0
baseline,720575940625300254,right,0.0
baseline,720575940625309882,left,0.0
baseline,720575940625311418,right,0.0
baseline,720575940625312186,left,0.0
baseline,720575940625317139,right,0.0
baseline,720575940625318163,right,0.0
baseline,720575940625318531,left,0.0
baseline,720575940625323326,right,0.0
baseline,720575940625323795,right,0.0
baseline,720575940625325630,left,0.0
baseline,720575940625328915,right,0.0
baseline,720575940625329029,right,0.0
baseline,720575940625329726,left,0.0
baseline,720575940625330494,left,0.0
baseline,720575940625331006,right,0.0
baseline,720575940625333822,right,0.0
baseline,720575940625343546,right,0.0
baseline,720575940625343640,right,0.0
baseline,720575940625346023,left,0.0
baseline,720575940625354904,right,0.0
baseline,720575940625372293,right,0.0
baseline,720575940625376841,right,0.0
baseline,720575940625377688,right,0.0
baseline,720575940625399077,right,0.0
baseline,720575940625404197,left,0.0
baseline,720575940625405072,left,0.0
baseline,720575940625405744,left,0.0
baseline,720575940625422090,left,0.0
baseline,720575940625427210,left,0.0
baseline,720575940625428093,left,0.0
baseline,720575940625430302,left,0.0
baseline,720575940625446181,left,0.0
baseline,720575940625451920,right,0.0
baseline,720575940625454640,right,0.0
baseline,720575940625455134,left,0.0
baseline,720575940625461534,left,0.0
baseline,720575940625476708,right,0.0
baseline,720575940625476964,right,0.0
baseline,720575940625477150,left,0.0
baseline,720575940625482084,right,0.0
baseline,720575940625484602,left,0.0
baseline,720575940625485181,left,0.0
baseline,720575940625486692,right,0.0
baseline,720575940625486948,left,0.0
baseline,720575940625488659,left,0.0
baseline,720575940625490788,left,0.0
baseline,720575940625497488,right,0.0
baseline,720575940625499153,right,0.0
baseline,720575940625500304,right,0.0
baseline,720575940625502608,left,0.0
baseline,720575940625504868,left,0.0
baseline,720575940625506704,right,0.0
baseline,720575940625507888,right,0.0
baseline,720575940625508400,right,0.0
baseline,720575940625508733,left,0.0
baseline,720575940625513616,left,0.0
baseline,720575940625514621,left,0.0
baseline,720575940625516436,left,0.0
baseline,720575940625525912,left,0.0
baseline,720575940625529477,left,0.0
baseline,720575940625532689,right,0.0
baseline,720575940625537822,right,0.0
baseline,720575940625541168,left,0.0
baseline,720575940625560189,right,0.0
baseline,720575940625561374,right,0.0
baseline,720575940625564816,right,0.0
baseline,720575940625570334,right,0.0
baseline,720575940625572240,left,0.0
baseline,720575940625576080,left,0.0
baseline,720575940625584688,right,0.0
baseline,720575940625598802,right,0.0
baseline,720575940625600048,right,0.0
baseline,720575940625602608,left,0.0
baseline,720575940625604839,right,0.0
baseline,720575940625605257,left,0.0
baseline,720575940625607946,left,0.0
baseline,720575940625608329,left,0.0
baseline,720575940625614224,left,0.0
baseline,720575940625625136,right,0.0
baseline,720575940625632893,left,0.0
baseline,720575940625642340,right,0.0
baseline,720575940625645968,left,0.0
baseline,720575940625646876,right,0.0
baseline,720575940625647114,left,0.0
baseline,720575940625647882,left,0.0
baseline,720575940625655088,left,0.0
baseline,720575940625655464,right,0.0
baseline,720575940625662778,left,0.0
baseline,720575940625663674,right,0.0
baseline,720575940625665149,left,0.0
baseline,720575940625665564,right,0.0
baseline,720575940625667365,right,0.0
baseline,720575940625669660,left,0.0
baseline,720575940625678613,right,0.0
baseline,720575940625681171,left,0.0
baseline,720575940625683740,left,0.0
baseline,720575940625690140,right,0.0
baseline,720575940625691669,right,0.0
baseline,720575940625692560,left,0.0
baseline,720575940625692816,right,0.0
baseline,720575940625702949,right,0.0
baseline,720575940625715733,right,0.0
baseline,720575940625718696,right,0.0
baseline,720575940625720341,right,0.0
baseline,720575940625721866,right,0.0
baseline,720575940625724072,right,0.0
baseline,720575940625732496,right,0.0
baseline,720575940625732745,left,0.0
baseline,720575940625733413,left,0.0
baseline,720575940625740169,right,0.0
baseline,720575940625741455,right,0.0
baseline,720575940625744466,left,0.0
baseline,720575940625748510,left,0.0
baseline,720575940625749586,left,0.0
baseline,720575940625750671,right,0.0
baseline,720575940625751117,left,0.0
baseline,720575940625753621,right,0.0
baseline,720575940625754389,right,0.0
baseline,720575940625762447,right,0.0
baseline,720575940625763601,left,0.0
baseline,720575940625765306,right,0.0
baseline,720575940625766984,right,0.0
baseline,720575940625768073,right,0.0
baseline,720575940625773605,left,0.0
baseline,720575940625777939,right,0.0
baseline,720575940625780648,right,0.0
baseline,720575940625781009,left,0.0
baseline,720575940625781029,left,0.0
baseline,720575940625781541,right,0.0
baseline,720575940625786899,right,0.0
baseline,720575940625793317,left,0.0
baseline,720575940625800741,right,0.0
baseline,720575940625807108,right,0.0
baseline,720575940625834900,right,0.0
baseline,720575940625837060,right,0.0
baseline,720575940625843075,right,0.0
baseline,720575940625853477,left,0.0
baseline,720575940625853989,left,0.0
baseline,720575940625860026,left,0.0
baseline,720575940625864964,right,0.0
baseline,720575940625871741,left,0.0
baseline,720575940625898780,left,0.0
baseline,720575940625900900,right,0.0
baseline,720575940625901002,right,0.0
baseline,720575940625902282,left,0.0
baseline,720575940625903626,left,0.0
baseline,720575940625910354,left,0.0
baseline,720575940625925458,left,0.0
baseline,720575940625927626,left,0.0
baseline,720575940625929790,left,0.0
baseline,720575940625937173,left,0.0
baseline,720575940625937797,right,0.0
baseline,720575940625939801,right,0.0
baseline,720575940625940456,right,0.0
baseline,720575940625942458,right,0.0
baseline,720575940625942590,right,0.0
baseline,720575940625944266,left,0.0
baseline,720575940625957800,left,0.0
baseline,720575940625969640,right,0.0
baseline,720575940625981028,left,0.0
baseline,720575940625984399,left,0.0
baseline,720575940625991524,left,0.0
baseline,720575940625994728,right,0.0
baseline,720575940625995251,right,0.0
baseline,720575940626002494,right,0.0
baseline,720575940626007102,left,0.0
baseline,720575940626015294,left,0.0
baseline,720575940626031493,left,0.0
baseline,720575940626033838,left,0.0
baseline,720575940626043454,right,0.0
baseline,720575940626044924,right,0.0
baseline,720575940626075079,right,0.0
baseline,720575940626080868,left,0.0
baseline,720575940626081176,right,0.0
baseline,720575940626081636,left,0.0
baseline,720575940626082148,left,0.0
baseline,720575940626082404,right,0.0
baseline,720575940626083940,left,0.0
baseline,720575940626086244,right,0.0
baseline,720575940626086728,left,0.0
baseline,720575940626087780,left,0.0
baseline,720575940626089980,right,0.0
baseline,720575940626090340,right,0.0
baseline,720575940626102628,left,0.0
baseline,720575940626111175,right,0.0
baseline,720575940626124743,right,0.0
baseline,720575940626139560,left,0.0
baseline,720575940626143570,left,0.0
baseline,720575940626144680,left,0.0
baseline,720575940626158692,left,0.0
baseline,720575940626161154,left,0.0
baseline,720575940626161551,left,0.0
baseline,720575940626191108,left,0.0
baseline,720575940626194716,right,0.0
baseline,720575940626199324,left,0.0
baseline,720575940626199580,left,0.0
baseline,720575940626201512,left,0.0
baseline,720575940626212625,right,0.0
baseline,720575940626216317,left,0.0
baseline,720575940626216573,left,0.0
baseline,720575940626217341,left,0.0
baseline,720575940626220574,left,0.0
baseline,720575940626220830,right,0.0
baseline,720575940626222609,left,0.0
baseline,720575940626223633,left,0.0
baseline,720575940626225173,right,0.0
baseline,720575940626225941,right,0.0
baseline,720575940626226690,right,0.0
baseline,720575940626227202,left,0.0
baseline,720575940626234626,left,0.0
baseline,720575940626239236,left,0.0
baseline,720575940626242054,right,0.0
baseline,720575940626244348,left,0.0
baseline,720575940626250568,left,0.0
baseline,720575940626251778,right,0.0
baseline,720575940626252273,right,0.0
baseline,720575940626253318,right,0.0
baseline,720575940626265084,left,0.0
baseline,720575940626274822,right,0.0
baseline,720575940626275656,left,0.0
baseline,720575940626277382,right,0.0
baseline,720575940626284157,right,0.0
baseline,720575940626286878,left,0.0
baseline,720575940626287644,left,0.0
baseline,720575940626294090,right,0.0
baseline,720575940626305028,right,0.0
baseline,720575940626305679,right,0.0
baseline,720575940626311623,left,0.0
baseline,720575940626313546,right,0.0
baseline,720575940626316802,right,0.0
baseline,720575940626316974,left,0.0
baseline,720575940626321482,right,0.0
baseline,720575940626326952,right,0.0
baseline,720575940626331978,right,0.0
baseline,720575940626343665,right,0.0
baseline,720575940626353905,right,0.0
baseline,720575940626362696,right,0.0
baseline,720575940626363791,right,0.0
baseline,720575940626364401,right,0.0
baseline,720575940626364956,left,0.0
baseline,720575940626366748,left,0.0
baseline,720575940626371842,left,0.0
baseline,720575940626394609,right,0.0
baseline,720575940626397565,right,0.0
baseline,720575940626403400,right,0.0
baseline,720575940626404776,left,0.0
baseline,720575940626422659,left,0.0
baseline,720575940626423171,left,0.0
baseline,720575940626430339,right,0.0
baseline,720575940626433448,left,0.0
baseline,720575940626460420,left,0.0
baseline,720575940626464901,right,0.0
baseline,720575940626465286,left,0.0
baseline,720575940626467836,left,0.0
baseline,720575940626468629,left,0.0
baseline,720575940626474889,right,0.0
baseline,720575940626486409,left,0.0
baseline,720575940626494663,left,0.0
baseline,720575940626496275,right,0.0
baseline,720575940626497811,left,0.0
baseline,720575940626509830,left,0.0
baseline,720575940626510211,right,0.0
baseline,720575940626513027,right,0.0
baseline,720575940626513171,right,0.0
baseline,720575940626522184,left,0.0
baseline,720575940626524691,left,0.0
baseline,720575940626526218,right,0.0
baseline,720575940626535434,right,0.0
baseline,720575940626536714,right,0.0
baseline,720575940626540042,left,0.0
baseline,720575940626547817,right,0.0
baseline,720575940626548234,right,0.0
baseline,720575940626550504,right,0.0
baseline,720575940626560601,left,0.0
baseline,720575940626560857,right,0.0
baseline,720575940626562665,right,0.0
baseline,720575940626569112,left,0.0
baseline,720575940626578161,left,0.0
baseline,720575940626582842,right,0.0
baseline,720575940626586823,right,0.0
baseline,720575940626621498,right,0.0
baseline,720575940626622480,right,0.0
baseline,720575940626632837,left,0.0
baseline,720575940626633960,left,0.0
baseline,720575940626640158,right,0.0
baseline,720575940626643944,left,0.0
baseline,720575940626646544,right,0.0
baseline,720575940626647960,left,0.0
baseline,720575940626649433,right,0.0
baseline,720575940626651288,right,0.0
baseline,720575940626651624,left,0.0
baseline,720575940626653273,left,0.0
baseline,720575940626655321,right,0.0
baseline,720575940626657808,right,0.0
baseline,720575940626663440,right,0.0
baseline,720575940626668165,left,0.0
baseline,720575940626668304,right,0.0
baseline,720575940626669957,right,0.0
baseline,720575940626674584,left,0.0
baseline,720575940626676120,right,0.0
baseline,720575940626679385,left,0.0
baseline,720575940626682654,left,0.0
baseline,720575940626688893,right,0.0
baseline,720575940626689176,left,0.0
baseline,720575940626694479,right,0.0
baseline,720575940626697802,left,0.0
baseline,720575940626698377,left,0.0
baseline,720575940626698633,left,0.0
baseline,720575940626700889,right,0.0
baseline,720575940626702232,right,0.0
baseline,720575940626712921,left,0.0
baseline,720575940626721874,left,0.0
baseline,720575940626724946,left,0.0
baseline,720575940626729515,right,0.0
baseline,720575940626733693,right,0.0
baseline,720575940626734436,left,0.0
baseline,720575940626742866,right,0.0
baseline,720575940626757209,left,0.0
baseline,720575940626758489,right,0.0
baseline,720575940626772357,right,0.0
baseline,720575940626779398,right,0.0
baseline,720575940626779722,left,0.0
baseline,720575940626782218,left,0.0
baseline,720575940626782507,right,0.0
baseline,720575940626782845,left,0.0
baseline,720575940626786859,right,0.0
baseline,720575940626787313,left,0.0
baseline,720575940626792209,right,0.0
baseline,720575940626792778,right,0.0
baseline,720575940626793502,left,0.0
baseline,720575940626794027,right,0.0
baseline,720575940626803279,right,0.0
baseline,720575940626805520,left,0.0
baseline,720575940626820395,right,0.0
baseline,720575940626825853,right,0.0
baseline,720575940626828574,right,0.0
baseline,720575940626834762,right,0.0
baseline,720575940626835728,left,0.0
baseline,720575940626838513,left,0.0
baseline,720575940626843773,right,0.0
baseline,720575940626855171,right,0.0
baseline,720575940626864414,right,0.0
baseline,720575940626867742,left,0.0
baseline,720575940626874097,right,0.0
baseline,720575940626895442,left,0.0
baseline,720575940626896643,right,0.0
baseline,720575940626901278,right,0.0
baseline,720575940626904561,right,0.0
baseline,720575940626906142,right,0.0
baseline,720575940626911262,right,0.0
baseline,720575940626916126,left,0.0
baseline,720575940626919409,right,0.0
baseline,720575940626930186,left,0.0
baseline,720575940626930947,right,0.0
baseline,720575940626932501,left,0.0
baseline,720575940626937347,right,0.0
baseline,720575940626937630,left,0.0
baseline,720575940626941205,left,0.0
baseline,720575940626941446,right,0.0
baseline,720575940626946033,left,0.0
baseline,720575940626948485,right,0.0
baseline,720575940626949909,left,0.0
baseline,720575940626950147,right,0.0
baseline,720575940626951171,right,0.0
baseline,720575940626951921,left,0.0
baseline,720575940626953732,right,0.0
baseline,720575940626965002,left,0.0
baseline,720575940626975899,right,0.0
baseline,720575940626991771,right,0.0
baseline,720575940626993001,left,0.0
baseline,720575940626999114,left,0.0
baseline,720575940626999882,left,0.0
baseline,720575940627003547,right,0.0
baseline,720575940627015942,left,0.0
baseline,720575940627016859,right,0.0
baseline,720575940627018383,right,0.0
baseline,720575940627020933,right,0.0
baseline,720575940627021128,right,0.0
baseline,720575940627022664,left,0.0
baseline,720575940627025039,left,0.0
baseline,720575940627028773,right,0.0
baseline,720575940627043666,right,0.0
baseline,720575940627044337,left,0.0
baseline,720575940627045636,right,0.0
baseline,720575940627045642,left,0.0
baseline,720575940627048522,left,0.0
baseline,720575940627054725,left,0.0
baseline,720575940627059460,left,0.0
baseline,720575940627069203,right,0.0
baseline,720575940627073448,left,0.0
baseline,720575940627075407,left,0.0
baseline,720575940627077032,right,0.0
baseline,720575940627079080,left,0.0
baseline,720575940627079557,left,0.0
baseline,720575940627081994,right,0.0
baseline,720575940627082261,right,0.0
baseline,720575940627082298,left,0.0
baseline,720575940627082481,left,0.0
baseline,720575940627085578,right,0.0
baseline,720575940627086596,left,0.0
baseline,720575940627089930,right,0.0
baseline,720575940627094917,right,0.0
baseline,720575940627097361,right,0.0
baseline,720575940627097733,right,0.0
baseline,720575940627101706,left,0.0
baseline,720575940627103802,left,0.0
baseline,720575940627112723,right,0.0
baseline,720575940627138888,left,0.0
baseline,720575940627147578,right,0.0
baseline,720575940627150090,right,0.0
baseline,720575940627153668,left,0.0
baseline,720575940627153930,left,0.0
baseline,720575940627155589,right,0.0
baseline,720575940627157008,right,0.0
baseline,720575940627158098,right,0.0
baseline,720575940627158866,left,0.0
baseline,720575940627164242,right,0.0
baseline,720575940627165010,right,0.0
baseline,720575940627166522,right,0.0
baseline,720575940627170898,right,0.0
baseline,720575940627172936,left,0.0
baseline,720575940627173192,left,0.0
baseline,720575940627174994,left,0.0
baseline,720575940627185767,right,0.0
baseline,720575940627194426,right,0.0
baseline,720575940627197739,left,0.0
baseline,720575940627198085,left,0.0
baseline,720575940627198799,left,0.0
baseline,720575940627200010,left,0.0
baseline,720575940627200923,left,0.0
baseline,720575940627202058,left,0.0
baseline,720575940627205386,right,0.0
baseline,720575940627210373,right,0.0
baseline,720575940627211307,left,0.0
baseline,720575940627220327,right,0.0
baseline,720575940627226923,left,0.0
baseline,720575940627229007,left,0.0
baseline,720575940627230986,right,0.0
baseline,720575940627235594,left,0.0
baseline,720575940627236874,left,0.0
baseline,720575940627243322,left,0.0
baseline,720575940627243623,right,0.0
baseline,720575940627244699,right,0.0
baseline,720575940627245701,right,0.0
baseline,720575940627251216,left,0.0
baseline,720575940627252267,left,0.0
baseline,720575940627263162,right,0.0
baseline,720575940627264082,right,0.0
baseline,720575940627264488,right,0.0
baseline,720575940627276114,left,0.0
baseline,720575940627278235,left,0.0
baseline,720575940627282002,right,0.0
baseline,720575940627282408,left,0.0
baseline,720575940627284123,left,0.0
baseline,720575940627292218,right,0.0
baseline,720575940627295260,left,0.0
baseline,720575940627295802,right,0.0
baseline,720575940627298639,left,0.0
baseline,720575940627307855,right,0.0
baseline,720575940627309329,left,0.0
baseline,720575940627332100,right,0.0
baseline,720575940627336209,right,0.0
baseline,720575940627342674,left,0.0
baseline,720575940627343108,left,0.0
baseline,720575940627343377,left,0.0
baseline,720575940627351751,right,0.0
baseline,720575940627353031,left,0.0
baseline,720575940627367189,right,0.0
baseline,720575940627372284,left,0.0
baseline,720575940627377937,left,0.0
baseline,720575940627389256,left,0.0
baseline,720575940627426837,right,0.0
baseline,720575940627429909,left,0.0
baseline,720575940627435592,left,0.0
baseline,720575940627441169,left,0.0
baseline,720575940627449243,left,0.0
baseline,720575940627450385,right,0.0
baseline,720575940627452689,right,0.0
baseline,720575940627479829,right,0.0
baseline,720575940627480363,left,0.0
baseline,720575940627480853,right,0.0
baseline,720575940627483179,left,0.0
baseline,720575940627483413,right,0.0
baseline,720575940627483464,left,0.0
baseline,720575940627491861,left,0.0
baseline,720575940627492117,left,0.0
baseline,720575940627493141,right,0.0
baseline,720575940627493653,right,0.0
baseline,720575940627519748,left,0.0
baseline,720575940627534339,left,0.0
baseline,720575940627543624,right,0.0
baseline,720575940627543695,right,0.0
baseline,720575940627546897,left,0.0
baseline,720575940627547153,left,0.0
baseline,720575940627550214,right,0.0
baseline,720575940627552168,right,0.0
baseline,720575940627552680,right,0.0
baseline,720575940627553691,right,0.0
baseline,720575940627558662,right,0.0
baseline,720575940627559759,left,0.0
baseline,720575940627561854,right,0.0
baseline,720575940627564616,left,0.0
baseline,720575940627568646,right,0.0
baseline,720575940627571972,left,0.0
baseline,720575940627572742,left,0.0
baseline,720575940627573659,right,0.0
baseline,720575940627573766,left,0.0
baseline,720575940627575464,left,0.0
baseline,720575940627576488,right,0.0
baseline,720575940627581700,left,0.0
baseline,720575940627583217,left,0.0
baseline,720575940627584262,left,0.0
baseline,720575940627585028,right,0.0
baseline,720575940627585286,right,0.0
baseline,720575940627587078,right,0.0
baseline,720575940627588337,left,0.0
baseline,720575940627588593,left,0.0
baseline,720575940627595848,right,0.0
baseline,720575940627598760,left,0.0
baseline,720575940627612675,left,0.0
baseline,720575940627615400,right,0.0
baseline,720575940627621626,right,0.0
baseline,720575940627626244,right,0.0
baseline,720575940627626695,left,0.0
baseline,720575940627628548,left,0.0
baseline,720575940627630154,right,0.0
baseline,720575940627660968,left,0.0
baseline,720575940627667355,left,0.0
baseline,720575940627687940,right,0.0
baseline,720575940627700484,right,0.0
baseline,720575940627709948,right,0.0
baseline,720575940627717575,left,0.0
baseline,720575940627741562,right,0.0
baseline,720575940627750647,right,0.0
baseline,720575940627768567,right,0.0
baseline,720575940627775938,right,0.0
baseline,720575940627776450,right,0.0
baseline,720575940627778564,right,0.0
baseline,720575940627782148,right,0.0
baseline,720575940627800446,left,0.0
baseline,720575940627801930,left,0.0
baseline,720575940627802618,left,0.0
baseline,720575940627804136,left,0.0
baseline,720575940627805928,left,0.0
baseline,720575940627808232,left,0.0
baseline,720575940627834359,right,0.0
baseline,720575940627834856,left,0.0
baseline,720575940627849463,right,0.0
baseline,720575940627851008,right,0.0
baseline,720575940627854568,right,0.0
baseline,720575940627857384,left,0.0
baseline,720575940627859688,left,0.0
baseline,720575940627861736,right,0.0
baseline,720575940627869928,left,0.0
baseline,720575940627902440,left,0.0
baseline,720575940627905223,left,0.0
baseline,720575940627906536,left,0.0
baseline,720575940627908624,right,0.0
baseline,720575940627910160,left,0.0
baseline,720575940627912464,left,0.0
baseline,720575940627912492,right,0.0
baseline,720575940627915280,left,0.0
baseline,720575940627920071,right,0.0
baseline,720575940627924935,right,0.0
baseline,720575940627930490,left,0.0
baseline,720575940627931466,right,0.0
baseline,720575940627932412,left,0.0
baseline,720575940627935996,left,0.0
baseline,720575940627936784,left,0.0
baseline,720575940627941242,left,0.0
baseline,720575940627947792,left,0.0
baseline,720575940627953607,left,0.0
baseline,720575940627958466,left,0.0
baseline,720575940627960826,left,0.0
baseline,720575940627964204,right,0.0
baseline,720575940627969786,left,0.0
baseline,720575940627985402,left,0.0
baseline,720575940627986220,right,0.0
baseline,720575940627987756,right,0.0
baseline,720575940627988474,left,0.0
baseline,720575940628002348,right,0.0
baseline,720575940628002822,right,0.0
baseline,720575940628012332,right,0.0
baseline,720575940628025799,left,0.0
baseline,720575940628045318,right,0.0
baseline,720575940628054839,right,0.0
baseline,720575940628055558,left,0.0
baseline,720575940628056375,right,0.0
baseline,720575940628060166,right,0.0
baseline,720575940628060934,right,0.0
baseline,720575940628060983,right,0.0
baseline,720575940628071409,right,0.0
baseline,720575940628072721,left,0.0
baseline,720575940628076038,right,0.0
baseline,720575940628079872,left,0.0
baseline,720575940628080902,left,0.0
baseline,720575940628084224,left,0.0
baseline,720575940628085489,left,0.0
baseline,720575940628095488,left,0.0
baseline,720575940628103806,right,0.0
baseline,720575940628107249,left,0.0
baseline,720575940628107776,left,0.0
baseline,720575940628115185,left,0.0
baseline,720575940628119555,left,0.0
baseline,720575940628120655,right,0.0
baseline,720575940628121287,right,0.0
baseline,720575940628128079,right,0.0
baseline,720575940628132938,left,0.0
baseline,720575940628134266,left,0.0
baseline,720575940628134915,left,0.0
baseline,720575940628137478,left,0.0
baseline,720575940628137969,left,0.0
baseline,720575940628138246,right,0.0
baseline,720575940628145411,left,0.0
baseline,720575940628145667,left,0.0
baseline,720575940628147718,right,0.0
baseline,720575940628152838,right,0.0
baseline,720575940628155395,left,0.0
baseline,720575940628163402,right,0.0
baseline,720575940628175363,right,0.0
baseline,720575940628186667,left,0.0
baseline,720575940628188732,right,0.0
baseline,720575940628190780,right,0.0
baseline,720575940628201259,right,0.0
baseline,720575940628209212,right,0.0
baseline,720575940628215056,right,0.0
baseline,720575940628217643,right,0.0
baseline,720575940628217899,left,0.0
baseline,720575940628218155,left,0.0
baseline,720575940628219692,left,0.0
baseline,720575940628225852,right,0.0
baseline,720575940628226604,left,0.0
baseline,720575940628238586,left,0.0
baseline,720575940628239110,left,0.0
baseline,720575940628239671,right,0.0
baseline,720575940628240122,left,0.0
baseline,720575940628245559,left,0.0
baseline,720575940628254263,left,0.0
baseline,720575940628257914,right,0.0
baseline,720575940628259914,right,0.0
baseline,720575940628265039,left,0.0
baseline,720575940628269391,right,0.0
baseline,720575940628269628,right,0.0
baseline,720575940628270235,left,0.0
baseline,720575940628291407,right,0.0
baseline,720575940628295242,right,0.0
baseline,720575940628297627,right,0.0
baseline,720575940628300529,right,0.0
baseline,720575940628301303,left,0.0
baseline,720575940628304113,left,0.0
baseline,720575940628304578,right,0.0
baseline,720575940628306075,right,0.0
baseline,720575940628308215,left,0.0
baseline,720575940628309186,right,0.0
baseline,720575940628312049,right,0.0
baseline,720575940628318193,left,0.0
baseline,720575940628321539,right,0.0
baseline,720575940628330240,left,0.0
baseline,720575940628331625,right,0.0
baseline,720575940628350211,right,0.0
baseline,720575940628353244,right,0.0
baseline,720575940628355843,left,0.0
baseline,720575940628359895,right,0.0
baseline,720575940628363642,left,0.0
baseline,720575940628365783,right,0.0
baseline,720575940628367836,right,0.0
baseline,720575940628374121,right,0.0
baseline,720575940628375255,right,0.0
baseline,720575940628376080,left,0.0
baseline,720575940628385546,left,0.0
baseline,720575940628394716,right,0.0
baseline,720575940628398295,right,0.0
baseline,720575940628400439,left,0.0
baseline,720575940628400940,left,0.0
baseline,720575940628404188,right,0.0
baseline,720575940628405882,left,0.0
baseline,720575940628406828,left,0.0
baseline,720575940628408055,right,0.0
baseline,720575940628411002,left,0.0
baseline,720575940628411612,right,0.0
baseline,720575940628412892,right,0.0
baseline,720575940628413799,left,0.0
baseline,720575940628414567,right,0.0
baseline,720575940628415079,right,0.0
baseline,720575940628424527,left,0.0
baseline,720575940628431042,left,0.0
baseline,720575940628431719,left,0.0
baseline,720575940628432834,left,0.0
baseline,720575940628433511,right,0.0
baseline,720575940628447491,right,0.0
baseline,720575940628471392,right,0.0
baseline,720575940628476716,right,0.0
baseline,720575940628484396,left,0.0
baseline,720575940628491792,right,0.0
baseline,720575940628495104,left,0.0
baseline,720575940628506732,right,0.0
baseline,720575940628514156,right,0.0
baseline,720575940628519020,right,0.0
baseline,720575940628531308,right,0.0
baseline,720575940628533356,right,0.0
baseline,720575940628536055,left,0.0
baseline,720575940628538112,left,0.0
baseline,720575940628538679,right,0.0
baseline,720575940628554999,left,0.0
baseline,720575940628557527,left,0.0
baseline,720575940628561111,left,0.0
baseline,720575940628569815,left,0.0
baseline,720575940628574715,right,0.0
baseline,720575940628581123,left,0.0
baseline,720575940628582915,left,0.0
baseline,720575940628590595,right,0.0
baseline,720575940628593884,left,0.0
baseline,720575940628599555,left,0.0
baseline,720575940628608272,right,0.0
baseline,720575940628610012,left,0.0
baseline,720575940628610811,right,0.0
baseline,720575940628612112,right,0.0
baseline,720575940628640079,right,0.0
baseline,720575940628641847,left,0.0
baseline,720575940628644855,left,0.0
baseline,720575940628651575,left,0.0
baseline,720575940628651792,right,0.0
baseline,720575940628675644,left,0.0
baseline,720575940628684588,left,0.0
baseline,720575940628685059,right,0.0
baseline,720575940628685884,left,0.0
baseline,720575940628687259,right,0.0
baseline,720575940628689963,right,0.0
baseline,720575940628694007,right,0.0
baseline,720575940628694991,right,0.0
baseline,720575940628695414,right,0.0
baseline,720575940628697872,left,0.0
baseline,720575940628697982,right,0.0
baseline,720575940628708460,left,0.0
baseline,720575940628711631,right,0.0
baseline,720575940628714358,right,0.0
baseline,720575940628716588,left,0.0
baseline,720575940628724284,right,0.0
baseline,720575940628725455,right,0.0
baseline,720575940628732471,left,0.0
baseline,720575940628735275,right,0.0
baseline,720575940628741881,right,0.0
baseline,720575940628755023,left,0.0
baseline,720575940628761039,right,0.0
baseline,720575940628766467,left,0.0
baseline,720575940628766679,left,0.0
baseline,720575940628773113,right,0.0
baseline,720575940628773675,left,0.0
baseline,720575940628777466,left,0.0
baseline,720575940628777948,left,0.0
baseline,720575940628787962,right,0.0
baseline,720575940628788496,right,0.0
baseline,720575940628798799,left,0.0
baseline,720575940628800762,right,0.0
baseline,720575940628802042,left,0.0
baseline,720575940628806876,left,0.0
baseline,720575940628807503,right,0.0
baseline,720575940628808186,left,0.0
baseline,720575940628817914,left,0.0
baseline,720575940628818682,left,0.0
baseline,720575940628826873,right,0.0
baseline,720575940628829148,left,0.0
baseline,720575940628830551,right,0.0
baseline,720575940628836345,right,0.0
baseline,720575940628842839,right,0.0
baseline,720575940628843931,left,0.0
baseline,720575940628844187,left,0.0
baseline,720575940628863036,left,0.0
baseline,720575940628868943,right,0.0
baseline,720575940628876860,left,0.0
baseline,720575940628885591,right,0.0
baseline,720575940628887887,right,0.0
baseline,720575940628888796,left,0.0
baseline,720575940628895831,right,0.0
baseline,720575940628901246,left,0.0
baseline,720575940628902764,left,0.0
baseline,720575940628906622,left,0.0
baseline,720575940628915574,left,0.0
baseline,720575940628917980,right,0.0
baseline,720575940628920987,left,0.0
baseline,720575940628924887,left,0.0
baseline,720575940628937590,left,0.0
baseline,720575940628975482,right,0.0
baseline,720575940628983963,right,0.0
baseline,720575940628999579,right,0.0
baseline,720575940629010331,right,0.0
baseline,720575940629020794,right,0.0
baseline,720575940629022875,right,0.0
baseline,720575940629029370,left,0.0
baseline,720575940629031323,left,0.0
baseline,720575940629036997,right,0.0
baseline,720575940629059943,left,0.0
baseline,720575940629067351,left,0.0
baseline,720575940629072999,left,0.0
baseline,720575940629074540,left,0.0
baseline,720575940629079707,right,0.0
baseline,720575940629088450,right,0.0
baseline,720575940629108094,right,0.0
baseline,720575940629119737,left,0.0
baseline,720575940629127109,right,0.0
baseline,720575940629127936,left,0.0
baseline,720575940629129472,left,0.0
baseline,720575940629132288,left,0.0
baseline,720575940629133056,right,0.0
baseline,720575940629140071,right,0.0
baseline,720575940629141095,left,0.0
baseline,720575940629141607,left,0.0
baseline,720575940629148672,left,0.0
baseline,720575940629162348,left,0.0
baseline,720575940629162693,right,0.0
baseline,720575940629164283,right,0.0
baseline,720575940629166587,right,0.0
baseline,720575940629166592,right,0.0
baseline,720575940629172736,left,0.0
baseline,720575940629200631,left,0.0
baseline,720575940629201423,right,0.0
baseline,720575940629201871,left,0.0
baseline,720575940629202167,right,0.0
baseline,720575940629211666,right,0.0
baseline,720575940629222759,right,0.0
baseline,720575940629233145,right,0.0
baseline,720575940629236242,right,0.0
baseline,720575940629240079,right,0.0
baseline,720575940629254759,left,0.0
baseline,720575940629259638,right,0.0
baseline,720575940629260406,right,0.0
baseline,720575940629261143,left,0.0
baseline,720575940629261159,left,0.0
baseline,720575940629263975,left,0.0
baseline,720575940629270060,right,0.0
baseline,720575940629271596,right,0.0
baseline,720575940629277687,right,0.0
baseline,720575940629282391,left,0.0
baseline,720575940629291564,left,0.0
baseline,720575940629292844,left,0.0
baseline,720575940629294636,right,0.0
baseline,720575940629295916,left,0.0
baseline,720575940629296684,left,0.0
baseline,720575940629298885,left,0.0
baseline,720575940629299500,left,0.0
baseline,720575940629300043,right,0.0
baseline,720575940629304364,left,0.0
baseline,720575940629318394,right,0.0
baseline,720575940629319106,right,0.0
baseline,720575940629322746,left,0.0
baseline,720575940629328591,right,0.0
baseline,720575940629332606,right,0.0
baseline,720575940629335115,right,0.0
baseline,720575940629338821,left,0.0
baseline,720575940629342458,left,0.0
baseline,720575940629347791,right,0.0
baseline,720575940629356599,left,0.0
baseline,720575940629365804,right,0.0
baseline,720575940629388026,left,0.0
baseline,720575940629388239,right,0.0
baseline,720575940629397079,right,0.0
baseline,720575940629406012,right,0.0
baseline,720575940629417728,right,0.0
baseline,720575940629438202,left,0.0
baseline,720575940629438825,left,0.0
baseline,720575940629445626,left,0.0
baseline,720575940629445758,left,0.0
baseline,720575940629456146,left,0.0
baseline,720575940629471610,left,0.0
baseline,720575940629474090,right,0.0
baseline,720575940629477180,left,0.0
baseline,720575940629477674,right,0.0
baseline,720575940629477882,left,0.0
baseline,720575940629481935,left,0.0
baseline,720575940629482362,left,0.0
baseline,720575940629483095,left,0.0
baseline,720575940629485354,right,0.0
baseline,720575940629489103,left,0.0
baseline,720575940629492862,left,0.0
baseline,720575940629494543,left,0.0
baseline,720575940629498306,right,0.0
baseline,720575940629499330,left,0.0
baseline,720575940629500542,right,0.0
baseline,720575940629502506,right,0.0
baseline,720575940629504554,right,0.0
baseline,720575940629507450,right,0.0
baseline,720575940629507706,right,0.0
baseline,720575940629509829,left,0.0
baseline,720575940629515306,right,0.0
baseline,720575940629522474,right,0.0
baseline,720575940629529088,left,0.0
baseline,720575940629532098,right,0.0
baseline,720575940629532542,left,0.0
baseline,720575940629532759,left,0.0
baseline,720575940629535738,left,0.0
baseline,720575940629536894,right,0.0
baseline,720575940629541187,right,0.0
baseline,720575940629545027,right,0.0
baseline,720575940629557957,left,0.0
baseline,720575940629563006,right,0.0
baseline,720575940629578366,left,0.0
baseline,720575940629601810,left,0.0
baseline,720575940629611794,left,0.0
baseline,720575940629620239,left,0.0
baseline,720575940629621975,left,0.0
baseline,720575940629624702,right,0.0
baseline,720575940629625210,left,0.0
baseline,720575940629625466,right,0.0
baseline,720575940629631870,left,0.0
baseline,720575940629632894,right,0.0
baseline,720575940629633150,right,0.0
baseline,720575940629633406,left,0.0
baseline,720575940629638211,right,0.0
baseline,720575940629644666,right,0.0
baseline,720575940629663819,left,0.0
baseline,720575940629669879,left,0.0
baseline,720575940629671235,right,0.0
baseline,720575940629671491,right,0.0
baseline,720575940629675595,left,0.0
baseline,720575940629676363,left,0.0
baseline,720575940629693239,right,0.0
baseline,720575940629694027,left,0.0
baseline,720575940629696215,left,0.0
baseline,720575940629717034,left,0.0
baseline,720575940629723434,left,0.0
baseline,720575940629723690,left,0.0
baseline,720575940629724354,left,0.0
baseline,720575940629725711,right,0.0
baseline,720575940629730263,right,0.0
baseline,720575940629733314,right,0.0
baseline,720575940629734442,left,0.0
baseline,720575940629735163,left,0.0
baseline,720575940629746626,left,0.0
baseline,720575940629765451,left,0.0
baseline,720575940629765647,right,0.0
baseline,720575940629782091,right,0.0
baseline,720575940629787244,left,0.0
baseline,720575940629788012,right,0.0
baseline,720575940629788983,right,0.0
baseline,720575940629789292,right,0.0
baseline,720575940629792620,right,0.0
baseline,720575940629803264,left,0.0
baseline,720575940629804544,right,0.0
baseline,720575940629804857,right,0.0
baseline,720575940629814060,right,0.0
baseline,720575940629823563,right,0.0
baseline,720575940629824828,right,0.0
baseline,720575940629832978,left,0.0
baseline,720575940629834796,right,0.0
baseline,720575940629836087,right,0.0
baseline,720575940629839863,right,0.0
baseline,720575940629849196,right,0.0
baseline,720575940629853292,left,0.0
baseline,720575940629854764,right,0.0
baseline,720575940629855340,right,0.0
baseline,720575940629855596,right,0.0
baseline,720575940629856044,left,0.0
baseline,720575940629863737,right,0.0
baseline,720575940629871146,left,0.0
baseline,720575940629878519,left,0.0
baseline,720575940629888000,left,0.0
baseline,720575940629893162,left,0.0
baseline,720575940629894391,left,0.0
baseline,720575940629895484,right,0.0
baseline,720575940629899511,left,0.0
baseline,720575940629899820,left,0.0
baseline,720575940629909804,right,0.0
baseline,720575940629909815,left,0.0
baseline,720575940629911084,left,0.0
baseline,720575940629916728,left,0.0
baseline,720575940629916972,left,0.0
baseline,720575940629917228,right,0.0
baseline,720575940629917482,right,0.0
baseline,720575940629921398,right,0.0
baseline,720575940629921654,right,0.0
baseline,720575940629922166,right,0.0
baseline,720575940629942844,right,0.0
baseline,720575940629946428,left,0.0
baseline,720575940629949751,right,0.0
baseline,720575940629951292,right,0.0
baseline,720575940629952374,left,0.0
baseline,720575940629955446,left,0.0
baseline,720575940629960955,left,0.0
baseline,720575940629966710,left,0.0
baseline,720575940629967756,right,0.0
baseline,720575940629971191,right,0.0
baseline,720575940629973753,right,0.0
baseline,720575940629978666,right,0.0
baseline,720575940629979897,left,0.0
baseline,720575940629984579,left,0.0
baseline,720575940629997561,right,0.0
baseline,720575940630011708,left,0.0
baseline,720575940630023680,left,0.0
baseline,720575940630025788,right,0.0
baseline,720575940630026600,right,0.0
baseline,720575940630026856,right,0.0
baseline,720575940630036332,left,0.0
baseline,720575940630038156,right,0.0
baseline,720575940630039547,right,0.0
baseline,720575940630044985,left,0.0
baseline,720575940630047080,right,0.0
baseline,720575940630049337,left,0.0
baseline,720575940630060539,left,0.0
baseline,720575940630063415,right,0.0
baseline,720575940630063671,right,0.0
baseline,720575940630063676,right,0.0
baseline,720575940630067255,right,0.0
baseline,720575940630067816,right,0.0
baseline,720575940630067968,left,0.0
baseline,720575940630078348,right,0.0
baseline,720575940630094444,left,0.0
baseline,720575940630109756,right,0.0
baseline,720575940630114108,right,0.0
baseline,720575940630115388,right,0.0
baseline,720575940630139599,right,0.0
baseline,720575940630146135,right,0.0
baseline,720575940630159939,right,0.0
baseline,720575940630166646,left,0.0
baseline,720575940630170967,left,0.0
baseline,720575940630176047,right,0.0
baseline,720575940630179159,right,0.0
baseline,720575940630180935,right,0.0
baseline,720575940630188887,left,0.0
baseline,720575940630189624,left,0.0
baseline,720575940630189911,left,0.0
baseline,720575940630192682,left,0.0
baseline,720575940630193628,left,0.0
baseline,720575940630218552,right,0.0
baseline,720575940630219055,right,0.0
baseline,720575940630219567,right,0.0
baseline,720575940630222895,right,0.0
baseline,720575940630228271,right,0.0
baseline,720575940630250543,right,0.0
baseline,720575940630251576,right,0.0
baseline,720575940630263619,left,0.0
baseline,720575940630265952,right,0.0
baseline,720575940630269404,right,0.0
baseline,720575940630269660,right,0.0
baseline,720575940630272108,left,0.0
baseline,720575940630288440,left,0.0
baseline,720575940630290629,left,0.0
baseline,720575940630296913,right,0.0
baseline,720575940630299254,left,0.0
baseline,720575940630300613,right,0.0
baseline,720575940630312785,right,0.0
baseline,720575940630323961,left,0.0
baseline,720575940630331244,right,0.0
baseline,720575940630332753,right,0.0
baseline,720575940630336057,left,0.0
baseline,720575940630351903,right,0.0
baseline,720575940630360377,right,0.0
baseline,720575940630371641,left,0.0
baseline,720575940630372935,left,0.0
baseline,720575940630385403,right,0.0
baseline,720575940630391033,left,0.0
baseline,720575940630392684,left,0.0
baseline,720575940630394424,left,0.0
baseline,720575940630399340,left,0.0
baseline,720575940630399995,right,0.0
baseline,720575940630403855,left,0.0
baseline,720575940630411259,right,0.0
baseline,720575940630411535,right,0.0
baseline,720575940630411894,left,0.0
baseline,720575940630413087,right,0.0
baseline,720575940630414700,right,0.0
baseline,720575940630415268,right,0.0
baseline,720575940630418937,left,0.0
baseline,720575940630419364,right,0.0
baseline,720575940630419983,left,0.0
baseline,720575940630420985,right,0.0
baseline,720575940630425119,right,0.0
baseline,720575940630427131,left,0.0
baseline,720575940630428667,left,0.0
baseline,720575940630428921,left,0.0
baseline,720575940630430495,right,0.0
baseline,720575940630432932,right,0.0
baseline,720575940630436603,right,0.0
baseline,720575940630440808,left,0.0
baseline,720575940630443791,right,0.0
baseline,720575940630450852,right,0.0
baseline,720575940630452388,right,0.0
baseline,720575940630452495,left,0.0
baseline,720575940630456996,right,0.0
baseline,720575940630461265,left,0.0
baseline,720575940630464271,left,0.0
baseline,720575940630465420,left,0.0
baseline,720575940630467087,left,0.0
baseline,720575940630469647,left,0.0
baseline,720575940630471695,right,0.0
baseline,720575940630475513,right,0.0
baseline,720575940630477305,right,0.0
baseline,720575940630488827,left,0.0
baseline,720575940630493292,left,0.0
baseline,720575940630496118,right,0.0
baseline,720575940630497142,left,0.0
baseline,720575940630499343,left,0.0
baseline,720575940630511222,left,0.0
baseline,720575940630512471,left,0.0
baseline,720575940630519035,left,0.0
baseline,720575940630521145,left,0.0
baseline,720575940630525967,right,0.0
baseline,720575940630533650,left,0.0
baseline,720575940630537676,right,0.0
baseline,720575940630547916,right,0.0
baseline,720575940630555340,right,0.0
baseline,720575940630559225,left,0.0
baseline,720575940630560505,right,0.0
baseline,720575940630561484,right,0.0
baseline,720575940630571980,right,0.0
baseline,720575940630573260,right,0.0
baseline,720575940630578247,left,0.0
baseline,720575940630592460,right,0.0
baseline,720575940630598395,right,0.0
baseline,720575940630612620,right,0.0
baseline,720575940630613575,left,0.0
baseline,720575940630613835,right,0.0
baseline,720575940630616111,left,0.0
baseline,720575940630617681,left,0.0
baseline,720575940630620747,right,0.0
baseline,720575940630620812,left,0.0
baseline,720575940630634799,left,0.0
baseline,720575940630650711,right,0.0
baseline,720575940630651223,right,0.0
baseline,720575940630652663,left,0.0
baseline,720575940630668751,left,0.0
baseline,720575940630671890,right,0.0
baseline,720575940630675730,right,0.0
baseline,720575940630679895,right,0.0
baseline,720575940630682449,left,0.0
baseline,720575940630682927,left,0.0
baseline,720575940630687827,right,0.0
baseline,720575940630696443,left,0.0
baseline,720575940630705745,left,0.0
baseline,720575940630715410,left,0.0
baseline,720575940630722757,right,0.0
baseline,720575940630726085,left,0.0
baseline,720575940630731148,left,0.0
baseline,720575940630733137,right,0.0
baseline,720575940630751535,right,0.0
baseline,720575940630754252,left,0.0
baseline,720575940630759507,right,0.0
baseline,720575940630764741,right,0.0
baseline,720575940630767703,left,0.0
baseline,720575940630769962,left,0.0
baseline,720575940630775891,right,0.0
baseline,720575940630780755,right,0.0
baseline,720575940630786346,left,0.0
baseline,720575940630789071,left,0.0
baseline,720575940630792399,left,0.0
baseline,720575940630793413,left,0.0
baseline,720575940630823239,left,0.0
baseline,720575940630833706,left,0.0
baseline,720575940630834503,left,0.0
baseline,720575940630848740,left,0.0
baseline,720575940630849311,left,0.0
baseline,720575940630853948,right,0.0
baseline,720575940630862287,left,0.0
baseline,720575940630868013,right,0.0
baseline,720575940630868525,right,0.0
baseline,720575940630877903,left,0.0
baseline,720575940630878253,right,0.0
baseline,720575940630879533,right,0.0
baseline,720575940630881989,right,0.0
baseline,720575940630902083,right,0.0
baseline,720575940630906029,right,0.0
baseline,720575940630906179,left,0.0
baseline,720575940630906655,right,0.0
baseline,720575940630912512,right,0.0
baseline,720575940630917293,right,0.0
baseline,720575940630917573,left,0.0
baseline,720575940630920479,left,0.0
baseline,720575940630923693,right,0.0
baseline,720575940630926866,left,0.0
baseline,720575940630935570,right,0.0
baseline,720575940630936915,left,0.0
baseline,720575940630947395,right,0.0
baseline,720575940630949187,right,0.0
baseline,720575940630961464,left,0.0
baseline,720575940630966840,right,0.0
baseline,720575940630969555,right,0.0
baseline,720575940630972747,left,0.0
baseline,720575940630983186,left,0.0
baseline,720575940630987091,left,0.0
baseline,720575940630999327,left,0.0
baseline,720575940631002386,right,0.0
baseline,720575940631003151,left,0.0
baseline,720575940631003410,left,0.0
baseline,720575940631017124,left,0.0
baseline,720575940631017932,right,0.0
baseline,720575940631019468,right,0.0
baseline,720575940631024682,right,0.0
baseline,720575940631024911,right,0.0
baseline,720575940631027148,left,0.0
baseline,720575940631034955,left,0.0
baseline,720575940631035154,right,0.0
baseline,720575940631036687,left,0.0
baseline,720575940631041823,left,0.0
baseline,720575940631043896,left,0.0
baseline,720575940631048267,right,0.0
baseline,720575940631054540,right,0.0
baseline,720575940631056971,left,0.0
baseline,720575940631057209,left,0.0
baseline,720575940631062603,right,0.0
baseline,720575940631088402,right,0.0
baseline,720575940631089935,right,0.0
baseline,720575940631093007,left,0.0
baseline,720575940631100175,left,0.0
baseline,720575940631106319,left,0.0
baseline,720575940631108179,left,0.0
baseline,720575940631141699,left,0.0
baseline,720575940631143383,right,0.0
baseline,720575940631154380,left,0.0
baseline,720575940631167811,left,0.0
baseline,720575940631177035,right,0.0
baseline,720575940631186861,left,0.0
baseline,720575940631201079,left,0.0
baseline,720575940631203384,left,0.0
baseline,720575940631216682,right,0.0
baseline,720575940631237433,right,0.0
baseline,720575940631256168,right,0.0
baseline,720575940631262125,left,0.0
baseline,720575940631272515,left,0.0
baseline,720575940631275821,left,0.0
baseline,720575940631284012,right,0.0
baseline,720575940631292202,left,0.0
baseline,720575940631295018,left,0.0
baseline,720575940631302186,left,0.0
baseline,720575940631305164,left,0.0
baseline,720575940631307053,left,0.0
baseline,720575940631335417,left,0.0
baseline,720575940631336930,right,0.0
baseline,720575940631342476,right,0.0
baseline,720575940631351619,right,0.0
baseline,720575940631360429,left,0.0
baseline,720575940631379783,left,0.0
baseline,720575940631387463,right,0.0
baseline,720575940631387719,left,0.0
baseline,720575940631388231,right,0.0
baseline,720575940631388743,left,0.0
baseline,720575940631399978,right,0.0
baseline,720575940631403335,left,0.0
baseline,720575940631406547,right,0.0
baseline,720575940631408199,right,0.0
baseline,720575940631408610,right,0.0
baseline,720575940631425235,right,0.0
baseline,720575940631432403,right,0.0
baseline,720575940631434722,right,0.0
baseline,720575940631435345,left,0.0
baseline,720575940631447363,right,0.0
baseline,720575940631448531,right,0.0
baseline,720575940631448913,left,0.0
baseline,720575940631451897,left,0.0
baseline,720575940631453763,right,0.0
baseline,720575940631453922,right,0.0
baseline,720575940631458371,right,0.0
baseline,720575940631470417,left,0.0
baseline,720575940631471185,left,0.0
baseline,720575940631483949,left,0.0
baseline,720575940631485251,right,0.0
baseline,720575940631490371,left,0.0
baseline,720575940631492419,left,0.0
baseline,720575940631498819,right,0.0
baseline,720575940631499587,left,0.0
baseline,720575940631502509,right,0.0
baseline,720575940631531055,right,0.0
baseline,720575940631549743,right,0.0
baseline,720575940631553164,right,0.0
baseline,720575940631555128,left,0.0
baseline,720575940631562031,left,0.0
baseline,720575940631565359,left,0.0
baseline,720575940631571247,left,0.0
baseline,720575940631573039,right,0.0
baseline,720575940631575599,right,0.0
baseline,720575940631575855,left,0.0
baseline,720575940631576109,left,0.0
baseline,720575940631577569,right,0.0
baseline,720575940631584057,left,0.0
baseline,720575940631587129,left,0.0
baseline,720575940631587897,left,0.0
baseline,720575940631589689,right,0.0
baseline,720575940631594809,right,0.0
baseline,720575940631601219,left,0.0
baseline,720575940631603267,right,0.0
baseline,720575940631603768,right,0.0
baseline,720575940631620921,right,0.0
baseline,720575940631621689,right,0.0
baseline,720575940631624673,right,0.0
baseline,720575940631624761,right,0.0
baseline,720575940631625272,right,0.0
baseline,720575940631626809,left,0.0
baseline,720575940631627843,right,0.0
baseline,720575940631630561,right,0.0
baseline,720575940631647043,right,0.0
baseline,720575940631650274,left,0.0
baseline,720575940631650361,left,0.0
baseline,720575940631655737,left,0.0
baseline,720575940631661281,right,0.0
baseline,720575940631662049,right,0.0
baseline,720575940631662147,left,0.0
baseline,720575940631665721,left,0.0
baseline,720575940631666243,left,0.0
baseline,720575940631667937,right,0.0
baseline,720575940631678689,right,0.0
baseline,720575940631686308,right,0.0
baseline,720575940631687332,left,0.0
baseline,720575940631687844,left,0.0
baseline,720575940631694137,right,0.0
baseline,720575940631701807,left,0.0
baseline,720575940631713384,left,0.0
baseline,720575940631716409,left,0.0
baseline,720575940631718969,left,0.0
baseline,720575940631731620,right,0.0
baseline,720575940631732328,left,0.0
baseline,720575940631741032,left,0.0
baseline,720575940631741613,left,0.0
baseline,720575940631754527,right,0.0
baseline,720575940631756136,right,0.0
baseline,720575940631759161,right,0.0
baseline,720575940631761183,left,0.0
baseline,720575940631761977,left,0.0
baseline,720575940631763257,left,0.0
baseline,720575940631764281,right,0.0
baseline,720575940631767353,left,0.0
baseline,720575940631769145,left,0.0
baseline,720575940631774776,left,0.0
baseline,720575940631775032,right,0.0
baseline,720575940631777567,right,0.0
baseline,720575940631782447,right,0.0
baseline,720575940631782712,right,0.0
baseline,720575940631791672,left,0.0
baseline,720575940631792184,left,0.0
baseline,720575940631792440,left,0.0
baseline,720575940631798888,right,0.0
baseline,720575940631801401,right,0.0
baseline,720575940631801631,right,0.0
baseline,720575940631827527,right,0.0
baseline,720575940631835673,right,0.0
baseline,720575940631840568,left,0.0
baseline,720575940631842956,right,0.0
baseline,720575940631843980,left,0.0
baseline,720575940631868999,right,0.0
baseline,720575940631875097,right,0.0
baseline,720575940631879193,right,0.0
baseline,720575940631880217,right,0.0
baseline,720575940631919756,left,0.0
baseline,720575940631926599,left,0.0
baseline,720575940631934348,left,0.0
baseline,720575940631943649,left,0.0
baseline,720575940631957319,left,0.0
baseline,720575940631964620,left,0.0
baseline,720575940631967575,right,0.0
baseline,720575940631975379,right,0.0
baseline,720575940631991879,right,0.0
baseline,720575940631994439,left,0.0
baseline,720575940631998023,right,0.0
baseline,720575940632001607,left,0.0
baseline,720575940632003409,right,0.0
baseline,720575940632006481,left,0.0
baseline,720575940632009356,right,0.0
baseline,720575940632010567,right,0.0
baseline,720575940632019247,right,0.0
baseline,720575940632030412,left,0.0
baseline,720575940632031372,left,0.0
baseline,720575940632034700,left,0.0
baseline,720575940632060641,left,0.0
baseline,720575940632068383,right,0.0
baseline,720575940632077081,left,0.0
baseline,720575940632077127,right,0.0
baseline,720575940632078929,right,0.0
baseline,720575940632081479,left,0.0
baseline,720575940632086865,left,0.0
baseline,720575940632098375,right,0.0
baseline,720575940632105809,left,0.0
baseline,720575940632111780,right,0.0
baseline,720575940632114658,left,0.0
baseline,720575940632115247,right,0.0
baseline,720575940632123439,right,0.0
baseline,720575940632123695,left,0.0
baseline,720575940632135249,right,0.0
baseline,720575940632144813,right,0.0
baseline,720575940632149039,left,0.0
baseline,720575940632164269,right,0.0
baseline,720575940632169007,right,0.0
baseline,720575940632172591,right,0.0
baseline,720575940632172770,left,0.0
baseline,720575940632173103,right,0.0
baseline,720575940632177453,left,0.0
baseline,720575940632179364,left,0.0
baseline,720575940632182692,right,0.0
baseline,720575940632195887,left,0.0
baseline,720575940632197935,right,0.0
baseline,720575940632203823,right,0.0
baseline,720575940632210145,right,0.0
baseline,720575940632221779,left,0.0
baseline,720575940632229788,right,0.0
baseline,720575940632233628,right,0.0
baseline,720575940632241828,left,0.0
baseline,720575940632271780,left,0.0
baseline,720575940632273378,left,0.0
baseline,720575940632306380,left,0.0
baseline,720575940632335129,left,0.0
baseline,720575940632336685,left,0.0
baseline,720575940632338145,left,0.0
baseline,720575940632342497,left,0.0
baseline,720575940632347423,left,0.0
baseline,720575940632351457,left,0.0
baseline,720575940632353499,right,0.0
baseline,720575940632357284,right,0.0
baseline,720575940632357984,right,0.0
baseline,720575940632358564,right,0.0
baseline,720575940632362015,left,0.0
baseline,720575940632364717,right,0.0
baseline,720575940632366623,right,0.0
baseline,720575940632370719,left,0.0
baseline,720575940632371040,right,0.0
baseline,720575940632371737,right,0.0
baseline,720575940632377375,right,0.0
baseline,720575940632388138,right,0.0
baseline,720575940632407635,left,0.0
baseline,720575940632433828,right,0.0
baseline,720575940632434340,right,0.0
baseline,720575940632437331,right,0.0
baseline,720575940632447827,left,0.0
baseline,720575940632453151,left,0.0
baseline,720575940632465945,right,0.0
baseline,720575940632473440,right,0.0
baseline,720575940632481363,right,0.0
baseline,720575940632495052,right,0.0
baseline,720575940632510048,right,0.0
baseline,720575940632525071,left,0.0
baseline,720575940632528671,right,0.0
baseline,720575940632529439,left,0.0
baseline,720575940632530207,left,0.0
baseline,720575940632531231,left,0.0
baseline,720575940632532255,right,0.0
baseline,720575940632532511,left,0.0
baseline,720575940632536780,right,0.0
baseline,720575940632552343,right,0.0
baseline,720575940632558675,right,0.0
baseline,720575940632582807,right,0.0
baseline,720575940632583831,right,0.0
baseline,720575940632584787,right,0.0
baseline,720575940632585043,right,0.0
baseline,720575940632592429,left,0.0
baseline,720575940632617164,right,0.0
baseline,720575940632635475,left,0.0
baseline,720575940632651932,left,0.0
baseline,720575940632652077,right,0.0
baseline,720575940632668973,right,0.0
baseline,720575940632676409,right,0.0
baseline,720575940632696877,left,0.0
baseline,720575940632704941,left,0.0
baseline,720575940632715053,left,0.0
baseline,720575940632718291,right,0.0
baseline,720575940632725459,right,0.0
baseline,720575940632728476,right,0.0
baseline,720575940632734253,left,0.0
baseline,720575940632735021,right,0.0
baseline,720575940632736045,right,0.0
baseline,720575940632737837,left,0.0
baseline,720575940632738093,left,0.0
baseline,720575940632745261,left,0.0
baseline,720575940632758041,left,0.0
baseline,720575940632804543,right,0.0
baseline,720575940632805037,right,0.0
baseline,720575940632813741,left,0.0
baseline,720575940632835298,left,0.0
baseline,720575940632835810,right,0.0
baseline,720575940632839085,right,0.0
baseline,720575940632841539,left,0.0
baseline,720575940632848045,right,0.0
baseline,720575940632849069,right,0.0
baseline,720575940632873645,left,0.0
baseline,720575940632904043,left,0.0
baseline,720575940632915937,left,0.0
baseline,720575940632917217,left,0.0
baseline,720575940632919265,right,0.0
baseline,720575940632925409,left,0.0
baseline,720575940632927405,right,0.0
baseline,720575940632928173,left,0.0
baseline,720575940632929178,right,0.0
baseline,720575940632929690,right,0.0
baseline,720575940632930458,right,0.0
baseline,720575940632932506,right,0.0
baseline,720575940632932762,right,0.0
baseline,720575940632940442,right,0.0
baseline,720575940632946272,left,0.0
baseline,720575940632950241,left,0.0
baseline,720575940632951266,right,0.0
baseline,720575940632963245,right,0.0
baseline,720575940632964269,right,0.0
baseline,720575940632964704,left,0.0
baseline,720575940632969567,right,0.0
baseline,720575940632980378,right,0.0
baseline,720575940632985495,left,0.0
baseline,720575940632988385,left,0.0
baseline,720575940633002040,left,0.0
baseline,720575940633004383,right,0.0
baseline,720575940633021631,left,0.0
baseline,720575940633023935,left,0.0
baseline,720575940633032599,left,0.0
baseline,720575940633034336,right,0.0
baseline,720575940633040223,right,0.0
baseline,720575940633043295,right,0.0
baseline,720575940633056467,right,0.0
baseline,720575940633058897,left,0.0
baseline,720575940633073760,right,0.0
baseline,720575940633074015,right,0.0
baseline,720575940633075163,right,0.0
baseline,720575940633093483,right,0.0
baseline,720575940633102361,left,0.0
baseline,720575940633103059,right,0.0
baseline,720575940633123609,right,0.0
baseline,720575940633140887,right,0.0
baseline,720575940633142170,left,0.0
baseline,720575940633146007,right,0.0
baseline,720575940633146475,right,0.0
baseline,720575940633155226,left,0.0
baseline,720575940633186771,right,0.0
baseline,720575940633188459,right,0.0
baseline,720575940633207962,right,0.0
baseline,720575940633210475,right,0.0
baseline,720575940633212779,right,0.0
baseline,720575940633215339,right,0.0
baseline,720575940633219775,left,0.0
baseline,720575940633224555,right,0.0
baseline,720575940633226603,right,0.0
baseline,720575940633231827,left,0.0
baseline,720575940633243755,right,0.0
baseline,720575940633247935,left,0.0
baseline,720575940633271191,left,0.0
baseline,720575940633289111,left,0.0
baseline,720575940633300927,right,0.0
baseline,720575940633301183,right,0.0
baseline,720575940633312482,right,0.0
baseline,720575940633323415,left,0.0
baseline,720575940633323674,left,0.0
baseline,720575940633333986,left,0.0
baseline,720575940633336727,left,0.0
baseline,720575940633340753,left,0.0
baseline,720575940633369425,left,0.0
baseline,720575940633386603,left,0.0
baseline,720575940633402082,right,0.0
baseline,720575940633416162,left,0.0
baseline,720575940633422687,left,0.0
baseline,720575940633466524,right,0.0
baseline,720575940633493660,right,0.0
baseline,720575940633496290,left,0.0
baseline,720575940633509471,right,0.0
baseline,720575940633516980,right,0.0
baseline,720575940633521588,right,0.0
baseline,720575940633550305,left,0.0
baseline,720575940633551028,right,0.0
baseline,720575940633551540,right,0.0
baseline,720575940633552820,right,0.0
baseline,720575940633560545,right,0.0
baseline,720575940633565154,right,0.0
baseline,720575940633566690,left,0.0
baseline,720575940633569215,left,0.0
baseline,720575940633569784,right,0.0
baseline,720575940633570808,right,0.0
baseline,720575940633572250,left,0.0
baseline,720575940633572506,left,0.0
baseline,720575940633575275,left,0.0
baseline,720575940633580024,right,0.0
baseline,720575940633596826,left,0.0
baseline,720575940633620940,left,0.0
baseline,720575940633622379,left,0.0
baseline,720575940633659802,left,0.0
baseline,720575940633673497,left,0.0
baseline,720575940633674521,left,0.0
baseline,720575940633676569,left,0.0
baseline,720575940633691161,left,0.0
baseline,720575940633710105,right,0.0
baseline,720575940633732448,left,0.0
baseline,720575940633742432,left,0.0
baseline,720575940633748505,left,0.0
baseline,720575940633750297,left,0.0
baseline,720575940633754804,left,0.0
baseline,720575940633755828,left,0.0
baseline,720575940633763832,left,0.0
baseline,720575940633771256,left,0.0
baseline,720575940633773849,right,0.0
baseline,720575940633785369,right,0.0
baseline,720575940633799961,left,0.0
baseline,720575940633802009,right,0.0
baseline,720575940633808665,left,0.0
baseline,720575940633813785,right,0.0
baseline,720575940633830392,left,0.0
baseline,720575940633851243,left,0.0
baseline,720575940633886765,right,0.0
baseline,720575940633904736,left,0.0
baseline,720575940633907607,left,0.0
baseline,720575940633908124,right,0.0
baseline,720575940633908887,right,0.0
baseline,720575940633911959,right,0.0
baseline,720575940633932951,right,0.0
baseline,720575940633934772,left,0.0
baseline,720575940633989999,right,0.0
baseline,720575940633996911,right,0.0
baseline,720575940634000495,right,0.0
baseline,720575940634001007,right,0.0
baseline,720575940634004892,left,0.0
baseline,720575940634006355,right,0.0
baseline,720575940634012015,right,0.0
baseline,720575940634018415,right,0.0
baseline,720575940634032376,left,0.0
baseline,720575940634045084,left,0.0
baseline,720575940634071476,left,0.0
baseline,720575940634072756,right,0.0
baseline,720575940634078200,right,0.0
baseline,720575940634107292,left,0.0
baseline,720575940634117216,right,0.0
baseline,720575940634131356,left,0.0
baseline,720575940634141024,left,0.0
baseline,720575940634146808,right,0.0
baseline,720575940634154140,right,0.0
baseline,720575940634163552,left,0.0
baseline,720575940634195448,left,0.0
baseline,720575940634199732,left,0.0
baseline,720575940634209376,left,0.0
baseline,720575940634231999,right,0.0
baseline,720575940634235744,right,0.0
baseline,720575940634236015,left,0.0
baseline,720575940634244788,left,0.0
baseline,720575940634294367,right,0.0
baseline,720575940634296951,right,0.0
baseline,720575940634342007,right,0.0
baseline,720575940634347360,right,0.0
baseline,720575940634351200,right,0.0
baseline,720575940634362999,right,0.0
baseline,720575940634377327,left,0.0
baseline,720575940634384224,left,0.0
baseline,720575940634429039,left,0.0
baseline,720575940634430103,right,0.0
baseline,720575940634442091,right,0.0
baseline,720575940634455403,left,0.0
baseline,720575940634463083,left,0.0
baseline,720575940634464869,right,0.0
baseline,720575940634468197,right,0.0
baseline,720575940634468463,right,0.0
baseline,720575940634490735,right,0.0
baseline,720575940634507639,left,0.0
baseline,720575940634510703,left,0.0
baseline,720575940634514533,right,0.0
baseline,720575940634546807,left,0.0
baseline,720575940634607511,left,0.0
baseline,720575940634608791,left,0.0
baseline,720575940634609815,left,0.0
baseline,720575940634638734,right,0.0
baseline,720575940634638990,right,0.0
baseline,720575940634640014,right,0.0
baseline,720575940634661806,right,0.0
baseline,720575940634664674,right,0.0
baseline,720575940634678895,left,0.0
baseline,720575940634701431,left,0.0
baseline,720575940634706789,left,0.0
baseline,720575940634709143,left,0.0
baseline,720575940634743903,left,0.0
baseline,720575940634759359,left,0.0
baseline,720575940634799295,left,0.0
baseline,720575940634800282,right,0.0
baseline,720575940634800759,right,0.0
baseline,720575940634808927,left,0.0
baseline,720575940634811743,left,0.0
baseline,720575940634836671,right,0.0
baseline,720575940634839487,right,0.0
baseline,720575940634839743,left,0.0
baseline,720575940634839988,right,0.0
baseline,720575940634842292,left,0.0
baseline,720575940634845029,left,0.0
baseline,720575940634849375,right,0.0
baseline,720575940634849460,right,0.0
baseline,720575940634858676,right,0.0
baseline,720575940634867039,left,0.0
baseline,720575940634868472,left,0.0
baseline,720575940634878047,right,0.0
baseline,720575940634890175,right,0.0
baseline,720575940634903397,left,0.0
baseline,720575940634906286,left,0.0
baseline,720575940634914552,right,0.0
baseline,720575940634916088,left,0.0
baseline,720575940634920543,right,0.0
baseline,720575940634923967,left,0.0
baseline,720575940634935194,left,0.0
baseline,720575940634937951,right,0.0
baseline,720575940634939034,right,0.0
baseline,720575940634939546,left,0.0
baseline,720575940634942362,right,0.0
baseline,720575940634948703,left,0.0
baseline,720575940634951007,right,0.0
baseline,720575940634953055,left,0.0
baseline,720575940634954164,right,0.0
baseline,720575940634959461,left,0.0
baseline,720575940634967962,right,0.0
baseline,720575940634968939,left,0.0
baseline,720575940634969701,right,0.0
baseline,720575940634975851,right,0.0
baseline,720575940634977893,right,0.0
baseline,720575940634989560,right,0.0
baseline,720575940634992735,left,0.0
baseline,720575940635006559,left,0.0
baseline,720575940635012238,left,0.0
baseline,720575940635016048,right,0.0
baseline,720575940635031403,left,0.0
baseline,720575940635033701,right,0.0
baseline,720575940635035278,left,0.0
baseline,720575940635075179,left,0.0
baseline,720575940635110286,right,0.0
baseline,720575940635144078,left,0.0
baseline,720575940635150990,right,0.0
baseline,720575940635153294,right,0.0
baseline,720575940635213998,right,0.0
baseline,720575940635286958,left,0.0
baseline,720575940635288943,right,0.0
baseline,720575940635291247,left,0.0
baseline,720575940635309304,right,0.0
baseline,720575940635353592,left,0.0
baseline,720575940635361454,left,0.0
baseline,720575940635370096,left,0.0
baseline,720575940635386616,right,0.0
baseline,720575940635389808,left,0.0
baseline,720575940635397880,left,0.0
baseline,720575940635415664,left,0.0
baseline,720575940635422320,left,0.0
baseline,720575940635425460,left,0.0
baseline,720575940635452408,right,0.0
baseline,720575940635465908,right,0.0
baseline,720575940635471608,left,0.0
baseline,720575940635489272,left,0.0
baseline,720575940635493044,left,0.0
baseline,720575940635498871,right,0.0
baseline,720575940635499888,right,0.0
baseline,720575940635509360,left,0.0
baseline,720575940635537271,left,0.0
baseline,720575940635538039,left,0.0
baseline,720575940635538807,left,0.0
baseline,720575940635541623,right,0.0
baseline,720575940635614942,right,0.0
baseline,720575940635628766,right,0.0
baseline,720575940635651735,left,0.0
baseline,720575940635656670,right,0.0
baseline,720575940635659486,right,0.0
baseline,720575940635668592,left,0.0
baseline,720575940635670128,left,0.0
baseline,720575940635696535,right,0.0
baseline,720575940635717743,left,0.0
baseline,720575940635719023,left,0.0
baseline,720575940635753071,left,0.0
baseline,720575940635800431,right,0.0
baseline,720575940635803876,right,0.0
baseline,720575940635807087,right,0.0
baseline,720575940635841399,left,0.0
baseline,720575940635850206,left,0.0
baseline,720575940635883748,right,0.0
baseline,720575940635884143,right,0.0
baseline,720575940635884911,right,0.0
baseline,720575940635899566,left,0.0
baseline,720575940635900773,left,0.0
baseline,720575940635908580,right,0.0
baseline,720575940635920814,left,0.0
baseline,720575940635953343,right,0.0
baseline,720575940636023438,left,0.0
baseline,720575940636026089,right,0.0
baseline,720575940636045175,right,0.0
baseline,720575940636048862,left,0.0
baseline,720575940636059226,right,0.0
baseline,720575940636069751,right,0.0
baseline,720575940636092393,right,0.0
baseline,720575940636114239,right,0.0
baseline,720575940636126783,right,0.0
baseline,720575940636134775,left,0.0
baseline,720575940636135543,right,0.0
baseline,720575940636135799,right,0.0
baseline,720575940636136567,right,0.0
baseline,720575940636143679,right,0.0
baseline,720575940636146409,right,0.0
baseline,720575940636159039,right,0.0
baseline,720575940636159198,right,0.0
baseline,720575940636168414,right,0.0
baseline,720575940636171383,left,0.0
baseline,720575940636171639,left,0.0
baseline,720575940636224142,right,0.0
baseline,720575940636230746,left,0.0
baseline,720575940636242039,right,0.0
baseline,720575940636246446,right,0.0
baseline,720575940636272862,left,0.0
baseline,720575940636291429,right,0.0
baseline,720575940636291941,left,0.0
baseline,720575940636294110,left,0.0
baseline,720575940636297700,left,0.0
baseline,720575940636302711,left,0.0
baseline,720575940636306789,left,0.0
baseline,720575940636316137,left,0.0
baseline,720575940636323982,left,0.0
baseline,720575940636325865,left,0.0
baseline,720575940636335984,left,0.0
baseline,720575940636352357,right,0.0
baseline,720575940636353934,left,0.0
baseline,720575940636356836,right,0.0
baseline,720575940636363621,left,0.0
baseline,720575940636364133,right,0.0
baseline,720575940636375653,right,0.0
baseline,720575940636381541,left,0.0
baseline,720575940636422372,right,0.0
baseline,720575940636426126,left,0.0
baseline,720575940636430437,right,0.0
baseline,720575940636431022,left,0.0
baseline,720575940636447630,right,0.0
baseline,720575940636488878,right,0.0
baseline,720575940636490894,left,0.0
baseline,720575940636508644,left,0.0
baseline,720575940636510015,left,0.0
baseline,720575940636513882,right,0.0
baseline,720575940636519598,right,0.0
baseline,720575940636528959,left,0.0
baseline,720575940636539790,left,0.0
baseline,720575940636547561,left,0.0
baseline,720575940636551086,right,0.0
baseline,720575940636553306,right,0.0
baseline,720575940636553390,right,0.0
baseline,720575940636553646,right,0.0
baseline,720575940636555182,left,0.0
baseline,720575940636560730,right,0.0
baseline,720575940636561636,left,0.0
baseline,720575940636561641,left,0.0
baseline,720575940636562916,left,0.0
baseline,720575940636562921,left,0.0
baseline,720575940636571310,left,0.0
baseline,720575940636576436,left,0.0
baseline,720575940636579817,left,0.0
baseline,720575940636605530,right,0.0
baseline,720575940636636486,right,0.0
baseline,720575940636640602,right,0.0
baseline,720575940636665262,right,0.0
baseline,720575940636675817,right,0.0
baseline,720575940636676976,left,0.0
baseline,720575940636677190,right,0.0
baseline,720575940636685894,right,0.0
baseline,720575940636695982,left,0.0
baseline,720575940636698286,left,0.0
baseline,720575940636698798,left,0.0
baseline,720575940636769343,right,0.0
baseline,720575940636839280,right,0.0
baseline,720575940636841286,left,0.0
baseline,720575940636848710,left,0.0
baseline,720575940636851824,left,0.0
baseline,720575940636877936,right,0.0
baseline,720575940636898281,right,0.0
baseline,720575940636909790,left,0.0
baseline,720575940636920542,right,0.0
baseline,720575940636946398,left,0.0
baseline,720575940636991856,right,0.0
baseline,720575940637037126,left,0.0
baseline,720575940637050933,right,0.0
baseline,720575940637055797,right,0.0
baseline,720575940637112390,left,0.0
baseline,720575940637118174,right,0.0
baseline,720575940637124422,left,0.0
baseline,720575940637143262,left,0.0
baseline,720575940637148486,right,0.0
baseline,720575940637164260,right,0.0
baseline,720575940637165157,left,0.0
baseline,720575940637169636,left,0.0
baseline,720575940637169998,right,0.0
baseline,720575940637171684,left,0.0
baseline,720575940637184078,right,0.0
baseline,720575940637186638,right,0.0
baseline,720575940637190990,right,0.0
baseline,720575940637211462,right,0.0
baseline,720575940637219918,right,0.0
baseline,720575940637222470,right,0.0
baseline,720575940637225798,right,0.0
baseline,720575940637255221,left,0.0
baseline,720575940637256245,left,0.0
baseline,720575940637277117,right,0.0
baseline,720575940637315418,right,0.0
baseline,720575940637316029,right,0.0
baseline,720575940637320381,right,0.0
baseline,720575940637333214,left,0.0
baseline,720575940637335518,left,0.0
baseline,720575940637339738,right,0.0
baseline,720575940637352511,left,0.0
baseline,720575940637372894,right,0.0
baseline,720575940637389902,left,0.0
baseline,720575940637395945,left,0.0
baseline,720575940637402995,left,0.0
baseline,720575940637404750,right,0.0
baseline,720575940637407209,right,0.0
baseline,720575940637412841,left,0.0
baseline,720575940637434601,right,0.0
baseline,720575940637435726,left,0.0
baseline,720575940637446453,left,0.0
baseline,720575940637446622,right,0.0
baseline,720575940637465054,right,0.0
baseline,720575940637487293,left,0.0
baseline,720575940637508698,right,0.0
baseline,720575940637508917,left,0.0
baseline,720575940637509173,left,0.0
baseline,720575940637509941,left,0.0
baseline,720575940637518558,left,0.0
baseline,720575940637526750,right,0.0
baseline,720575940637535797,left,0.0
baseline,720575940637539647,right,0.0
baseline,720575940637540952,right,0.0
baseline,720575940637580659,right,0.0
baseline,720575940637584755,right,0.0
baseline,720575940637594995,right,0.0
baseline,720575940637595507,right,0.0
baseline,720575940637618254,left,0.0
baseline,720575940637619534,left,0.0
baseline,720575940637657189,right,0.0
baseline,720575940637683790,left,0.0
baseline,720575940637685476,left,0.0
baseline,720575940637689688,right,0.0
baseline,720575940637695395,right,0.0
baseline,720575940637704765,right,0.0
baseline,720575940637707069,right,0.0
baseline,720575940637714264,right,0.0
baseline,720575940637725272,right,0.0
baseline,720575940637726180,right,0.0
baseline,720575940637733702,right,0.0
baseline,720575940637737021,right,0.0
baseline,720575940637740989,right,0.0
baseline,720575940637746520,right,0.0
baseline,720575940637754019,right,0.0
baseline,720575940637756349,right,0.0
baseline,720575940637769088,left,0.0
baseline,720575940637773117,right,0.0
baseline,720575940637774426,right,0.0
baseline,720575940637784548,left,0.0
baseline,720575940637787226,left,0.0
baseline,720575940637788019,left,0.0
baseline,720575940637788494,right,0.0
baseline,720575940637804260,right,0.0
baseline,720575940637810239,right,0.0
baseline,720575940637822323,left,0.0
baseline,720575940637826623,right,0.0
baseline,720575940637832255,left,0.0
baseline,720575940637835839,right,0.0
baseline,720575940637846618,right,0.0
baseline,720575940637849151,right,0.0
baseline,720575940637869028,right,0.0
baseline,720575940637869284,left,0.0
baseline,720575940637870820,left,0.0
baseline,720575940637890650,left,0.0
baseline,720575940637898429,left,0.0
baseline,720575940637907428,right,0.0
baseline,720575940637913158,left,0.0
baseline,720575940637920740,left,0.0
baseline,720575940637932009,left,0.0
baseline,720575940637945670,left,0.0
baseline,720575940637946968,left,0.0
baseline,720575940637949161,right,0.0
baseline,720575940637953764,left,0.0
baseline,720575940637954532,right,0.0
baseline,720575940637964521,right,0.0
baseline,720575940637964772,left,0.0
baseline,720575940637965028,left,0.0
baseline,720575940637970665,right,0.0
baseline,720575940637970921,left,0.0
baseline,720575940637973225,left,0.0
baseline,720575940637999950,right,0.0
baseline,720575940638013016,left,0.0
baseline,720575940638034751,left,0.0
baseline,720575940638053609,left,0.0
baseline,720575940638053693,left,0.0
baseline,720575940638053865,right,0.0
baseline,720575940638143805,left,0.0
baseline,720575940638161725,left,0.0
baseline,720575940638168804,left,0.0
baseline,720575940638179699,right,0.0
baseline,720575940638185048,left,0.0
baseline,720575940638195773,left,0.0
baseline,720575940638208627,left,0.0
baseline,720575940638228643,right,0.0
baseline,720575940638270080,left,0.0
baseline,720575940638391384,left,0.0
baseline,720575940638436405,left,0.0
baseline,720575940638444861,left,0.0
baseline,720575940638445894,right,0.0
baseline,720575940638446936,left,0.0
baseline,720575940638447677,left,0.0
baseline,720575940638467200,left,0.0
baseline,720575940638468678,right,0.0
baseline,720575940638469190,left,0.0
baseline,720575940638469309,left,0.0
baseline,720575940638472006,right,0.0
baseline,720575940638474112,left,0.0
baseline,720575940638480061,right,0.0
baseline,720575940638492349,left,0.0
baseline,720575940638496896,left,0.0
baseline,720575940638531637,right,0.0
baseline,720575940638535296,left,0.0
baseline,720575940638561102,right,0.0
baseline,720575940638567758,left,0.0
baseline,720575940638578510,left,0.0
baseline,720575940638592590,left,0.0
baseline,720575940638593102,left,0.0
baseline,720575940638619358,right,0.0
baseline,720575940638626613,right,0.0
baseline,720575940638662352,right,0.0
baseline,720575940638691200,left,0.0
baseline,720575940638724186,left,0.0
baseline,720575940638878416,left,0.0
baseline,720575940638888307,left,0.0
baseline,720575940638903248,right,0.0
baseline,720575940638925877,right,0.0
baseline,720575940638936629,left,0.0
baseline,720575940638936885,left,0.0
baseline,720575940638960547,left,0.0
baseline,720575940638962851,left,0.0
baseline,720575940638963363,left,0.0
baseline,720575940638963875,left,0.0
baseline,720575940638964131,right,0.0
baseline,720575940638975285,right,0.0
baseline,720575940638990397,left,0.0
baseline,720575940638992829,left,0.0
baseline,720575940638993853,left,0.0
baseline,720575940638995005,right,0.0
baseline,720575940639013210,left,0.0
baseline,720575940639018147,left,0.0
baseline,720575940639020707,left,0.0
baseline,720575940639022243,right,0.0
baseline,720575940639022755,left,0.0
baseline,720575940639023011,left,0.0
baseline,720575940639032995,left,0.0
baseline,720575940639043637,left,0.0
baseline,720575940639053776,left,0.0
baseline,720575940639056061,right,0.0
baseline,720575940639057085,right,0.0
baseline,720575940639057853,left,0.0
baseline,720575940639058109,left,0.0
baseline,720575940639069493,right,0.0
baseline,720575940639071029,right,0.0
baseline,720575940639071797,left,0.0
baseline,720575940639078717,right,0.0
baseline,720575940639090997,right,0.0
baseline,720575940639096125,left,0.0
baseline,720575940639099992,left,0.0
baseline,720575940639100248,left,0.0
baseline,720575940639100760,right,0.0
baseline,720575940639116888,right,0.0
baseline,720575940639117912,left,0.0
baseline,720575940639118168,right,0.0
baseline,720575940639124533,left,0.0
baseline,720575940639126069,left,0.0
baseline,720575940639126325,left,0.0
baseline,720575940639127861,left,0.0
baseline,720575940639128885,left,0.0
baseline,720575940639157968,right,0.0
baseline,720575940639158480,right,0.0
baseline,720575940639172560,right,0.0
baseline,720575940639188046,left,0.0
baseline,720575940639197262,left,0.0
baseline,720575940639202532,right,0.0
baseline,720575940639212632,left,0.0
baseline,720575940639218165,right,0.0
baseline,720575940639258613,right,0.0
baseline,720575940639267406,left,0.0
baseline,720575940639274574,right,0.0
baseline,720575940639278325,right,0.0
baseline,720575940639286606,right,0.0
baseline,720575940639309390,left,0.0
baseline,720575940639309902,left,0.0
baseline,720575940639328128,left,0.0
baseline,720575940639328640,left,0.0
baseline,720575940639381363,left,0.0
baseline,720575940639409315,right,0.0
baseline,720575940639417459,right,0.0
baseline,720575940639421555,left,0.0
baseline,720575940639441653,left,0.0
baseline,720575940639483125,left,0.0
baseline,720575940639497789,left,0.0
baseline,720575940639506749,right,0.0
baseline,720575940639515965,right,0.0
baseline,720575940639534451,right,0.0
baseline,720575940639534909,left,0.0
baseline,720575940639537213,right,0.0
baseline,720575940639543715,right,0.0
baseline,720575940639554675,right,0.0
baseline,720575940639588723,right,0.0
baseline,720575940639593587,right,0.0
baseline,720575940639624253,left,0.0
baseline,720575940639684440,left,0.0
baseline,720575940639684515,right,0.0
baseline,720575940639686232,right,0.0
baseline,720575940639686488,right,0.0
baseline,720575940639688611,right,0.0
baseline,720575940639726555,right,0.0
baseline,720575940639727067,right,0.0
baseline,720575940639727861,right,0.0
baseline,720575940639728984,left,0.0
baseline,720575940639730851,left,0.0
baseline,720575940639733211,right,0.0
baseline,720575940639749109,right,0.0
baseline,720575940639836288,left,0.0
baseline,720575940639846488,right,0.0
baseline,720575940639859840,left,0.0
baseline,720575940639860096,left,0.0
baseline,720575940639868288,left,0.0
baseline,720575940639881600,right,0.0
baseline,720575940639889141,left,0.0
baseline,720575940639903696,right,0.0
baseline,720575940639905232,left,0.0
baseline,720575940639911888,left,0.0
baseline,720575940639964032,left,0.0
baseline,720575940639974272,left,0.0
baseline,720575940639979648,left,0.0
baseline,720575940639980277,left,0.0
baseline,720575940639986048,right,0.0
baseline,720575940639988352,right,0.0
baseline,720575940639989120,left,0.0
baseline,720575940639996288,left,0.0
baseline,720575940640006528,left,0.0
baseline,720575940640115675,left,0.0
baseline,720575940640158939,left,0.0
baseline,720575940640242896,left,0.0
baseline,720575940640276955,right,0.0
baseline,720575940640292571,right,0.0
baseline,720575940640340725,left,0.0
baseline,720575940640401549,left,0.0
baseline,720575940640414683,left,0.0
baseline,720575940640451280,left,0.0
baseline,720575940640451536,left,0.0
baseline,720575940640468725,left,0.0
baseline,720575940640487669,right,0.0
baseline,720575940640566736,right,0.0
baseline,720575940640634787,right,0.0
baseline,720575940640646864,right,0.0
baseline,720575940640688336,right,0.0
baseline,720575940640688592,right,0.0
baseline,720575940640735629,left,0.0
baseline,720575940640756621,right,0.0
baseline,720575940640758157,right,0.0
baseline,720575940640856795,left,0.0
baseline,720575940640877965,left,0.0
baseline,720575940640883931,right,0.0
baseline,720575940640905205,right,0.0
baseline,720575940640923381,left,0.0
baseline,720575940641015285,left,0.0
baseline,720575940641065973,left,0.0
baseline,720575940641066229,left,0.0
baseline,720575940641079029,right,0.0
baseline,720575940641084405,right,0.0
baseline,720575940641355739,right,0.0
baseline,720575940641358811,left,0.0
baseline,720575940641360091,right,0.0
baseline,720575940641362907,right,0.0
baseline,720575940641536397,right,0.0
baseline,720575940641743501,left,0.0
baseline,720575940641765773,left,0.0
baseline,720575940641866912,right,0.0
baseline,720575940641889952,right,0.0
baseline,720575940641936584,right,0.0
baseline,720575940642010056,right,0.0
baseline,720575940642021064,right,0.0
baseline,720575940642022088,right,0.0
baseline,720575940642071437,left,0.0
baseline,720575940642089613,left,0.0
baseline,720575940642106824,left,0.0
baseline,720575940642108301,right,0.0
baseline,720575940642162573,right,0.0
baseline,720575940642193608,left,0.0
baseline,720575940642328736,right,0.0
baseline,720575940642338464,right,0.0
baseline,720575940642347936,right,0.0
baseline,720575940642383520,right,0.0
baseline,720575940642624200,left,0.0
baseline,720575940642638024,left,0.0
baseline,720575940642663368,left,0.0
baseline,720575940642926628,left,0.0
baseline,720575940642948887,right,0.0
baseline,720575940643055264,left,0.0
baseline,720575940643063200,right,0.0
baseline,720575940643128356,left,0.0
baseline,720575940643129124,left,0.0
baseline,720575940643163940,left,0.0
baseline,720575940643195159,left,0.0
baseline,720575940643266852,right,0.0
baseline,720575940643281262,right,0.0
baseline,720575940643287240,left,0.0
baseline,720575940643380759,left,0.0
baseline,720575940643398180,left,0.0
baseline,720575940643404744,right,0.0
baseline,720575940643406615,left,0.0
baseline,720575940643417879,left,0.0
baseline,720575940643418391,left,0.0
baseline,720575940643424535,left,0.0
baseline,720575940643448686,left,0.0
baseline,720575940643466094,left,0.0
baseline,720575940643473056,left,0.0
baseline,720575940643495840,left,0.0
baseline,720575940643497632,right,0.0
baseline,720575940643501472,right,0.0
baseline,720575940643504288,right,0.0
baseline,720575940643516360,left,0.0
baseline,720575940643544224,left,0.0
baseline,720575940643547296,right,0.0
baseline,720575940643623328,left,0.0
baseline,720575940643657376,left,0.0
baseline,720575940643741384,left,0.0
baseline,720575940643769544,right,0.0
baseline,720575940643823816,left,0.0
baseline,720575940643824072,left,0.0
baseline,720575940643830126,right,0.0
baseline,720575940643919982,left,0.0
baseline,720575940643973156,left,0.0
baseline,720575940643977508,left,0.0
baseline,720575940644136983,right,0.0
baseline,720575940644145687,left,0.0
baseline,720575940644153636,left,0.0
baseline,720575940644156695,left,0.0
baseline,720575940644157463,left,0.0
baseline,720575940644170519,left,0.0
baseline,720575940644238496,left,0.0
baseline,720575940644413732,right,0.0
baseline,720575940644423204,right,0.0
baseline,720575940644448292,left,0.0
baseline,720575940644472100,right,0.0
baseline,720575940644479267,right,0.0
baseline,720575940644490276,left,0.0
baseline,720575940644541640,left,0.0
baseline,720575940644554606,right,0.0
baseline,720575940644583534,right,0.0
baseline,720575940644587630,left,0.0
baseline,720575940644592494,right,0.0
baseline,720575940644598819,left,0.0
baseline,720575940644607854,right,0.0
baseline,720575940644609134,right,0.0
baseline,720575940644644387,left,0.0
baseline,720575940644677411,left,0.0
baseline,720575940644710964,right,0.0
baseline,720575940644742048,left,0.0
baseline,720575940644747572,right,0.0
baseline,720575940644759319,right,0.0
baseline,720575940644800535,left,0.0
baseline,720575940644805143,right,0.0
baseline,720575940644819223,left,0.0
baseline,720575940644837655,right,0.0
baseline,720575940644838766,right,0.0
baseline,720575940644843031,right,0.0
baseline,720575940644892963,left,0.0
baseline,720575940644940835,left,0.0
baseline,720575940644946211,right,0.0
baseline,720575940644974644,left,0.0
baseline,720575940645059107,left,0.0
baseline,720575940645089059,left,0.0
baseline,720575940645139508,left,0.0
baseline,720575940645186868,left,0.0
baseline,720575940645209966,left,0.0
baseline,720575940645210222,right,0.0
baseline,720575940645220718,left,0.0
baseline,720575940645221742,left,0.0
baseline,720575940645226862,left,0.0
baseline,720575940645236078,right,0.0
baseline,720575940645248878,right,0.0
baseline,720575940645269614,right,0.0
baseline,720575940645277294,left,0.0
baseline,720575940645303918,left,0.0
baseline,720575940645334126,left,0.0
baseline,720575940645344110,left,0.0
baseline,720575940645377668,right,0.0
baseline,720575940645385524,left,0.0
baseline,720575940645386884,right,0.0
baseline,720575940645390468,right,0.0
baseline,720575940645450548,left,0.0
baseline,720575940645544068,left,0.0
baseline,720575940645577348,left,0.0
baseline,720575940645682211,left,0.0
baseline,720575940645709335,left,0.0
baseline,720575940645714211,left,0.0
baseline,720575940645714723,left,0.0
baseline,720575940645747747,left,0.0
baseline,720575940645759523,right,0.0
baseline,720575940645819268,right,0.0
baseline,720575940645828740,right,0.0
baseline,720575940645858948,right,0.0
baseline,720575940645949316,left,0.0
baseline,720575940645993348,left,0.0
baseline,720575940646034740,right,0.0
baseline,720575940646229283,right,0.0
baseline,720575940646250275,left,0.0
baseline,720575940646262307,left,0.0
baseline,720575940646263331,right,0.0
baseline,720575940646289699,left,0.0
baseline,720575940646289955,left,0.0
baseline,720575940646290979,right,0.0
baseline,720575940646308148,right,0.0
baseline,720575940646346548,left,0.0
baseline,720575940646354211,left,0.0
baseline,720575940646419235,right,0.0
baseline,720575940646598788,right,0.0
baseline,720575940646602372,right,0.0
baseline,720575940646604932,left,0.0
baseline,720575940646606724,right,0.0
baseline,720575940646609028,right,0.0
baseline,720575940646646148,right,0.0
baseline,720575940646667828,right,0.0
baseline,720575940646682932,right,0.0
baseline,720575940646697780,right,0.0
baseline,720575940646773044,left,0.0
baseline,720575940646783284,left,0.0
baseline,720575940646789428,left,0.0
baseline,720575940647153796,right,0.0
baseline,720575940647214724,left,0.0
baseline,720575940647242116,left,0.0
baseline,720575940647714425,right,0.0
baseline,720575940647739513,right,0.0
baseline,720575940647973497,left,0.0
baseline,720575940648139129,left,0.0
baseline,720575940648205945,right,0.0
baseline,720575940648235641,right,0.0
baseline,720575940648246649,right,0.0
baseline,720575940648276089,right,0.0
baseline,720575940648993145,left,0.0
baseline,720575940648995705,right,0.0
baseline,720575940649008761,left,0.0
baseline,720575940649012857,right,0.0
baseline,720575940649020025,right,0.0
baseline,720575940649020537,left,0.0
baseline,720575940649022841,right,0.0
baseline,720575940649024633,left,0.0
baseline,720575940649228665,right,0.0
baseline,720575940649501817,left,0.0
baseline,720575940649536121,left,0.0
baseline,720575940649536377,right,0.0
baseline,720575940649622905,left,0.0
baseline,720575940649649529,right,0.0
baseline,720575940649650041,right,0.0
baseline,720575940649652089,left,0.0
baseline,720575940649682809,left,0.0
baseline,720575940649691513,right,0.0
baseline,720575940649691769,left,0.0
baseline,720575940649692281,left,0.0
baseline,720575940650260214,right,0.0
baseline,720575940650270710,right,0.0
baseline,720575940650519542,left,0.0
baseline,720575940650545398,left,0.0
baseline,720575940650706166,left,0.0
baseline,720575940650726390,left,0.0
baseline,720575940650740982,left,0.0
baseline,720575940650760438,left,0.0
baseline,720575940650786294,left,0.0
baseline,720575940651629046,left,0.0
baseline,720575940651816950,right,0.0
baseline,720575940651864822,left,0.0
baseline,720575940652035830,left,0.0
baseline,720575940652109046,left,0.0
baseline,720575940652200950,left,0.0
baseline,720575940652211958,left,0.0
baseline,720575940652311030,right,0.0
baseline,720575940652342006,right,0.0
baseline,720575940652403446,left,0.0
baseline,720575940652703393,right,0.0
baseline,720575940652784289,right,0.0
baseline,720575940652799649,right,0.0
baseline,720575940652809377,right,0.0
baseline,720575940652822945,right,0.0
baseline,720575940652837793,right,0.0
baseline,720575940652875169,right,0.0
baseline,720575940653078433,left,0.0
baseline,720575940653276833,left,0.0
baseline,720575940653313953,left,0.0
baseline,720575940653332385,right,0.0
baseline,720575940653339041,right,0.0
baseline,720575940653351841,left,0.0
baseline,720575940653460385,left,0.0
baseline,720575940654129057,left,0.0
baseline,720575940654483873,left,0.0
baseline,720575940654491553,right,0.0
baseline,720575940654606753,right,0.0
baseline,720575940654643617,left,0.0
baseline,720575940654647457,right,0.0
baseline,720575940654675873,left,0.0
baseline,720575940654752417,right,0.0
baseline,720575940654805665,left,0.0
baseline,720575940654808225,left,0.0
baseline,720575940654810017,left,0.0
baseline,720575940654810785,right,0.0
baseline,720575940654879137,left,0.0
baseline,720575940656078241,right,0.0
baseline,720575940657869953,right,0.0
baseline,720575940658101121,right,0.0
baseline,720575940658321793,left,0.0
baseline,720575940658489473,left,0.0
baseline,720575940658497409,left,0.0
baseline,720575940658726785,left,0.0
baseline,720575940658795137,right,0.0
baseline,720575940659297153,right,0.0
baseline,720575940659301249,left,0.0
baseline,720575940659314817,right,0.0
baseline,720575940659316609,right,0.0
baseline,720575940659323009,left,0.0
baseline,720575940659323521,left,0.0
baseline,720575940659392385,left,0.0
baseline,720575940659536257,right,0.0
baseline,720575940659577217,right,0.0
baseline,720575940659754625,left,0.0
baseline,720575940659763329,left,0.0
baseline,720575940659765121,right,0.0
baseline,720575940659780993,left,0.0
baseline,720575940659850113,right,0.0
baseline,720575940659879041,left,0.0
baseline,720575940659940225,right,0.0
baseline,720575940660047489,right,0.0
baseline,720575940661275009,left,0.0
baseline,720575940661337217,left,0.0
kc_set_a,720575940602553568,right,0.0
kc_set_a,720575940602564320,right,0.0
kc_set_a,720575940602605536,right,0.0
kc_set_a,720575940602815200,left,0.0
kc_set_a,720575940602829536,left,0.0
kc_set_a,720575940603045804,right,0.0
kc_set_a,720575940603050668,right,0.0
kc_set_a,720575940603084972,right,0.0
kc_set_a,720575940603111392,right,0.0
kc_set_a,720575940603174368,right,0.0
kc_set_a,720575940603268064,left,0.0
kc_set_a,720575940603317216,left,0.0
kc_set_a,720575940603520172,left,0.0
kc_set_a,720575940603642982,right,0.0
kc_set_a,720575940603673120,right,0.0
kc_set_a,720575940603674656,right,0.0
kc_set_a,720575940603687084,left,0.0
kc_set_a,720575940603688224,right,0.0
kc_set_a,720575940603719712,right,0.0
kc_set_a,720575940603721248,right,0.0
kc_set_a,720575940603747616,right,0.0
kc_set_a,720575940603751782,right,0.0
kc_set_a,720575940603773798,right,0.0
kc_set_a,720575940603882720,left,0.0
kc_set_a,720575940603883232,left,0.0
kc_set_a,720575940603984486,left,0.0
kc_set_a,720575940603988838,left,0.0
kc_set_a,720575940604008672,right,0.0
kc_set_a,720575940604050110,left,0.0
kc_set_a,720575940604093984,left,0.0
kc_set_a,720575940604103200,left,0.0
kc_set_a,720575940604126129,left,0.0
kc_set_a,720575940604131296,left,0.0
kc_set_a,720575940604132710,left,0.0
kc_set_a,720575940604168224,left,0.0
kc_set_a,720575940604182374,left,0.0
kc_set_a,720575940604249790,left,0.0
kc_set_a,720575940604304561,left,0.0
kc_set_a,720575940604318129,left,0.0
kc_set_a,720575940604319078,right,0.0
kc_set_a,720575940604402092,left,0.0
kc_set_a,720575940604435046,left,0.0
kc_set_a,720575940604466912,left,0.0
kc_set_a,720575940604478176,right,0.0
kc_set_a,720575940604483040,right,0.0
kc_set_a,720575940604489649,right,0.0
kc_set_a,720575940604493024,left,0.0
kc_set_a,720575940604497888,left,0.0
kc_set_a,720575940604500448,left,0.0
kc_set_a,720575940604505278,left,0.0
kc_set_a,720575940604509374,left,0.0
kc_set_a,720575940604550590,left,160.2
kc_set_a,720575940604557792,left,0.0
kc_set_a,720575940604576689,left,0.0
kc_set_a,720575940604620512,left,0.0
kc_set_a,720575940604626912,left,0.0
kc_set_a,720575940604630240,right,0.0
kc_set_a,720575940604630496,right,0.0
kc_set_a,720575940604766153,right,0.0
kc_set_a,720575940604770249,right,0.0
kc_set_a,720575940604806345,right,0.0
kc_set_a,720575940604824236,left,0.0
kc_set_a,720575940604833196,left,0.0
kc_set_a,720575940604860332,right,0.0
kc_set_a,720575940604884396,right,0.0
kc_set_a,720575940604908972,left,0.0
kc_set_a,720575940604924606,left,0.0
kc_set_a,720575940604934572,right,0.0
kc_set_a,720575940604935340,right,0.0
kc_set_a,720575940604961126,left,0.0
kc_set_a,720575940604961894,left,0.0
kc_set_a,720575940604962918,right,0.0
kc_set_a,720575940604963686,left,0.0
kc_set_a,720575940604963942,right,0.0
kc_set_a,720575940604978534,left,0.0
kc_set_a,720575940604985888,left,0.0
kc_set_a,720575940604991264,left,0.0
kc_set_a,720575940604997152,right,0.0
kc_set_a,720575940604999526,right,0.0
kc_set_a,720575940605000550,right,0.0
kc_set_a,720575940605029250,right,0.0
kc_set_a,720575940605036418,right,0.0
kc_set_a,720575940605060798,left,0.0
kc_set_a,720575940605083838,right,0.0
kc_set_a,720575940605167025,right,0.0
kc_set_a,720575940605171121,right,0.0
kc_set_a,720575940605180337,right,0.0
kc_set_a,720575940605180849,left,0.0
kc_set_a,720575940605184102,right,0.0
kc_set_a,720575940605196465,right,0.0
kc_set_a,720575940605197745,right,0.0
kc_set_a,720575940605199305,left,0.0
kc_set_a,720575940605236866,left,0.0
kc_set_a,720575940605246850,left,0.0
kc_set_a,720575940605252041,right,0.0
kc_set_a,720575940605290441,right,0.0
kc_set_a,720575940605312945,left,0.0
kc_set_a,720575940605338290,right,0.0
kc_set_a,720575940605350066,right,0.0
kc_set_a,720575940605362610,right,0.0
kc_set_a,720575940605407846,right,0.0
kc_set_a,720575940605412738,left,0.0
kc_set_a,720575940605421670,left,0.0
kc_set_a,720575940605424416,right,0.0
kc_set_a,720575940605431840,left,0.0
kc_set_a,720575940605436262,left,0.0
kc_set_a,720575940605441312,left,0.0
kc_set_a,720575940605449929,left,0.0
kc_set_a,720575940605451552,right,0.0
kc_set_a,720575940605452064,right,0.0
kc_set_a,720575940605488416,right,0.0
kc_set_a,720575940605491302,left,0.0
kc_set_a,720575940605507249,right,0.0
kc_set_a,720575940605528422,left,0.0
kc_set_a,720575940605541920,right,0.0
kc_set_a,720575940605544370,left,0.0
kc_set_a,720575940605550950,right,0.0
kc_set_a,720575940605551038,left,0.0
kc_set_a,720575940605551718,right,0.0
kc_set_a,720575940605552742,right,0.0
kc_set_a,720575940605557438,left,0.0
kc_set_a,720575940605559986,left,0.0
kc_set_a,720575940605565886,right,0.0
kc_set_a,720575940605597216,right,0.0
kc_set_a,720575940605606274,right,0.0
kc_set_a,720575940605619744,left,0.0
kc_set_a,720575940605620670,left,0.0
kc_set_a,720575940605620926,left,0.0
kc_set_a,720575940605621024,left,0.0
kc_set_a,720575940605625376,left,0.0
kc_set_a,720575940605627057,right,0.0
kc_set_a,720575940605664446,right,0.0
kc_set_a,720575940605664702,left,0.0
kc_set_a,720575940605705650,left,0.0
kc_set_a,720575940605792434,right,0.0
kc_set_a,720575940605792946,right,0.0
kc_set_a,720575940605817522,right,0.0
kc_set_a,720575940605829297,left,0.0
kc_set_a,720575940605841074,left,0.0
kc_set_a,720575940605925600,left,0.0
kc_set_a,720575940605934001,right,0.0
kc_set_a,720575940605985202,left,0.0
kc_set_a,720575940605995209,left,0.0
kc_set_a,720575940605997257,right,0.0
kc_set_a,720575940605997513,right,0.0
kc_set_a,720575940606009801,left,0.0
kc_set_a,720575940606123698,left,0.0
kc_set_a,720575940606195657,left,0.0
kc_set_a,720575940606201278,left,0.0
kc_set_a,720575940606331996,right,0.0
kc_set_a,720575940606335106,left,0.0
kc_set_a,720575940606341250,right,0.0
kc_set_a,720575940606347394,right,0.0
kc_set_a,720575940606399068,right,0.0
kc_set_a,720575940606433713,left,0.0
kc_set_a,720575940606436128,left,0.0
kc_set_a,720575940606452681,right,0.0
kc_set_a,720575940606454108,right,0.0
kc_set_a,720575940606477660,right,0.0
kc_set_a,720575940606483467,right,0.0
kc_set_a,720575940606483723,right,0.0
kc_set_a,720575940606496011,right,0.0
kc_set_a,720575940606515292,right,0.0
kc_set_a,720575940606549961,right,0.0
kc_set_a,720575940606579465,right,0.0
kc_set_a,720575940606602674,left,0.0
kc_set_a,720575940606621362,right,0.0
kc_set_a,720575940606662322,left,0.0
kc_set_a,720575940606663625,left,0.0
kc_set_a,720575940606666953,right,0.0
kc_set_a,720575940606667977,right,0.0
kc_set_a,720575940606675804,left,0.0
kc_set_a,720575940606680706,right,0.0
kc_set_a,720575940606683915,left,0.0
kc_set_a,720575940606687499,left,0.0
kc_set_a,720575940606691932,left,0.0
kc_set_a,720575940606694748,left,0.0
kc_set_a,720575940606698697,right,0.0
kc_set_a,720575940606700043,left,0.0
kc_set_a,720575940606715337,left,0.0
kc_set_a,720575940606725131,left,0.0
kc_set_a,720575940606729858,right,0.0
kc_set_a,720575940606730076,left,0.0
kc_set_a,720575940606745289,left,0.0
kc_set_a,720575940606747593,left,0.0
kc_set_a,720575940606773705,left,0.0
kc_set_a,720575940606775654,left,0.0
kc_set_a,720575940606783362,right,0.0
kc_set_a,720575940606796722,left,0.0
kc_set_a,720575940606850434,left,0.0
kc_set_a,720575940606851714,left,0.0
kc_set_a,720575940606853250,left,0.0
kc_set_a,720575940606864341,right,0.0
kc_set_a,720575940606890370,left,0.0
kc_set_a,720575940606891221,right,0.0
kc_set_a,720575940606892162,right,0.0
kc_set_a,720575940606892674,right,0.0
kc_set_a,720575940606893186,right,0.0
kc_set_a,720575940606902741,right,0.0
kc_set_a,720575940606909195,left,0.0
kc_set_a,720575940606910850,left,0.0
kc_set_a,720575940606929419,left,148.4
kc_set_a,720575940606940425,left,0.0
kc_set_a,720575940606941397,right,0.0
kc_set_a,720575940606947714,right,0.0
kc_set_a,720575940606947970,left,0.0
kc_set_a,720575940606948188,left,0.0
kc_set_a,720575940606954114,right,0.0
kc_set_a,720575940606954507,left,0.0
kc_set_a,720575940606954763,left,0.0
kc_set_a,720575940606963586,right,0.0
kc_set_a,720575940606967682,right,0.0
kc_set_a,720575940606967730,right,0.0
kc_set_a,720575940606968450,right,0.0
kc_set_a,720575940606968962,right,0.0
kc_set_a,720575940607010825,right,0.0
kc_set_a,720575940607030281,right,0.0
kc_set_a,720575940607038386,left,0.0
kc_set_a,720575940607054770,right,0.0
kc_set_a,720575940607146162,left,0.0
kc_set_a,720575940607154955,left,0.0
kc_set_a,720575940607168523,left,0.0
kc_set_a,720575940607168779,left,0.0
kc_set_a,720575940607177739,left,0.0
kc_set_a,720575940607177906,left,0.0
kc_set_a,720575940607180722,left,0.0
kc_set_a,720575940607185074,left,0.0
kc_set_a,720575940607280306,right,0.0
kc_set_a,720575940607280818,right,0.0
kc_set_a,720575940607310531,right,0.0
kc_set_a,720575940607330499,right,0.0
kc_set_a,720575940607337155,right,0.0
kc_set_a,720575940607337923,right,0.0
kc_set_a,720575940607348931,right,0.0
kc_set_a,720575940607351747,right,0.0
kc_set_a,720575940607352003,right,0.0
kc_set_a,720575940607520451,left,0.0
kc_set_a,720575940607623875,left,0.0
kc_set_a,720575940607674563,left,0.0
kc_set_a,720575940607685571,left,0.0
kc_set_a,720575940607698627,left,0.0
kc_set_a,720575940607715420,right,0.0
kc_set_a,720575940607721923,left,0.0
kc_set_a,720575940607722179,left,0.0
kc_set_a,720575940607763467,right,0.0
kc_set_a,720575940607792139,right,0.0
kc_set_a,720575940607793675,left,0.0
kc_set_a,720575940607804939,right,0.0
kc_set_a,720575940607809547,left,0.0
kc_set_a,720575940607828233,right,0.0
kc_set_a,720575940607900867,left,0.0
kc_set_a,720575940607930716,right,0.0
kc_set_a,720575940607971908,right,0.0
kc_set_a,720575940607978820,right,0.0
kc_set_a,720575940607981636,right,0.0
kc_set_a,720575940607983369,left,0.0
kc_set_a,720575940607984651,right,0.0
kc_set_a,720575940607993668,right,0.0
kc_set_a,720575940608015627,right,0.0
kc_set_a,720575940608126386,left,0.0
kc_set_a,720575940608145877,right,0.0
kc_set_a,720575940608148693,right,0.0
kc_set_a,720575940608152021,left,0.0
kc_set_a,720575940608158300,left,0.0
kc_set_a,720575940608158677,left,0.0
kc_set_a,720575940608176514,right,0.0
kc_set_a,720575940608177988,left,0.0
kc_set_a,720575940608184156,left,0.0
kc_set_a,720575940608191836,right,0.0
kc_set_a,720575940608192860,left,0.0
kc_set_a,720575940608211268,left,0.0
kc_set_a,720575940608277852,left,0.0
kc_set_a,720575940608281180,right,0.0
kc_set_a,720575940608286556,right,0.0
kc_set_a,720575940608312533,right,0.0
kc_set_a,720575940608313301,left,0.0
kc_set_a,720575940608328713,right,0.0
kc_set_a,720575940608344331,left,0.0
kc_set_a,720575940608345867,right,0.0
kc_set_a,720575940608363844,left,0.0
kc_set_a,720575940608383243,right,0.0
kc_set_a,720575940608386315,right,0.0
kc_set_a,720575940608393739,right,0.0
kc_set_a,720575940608399115,left,0.0
kc_set_a,720575940608407049,left,0.0
kc_set_a,720575940608407305,left,0.0
kc_set_a,720575940608413193,left,0.0
kc_set_a,720575940608428555,left,0.0
kc_set_a,720575940608433476,right,0.0
kc_set_a,720575940608437769,left,0.0
kc_set_a,720575940608447241,right,0.0
kc_set_a,720575940608452617,left,0.0
kc_set_a,720575940608456715,right,0.0
kc_set_a,720575940608471563,left,0.0
kc_set_a,720575940608496835,left,0.0
kc_set_a,720575940608505795,right,0.0
kc_set_a,720575940608517385,right,0.0
kc_set_a,720575940608524483,right,0.0
kc_set_a,720575940608525763,left,0.0
kc_set_a,720575940608527150,right,0.0
kc_set_a,720575940608527299,left,0.0
kc_set_a,720575940608530955,left,0.0
kc_set_a,720575940608532675,right,0.0
kc_set_a,720575940608535747,left,0.0
kc_set_a,720575940608535819,left,0.0
kc_set_a,720575940608537027,left,0.0
kc_set_a,720575940608544011,left,0.0
kc_set_a,720575940608550409,right,0.0
kc_set_a,720575940608564233,left,0.0
kc_set_a,720575940608571145,left,0.0
kc_set_a,720575940608621614,right,0.0
kc_set_a,720575940608631342,right,0.0
kc_set_a,720575940608633045,left,143.0
kc_set_a,720575940608633134,right,0.0
kc_set_a,720575940608644654,right,0.0
kc_set_a,720575940608655918,right,0.0
kc_set_a,720575940608657621,right,0.0
kc_set_a,720575940608662485,right,0.0
kc_set_a,720575940608662574,right,0.0
kc_set_a,720575940608663765,left,0.0
kc_set_a,720575940608682453,left,0.0
kc_set_a,720575940608708875,left,0.0
kc_set_a,720575940608767957,left,0.0
kc_set_a,720575940608768213,right,0.0
kc_set_a,720575940608772821,right,0.0
kc_set_a,720575940608774776,right,0.0
kc_set_a,720575940608801749,right,0.0
kc_set_a,720575940608806776,right,0.0
kc_set_a,720575940608810709,left,0.0
kc_set_a,720575940608820600,right,0.0
kc_set_a,720575940608823509,right,0.0
kc_set_a,720575940608997571,left,0.0
kc_set_a,720575940609006200,left,0.0
kc_set_a,720575940609006712,left,0.0
kc_set_a,720575940609066030,right,0.0
kc_set_a,720575940609097058,right,0.0
kc_set_a,720575940609104579,right,0.0
kc_set_a,720575940609132642,right,0.0
kc_set_a,720575940609133102,right,0.0
kc_set_a,720575940609143672,right,0.0
kc_set_a,720575940609149394,right,0.0
kc_set_a,720575940609153746,right,0.0
kc_set_a,720575940609163986,right,0.0
kc_set_a,720575940609169762,right,0.0
kc_set_a,720575940609171576,left,0.0
kc_set_a,720575940609179331,right,0.0
kc_set_a,720575940609184210,right,0.0
kc_set_a,720575940609190866,right,0.0
kc_set_a,720575940609200708,left,0.0
kc_set_a,720575940609202244,left,0.0
kc_set_a,720575940609203268,left,0.0
kc_set_a,720575940609208530,right,0.0
kc_set_a,720575940609220291,right,0.0
kc_set_a,720575940609226702,right,0.0
kc_set_a,720575940609271854,left,0.0
kc_set_a,720575940609318446,left,0.0
kc_set_a,720575940609347448,left,0.0
kc_set_a,720575940609371086,right,0.0
kc_set_a,720575940609378424,left,0.0
kc_set_a,720575940609399506,left,0.0
kc_set_a,720575940609405646,right,0.0
kc_set_a,720575940609533538,left,0.0
kc_set_a,720575940609555922,left,0.0
kc_set_a,720575940609573842,left,0.0
kc_set_a,720575940609634571,right,0.0
kc_set_a,720575940609651554,right,0.0
kc_set_a,720575940609676100,left,0.0
kc_set_a,720575940609684946,right,0.0
kc_set_a,720575940609694818,right,0.0
kc_set_a,720575940609708100,left,0.0
kc_set_a,720575940609747780,left,0.0
kc_set_a,720575940609768290,left,0.0
kc_set_a,720575940609781966,left,0.0
kc_set_a,720575940609836898,left,0.0
kc_set_a,720575940609871253,right,0.0
kc_set_a,720575940609873358,right,0.0
kc_set_a,720575940609921230,right,0.0
kc_set_a,720575940609935310,right,0.0
kc_set_a,720575940609940373,right,0.0
kc_set_a,720575940609941653,right,0.0
kc_set_a,720575940609944526,right,0.0
kc_set_a,720575940609950869,right,0.0
kc_set_a,720575940609963248,left,0.0
kc_set_a,720575940609970801,right,0.0
kc_set_a,720575940609979505,right,0.0
kc_set_a,720575940609999217,right,0.0
kc_set_a,720575940610012024,left,0.0
kc_set_a,720575940610029432,right,0.0
kc_set_a,720575940610101210,right,0.0
kc_set_a,720575940610137050,right,0.0
kc_set_a,720575940610140378,right,0.0
kc_set_a,720575940610142869,left,0.0
kc_set_a,720575940610147826,right,0.0
kc_set_a,720575940610159480,left,0.0
kc_set_a,720575940610167987,right,0.0
kc_set_a,720575940610175218,right,0.0
kc_set_a,720575940610191795,right,0.0
kc_set_a,720575940610206387,right,0.0
kc_set_a,720575940610210034,right,0.0
kc_set_a,720575940610214769,left,0.0
kc_set_a,720575940610218360,left,0.0
kc_set_a,720575940610307374,left,0.0
kc_set_a,720575940610308757,left,0.0
kc_set_a,720575940610323674,left,0.0
kc_set_a,720575940610336610,right,0.0
kc_set_a,720575940610347929,right,0.0
kc_set_a,720575940610353381,right,0.0
kc_set_a,720575940610358501,right,0.0
kc_set_a,720575940610359650,left,0.0
kc_set_a,720575940610370201,right,0.0
kc_set_a,720575940610375726,right,0.0
kc_set_a,720575940610378865,left,0.0
kc_set_a,720575940610380498,left,0.0
kc_set_a,720575940610386661,right,0.0
kc_set_a,720575940610391854,left,0.0
kc_set_a,720575940610393842,left,0.0
kc_set_a,720575940610395438,left,0.0
kc_set_a,720575940610406776,right,0.0
kc_set_a,720575940610410609,left,0.0
kc_set_a,720575940610417893,right,0.0
kc_set_a,720575940610470130,right,0.0
kc_set_a,720575940610476506,left,0.0
kc_set_a,720575940610497731,left,0.0
kc_set_a,720575940610505426,right,0.0
kc_set_a,720575940610505621,right,0.0
kc_set_a,720575940610529656,left,0.0
kc_set_a,720575940610535890,left,0.0
kc_set_a,720575940610543257,left,0.0
kc_set_a,720575940610562713,left,0.0
kc_set_a,720575940610580377,right,0.0
kc_set_a,720575940610585011,left,0.0
kc_set_a,720575940610609075,left,0.0
kc_set_a,720575940610614757,left,0.0
kc_set_a,720575940610617317,left,0.0
kc_set_a,720575940610617753,left,0.0
kc_set_a,720575940610618341,left,0.0
kc_set_a,720575940610631544,left,0.0
kc_set_a,720575940610637235,left,0.0
kc_set_a,720575940610649464,left,0.0
kc_set_a,720575940610658674,right,0.0
kc_set_a,720575940610669786,right,0.0
kc_set_a,720575940610676403,right,0.0
kc_set_a,720575940610690162,right,0.0
kc_set_a,720575940610691507,right,0.0
kc_set_a,720575940610709106,right,0.0
kc_set_a,720575940610710130,right,0.0
kc_set_a,720575940610739930,left,0.0
kc_set_a,720575940610743282,right,0.0
kc_set_a,720575940610751129,left,0.0
kc_set_a,720575940610773171,right,0.0
kc_set_a,720575940610773714,right,0.0
kc_set_a,720575940610774451,left,0.0
kc_set_a,720575940610784179,right,0.0
kc_set_a,720575940610793395,right,0.0
kc_set_a,720575940610812258,left,0.0
kc_set_a,720575940610823010,right,0.0
kc_set_a,720575940610823141,left,0.0
kc_set_a,720575940610833250,left,0.0
kc_set_a,720575940610841074,left,0.0
kc_set_a,720575940610846818,left,0.0
kc_set_a,720575940610847842,left,0.0
kc_set_a,720575940610849742,left,0.0
kc_set_a,720575940610856874,left,0.0
kc_set_a,720575940610862506,left,0.0
kc_set_a,720575940610872418,left,0.0
kc_set_a,720575940610885330,left,148.0
kc_set_a,720575940610886610,left,0.0
kc_set_a,720575940610901234,left,0.0
kc_set_a,720575940610906521,right,0.0
kc_set_a,720575940610907490,right,0.0
kc_set_a,720575940610921642,left,0.0
kc_set_a,720575940610929778,left,0.0
kc_set_a,720575940610942066,left,0.0
kc_set_a,720575940610943897,right,0.0
kc_set_a,720575940610944022,right,0.0
kc_set_a,720575940610945558,right,0.0
kc_set_a,720575940610946070,right,0.0
kc_set_a,720575940610946730,right,0.0
kc_set_a,720575940610951577,left,0.0
kc_set_a,720575940610952089,right,0.0
kc_set_a,720575940610960994,right,0.0
kc_set_a,720575940610963734,right,0.0
kc_set_a,720575940610990821,right,0.0
kc_set_a,720575940611001061,right,0.0
kc_set_a,720575940611013785,left,0.0
kc_set_a,720575940611035365,left,0.0
kc_set_a,720575940611045700,right,0.0
kc_set_a,720575940611052517,left,0.0
kc_set_a,720575940611053029,left,0.0
kc_set_a,720575940611059609,left,143.8
kc_set_a,720575940611098517,right,0.0
kc_set_a,720575940611102578,left,0.0
kc_set_a,720575940611104229,left,0.0
kc_set_a,720575940611110468,right,0.0
kc_set_a,720575940611111061,right,0.0
kc_set_a,720575940611111317,left,0.0
kc_set_a,720575940611111829,right,0.0
kc_set_a,720575940611113109,left,0.0
kc_set_a,720575940611129571,right,0.0
kc_set_a,720575940611196110,left,0.0
kc_set_a,720575940611204323,right,0.0
kc_set_a,720575940611208817,left,0.0
kc_set_a,720575940611210865,right,0.0
kc_set_a,720575940611213774,left,0.0
kc_set_a,720575940611228462,left,0.0
kc_set_a,720575940611229297,left,0.0
kc_set_a,720575940611263090,left,0.0
kc_set_a,720575940611284174,left,0.0
kc_set_a,720575940611285454,left,0.0
kc_set_a,720575940611286990,left,0.0
kc_set_a,720575940611310894,right,0.0
kc_set_a,720575940611327254,left,0.0
kc_set_a,720575940611330070,left,0.0
kc_set_a,720575940611336726,left,0.0
kc_set_a,720575940611343054,right,0.0
kc_set_a,720575940611343218,right,0.0
kc_set_a,720575940611350234,left,0.0
kc_set_a,720575940611370610,left,0.0
kc_set_a,720575940611390742,left,0.0
kc_set_a,720575940611394019,left,0.0
kc_set_a,720575940611400050,left,0.0
kc_set_a,720575940611424882,left,0.0
kc_set_a,720575940611450134,right,0.0
kc_set_a,720575940611453107,right,0.0
kc_set_a,720575940611454833,left,0.0
kc_set_a,720575940611471090,left,0.0
kc_set_a,720575940611473587,left,0.0
kc_set_a,720575940611489010,left,0.0
kc_set_a,720575940611532949,right,0.0
kc_set_a,720575940611548821,left,147.4
kc_set_a,720575940611569301,right,0.0
kc_set_a,720575940611578074,left,0.0
kc_set_a,720575940611579541,right,0.0
kc_set_a,720575940611586453,right,0.0
kc_set_a,720575940611591829,left,0.0
kc_set_a,720575940611592154,left,0.0
kc_set_a,720575940611597795,left,0.0
kc_set_a,720575940611611285,left,0.0
kc_set_a,720575940611611378,right,0.0
kc_set_a,720575940611612387,left,0.0
kc_set_a,720575940611615986,left,0.0
kc_set_a,720575940611644825,left,0.0
kc_set_a,720575940611652374,left,0.0
kc_set_a,720575940611655288,left,0.0
kc_set_a,720575940611657881,left,0.0
kc_set_a,720575940611660714,right,0.0
kc_set_a,720575940611661541,left,0.0
kc_set_a,720575940611664281,right,0.0
kc_set_a,720575940611669145,left,0.0
kc_set_a,720575940611669674,left,0.0
kc_set_a,720575940611682739,right,0.0
kc_set_a,720575940611685273,left,0.0
kc_set_a,720575940611686629,right,0.0
kc_set_a,720575940611686809,right,0.0
kc_set_a,720575940611694565,left,0.0
kc_set_a,720575940611696042,right,0.0
kc_set_a,720575940611697066,right,0.0
kc_set_a,720575940611702165,left,0.0
kc_set_a,720575940611704813,right,0.0
kc_set_a,720575940611724437,left,0.0
kc_set_a,720575940611728563,left,0.0
kc_set_a,720575940611733997,right,0.0
kc_set_a,720575940611748594,right,0.0
kc_set_a,720575940611760021,left,0.0
kc_set_a,720575940611769059,right,0.0
kc_set_a,720575940611771029,right,0.0
kc_set_a,720575940611802330,right,0.0
kc_set_a,720575940611803490,left,0.0
kc_set_a,720575940611810531,left,0.0
kc_set_a,720575940611812835,left,0.0
kc_set_a,720575940611837041,left,0.0
kc_set_a,720575940611837809,right,0.0
kc_set_a,720575940611855729,right,0.0
kc_set_a,720575940611873242,left,0.0
kc_set_a,720575940611902577,left,157.0
kc_set_a,720575940611903601,left,0.0
kc_set_a,720575940611930265,left,0.0
kc_set_a,720575940611936474,right,0.0
kc_set_a,720575940611943976,right,0.0
kc_set_a,720575940611946482,right,0.0
kc_set_a,720575940611954801,left,0.0
kc_set_a,720575940611960872,right,0.0
kc_set_a,720575940611983322,left,0.0
kc_set_a,720575940611985448,right,0.0
kc_set_a,720575940611987240,right,0.0
kc_set_a,720575940611988008,right,0.0
kc_set_a,720575940612008818,right,0.0
kc_set_a,720575940612009074,left,0.0
kc_set_a,720575940612009903,right,0.0
kc_set_a,720575940612019570,right,0.0
kc_set_a,720575940612020008,right,0.0
kc_set_a,720575940612023983,right,0.0
kc_set_a,720575940612031411,left,0.0
kc_set_a,720575940612067034,left,0.0
kc_set_a,720575940612072685,left,0.0
kc_set_a,720575940612079853,left,155.4
kc_set_a,720575940612090321,right,0.0
kc_set_a,720575940612091601,right,0.0
kc_set_a,720575940612099053,left,0.0
kc_set_a,720575940612099309,left,0.0
kc_set_a,720575940612104627,left,0.0
kc_set_a,720575940612111346,left,0.0
kc_set_a,720575940612151538,right,0.0
kc_set_a,720575940612169709,left,0.0
kc_set_a,720575940612178418,right,0.0
kc_set_a,720575940612190693,right,0.0
kc_set_a,720575940612194983,left,0.0
kc_set_a,720575940612196589,left,0.0
kc_set_a,720575940612231282,left,0.0
kc_set_a,720575940612240918,right,0.0
kc_set_a,720575940612266213,right,0.0
kc_set_a,720575940612287283,left,0.0
kc_set_a,720575940612337203,right,0.0
kc_set_a,720575940612339370,right,0.0
kc_set_a,720575940612339810,right,0.0
kc_set_a,720575940612344293,left,0.0
kc_set_a,720575940612352423,right,0.0
kc_set_a,720575940612356904,left,0.0
kc_set_a,720575940612362663,right,0.0
kc_set_a,720575940612372650,right,0.0
kc_set_a,720575940612384665,right,0.0
kc_set_a,720575940612421290,right,0.0
kc_set_a,720575940612429994,left,0.0
kc_set_a,720575940612432602,left,0.0
kc_set_a,720575940612435198,right,0.0
kc_set_a,720575940612435454,right,0.0
kc_set_a,720575940612436264,left,0.0
kc_set_a,720575940612450730,right,0.0
kc_set_a,720575940612453603,right,0.0
kc_set_a,720575940612458211,left,0.0
kc_set_a,720575940612473128,left,0.0
kc_set_a,720575940612490723,right,0.0
kc_set_a,720575940612524030,right,0.0
kc_set_a,720575940612563454,right,0.0
kc_set_a,720575940612572670,right,0.0
kc_set_a,720575940612575230,right,0.0
kc_set_a,720575940612576254,right,0.0
kc_set_a,720575940612587286,right,0.0
kc_set_a,720575940612590102,left,0.0
kc_set_a,720575940612590503,left,0.0
kc_set_a,720575940612590754,right,0.0
kc_set_a,720575940612602163,left,0.0
kc_set_a,720575940612606673,right,0.0
kc_set_a,720575940612607953,right,0.0
kc_set_a,720575940612613551,left,0.0
kc_set_a,720575940612626966,left,0.0
kc_set_a,720575940612647282,right,0.0
kc_set_a,720575940612650792,left,0.0
kc_set_a,720575940612661782,left,0.0
kc_set_a,720575940612664482,right,0.0
kc_set_a,720575940612668018,right,0.0
kc_set_a,720575940612668834,right,0.0
kc_set_a,720575940612680818,left,0.0
kc_set_a,720575940612686358,right,0.0
kc_set_a,720575940612690338,right,0.0
kc_set_a,720575940612692672,left,0.0
kc_set_a,720575940612706706,right,0.0
kc_set_a,720575940612714671,right,0.0
kc_set_a,720575940612717202,right,0.0
kc_set_a,720575940612723409,left,0.0
kc_set_a,720575940612725906,right,0.0
kc_set_a,720575940612728466,right,0.0
kc_set_a,720575940612729714,right,0.0
kc_set_a,720575940612737233,left,0.0
kc_set_a,720575940612739186,right,0.0
kc_set_a,720575940612740466,right,0.0
kc_set_a,720575940612740886,right,0.0
kc_set_a,720575940612743958,left,0.0
kc_set_a,720575940612747158,right,0.0
kc_set_a,720575940612754582,right,0.0
kc_set_a,720575940612758934,right,0.0
kc_set_a,720575940612763542,right,0.0
kc_set_a,720575940612765846,right,0.0
kc_set_a,720575940612766102,right,0.0
kc_set_a,720575940612767126,right,0.0
kc_set_a,720575940612770418,right,0.0
kc_set_a,720575940612778646,right,0.0
kc_set_a,720575940612789219,left,0.0
kc_set_a,720575940612796786,right,0.0
kc_set_a,720575940612797480,left,0.0
kc_set_a,720575940612812914,left,0.0
kc_set_a,720575940612817583,left,0.0
kc_set_a,720575940612829863,left,150.4
kc_set_a,720575940612846962,right,0.0
kc_set_a,720575940612853354,right,0.0
kc_set_a,720575940612870381,left,0.0
kc_set_a,720575940612872173,right,0.0
kc_set_a,720575940612879341,left,0.0
kc_set_a,720575940612879853,left,0.0
kc_set_a,720575940612896106,right,0.0
kc_set_a,720575940612910486,left,0.0
kc_set_a,720575940612918930,left,0.0
kc_set_a,720575940612924054,left,0.0
kc_set_a,720575940612924522,right,0.0
kc_set_a,720575940612930710,left,0.0
kc_set_a,720575940612961686,left,0.0
kc_set_a,720575940612980990,left,0.0
kc_set_a,720575940612991730,left,0.0
kc_set_a,720575940613017059,right,0.0
kc_set_a,720575940613023911,left,0.0
kc_set_a,720575940613041123,right,0.0
kc_set_a,720575940613042403,right,0.0
kc_set_a,720575940613049315,left,0.0
kc_set_a,720575940613071587,right,0.0
kc_set_a,720575940613113238,left,0.0
kc_set_a,720575940613119459,right,0.0
kc_set_a,720575940613141987,left,0.0
kc_set_a,720575940613152938,left,0.0
kc_set_a,720575940613156067,right,0.0
kc_set_a,720575940613188319,right,0.0
kc_set_a,720575940613197608,left,0.0
kc_set_a,720575940613200918,left,0.0
kc_set_a,720575940613213151,right,0.0
kc_set_a,720575940613218344,left,0.0
kc_set_a,720575940613224446,left,0.0
kc_set_a,720575940613237758,left,0.0
kc_set_a,720575940613248479,right,0.0
kc_set_a,720575940613257664,left,0.0
kc_set_a,720575940613258975,right,0.0
kc_set_a,720575940613272799,right,0.0
kc_set_a,720575940613284063,right,0.0
kc_set_a,720575940613294016,left,0.0
kc_set_a,720575940613301410,left,0.0
kc_set_a,720575940613315309,left,0.0
kc_set_a,720575940613317738,left,0.0
kc_set_a,720575940613337640,left,0.0
kc_set_a,720575940613348246,left,0.0
kc_set_a,720575940613353538,right,0.0
kc_set_a,720575940613358658,right,0.0
kc_set_a,720575940613359266,left,0.0
kc_set_a,720575940613364461,right,0.0
kc_set_a,720575940613383633,right,0.0
kc_set_a,720575940613386050,right,0.0
kc_set_a,720575940613400785,left,0.0
kc_set_a,720575940613403458,right,0.0
kc_set_a,720575940613407981,left,0.0
kc_set_a,720575940613421890,right,0.0
kc_set_a,720575940613434178,right,0.0
kc_set_a,720575940613434530,left,0.0
kc_set_a,720575940613442154,left,0.0
kc_set_a,720575940613452525,left,0.0
kc_set_a,720575940613460034,right,0.0
kc_set_a,720575940613478422,right,0.0
kc_set_a,720575940613501855,right,0.0
kc_set_a,720575940613507946,right,0.0
kc_set_a,720575940613532831,right,0.0
kc_set_a,720575940613532979,left,147.6
kc_set_a,720575940613540767,right,0.0
kc_set_a,720575940613563187,right,0.0
kc_set_a,720575940613593503,right,0.0
kc_set_a,720575940613622312,left,0.0
kc_set_a,720575940613681458,right,0.0
kc_set_a,720575940613684906,right,0.0
kc_set_a,720575940613690031,right,0.0
kc_set_a,720575940613713704,right,0.0
kc_set_a,720575940613727399,right,0.0
kc_set_a,720575940613729576,left,0.0
kc_set_a,720575940613735948,right,0.0
kc_set_a,720575940613737647,right,0.0
kc_set_a,720575940613738415,right,0.0
kc_set_a,720575940613741864,left,0.0
kc_set_a,720575940613743023,left,0.0
kc_set_a,720575940613752999,left,0.0
kc_set_a,720575940613757224,left,0.0
kc_set_a,720575940613764364,right,0.0
kc_set_a,720575940613773566,right,0.0
kc_set_a,720575940613773890,right,0.0
kc_set_a,720575940613774334,right,0.0
kc_set_a,720575940613776179,left,0.0
kc_set_a,720575940613776543,right,0.0
kc_set_a,720575940613782796,right,0.0
kc_set_a,720575940613783106,left,0.0
kc_set_a,720575940613784386,left,0.0
kc_set_a,720575940613784574,left,0.0
kc_set_a,720575940613793602,left,0.0
kc_set_a,720575940613796527,left,0.0
kc_set_a,720575940613797295,right,0.0
kc_set_a,720575940613799436,right,0.0
kc_set_a,720575940613824012,right,0.0
kc_set_a,720575940613863330,left,0.0
kc_set_a,720575940613863903,left,0.0
kc_set_a,720575940613864498,right,0.0
kc_set_a,720575940613867682,right,0.0
kc_set_a,720575940613876447,left,0.0
kc_set_a,720575940613897890,left,0.0
kc_set_a,720575940613909555,left,154.2
kc_set_a,720575940613920159,left,0.0
kc_set_a,720575940613929670,right,0.0
kc_set_a,720575940613939090,left,0.0
kc_set_a,720575940613941042,right,0.0
kc_set_a,720575940613954769,right,0.0
kc_set_a,720575940613955039,left,0.0
kc_set_a,720575940613961403,left,0.0
kc_set_a,720575940613975455,left,136.8
kc_set_a,720575940613977041,right,0.0
kc_set_a,720575940613978892,left,0.0
kc_set_a,720575940613987635,right,0.0
kc_set_a,720575940613987730,right,0.0
kc_set_a,720575940614008785,right,0.0
kc_set_a,720575940614010419,right,0.0
kc_set_a,720575940614027059,right,0.0
kc_set_a,720575940614027074,left,0.0
kc_set_a,720575940614033932,left,0.0
kc_set_a,720575940614036019,right,0.0
kc_set_a,720575940614037811,right,0.0
kc_set_a,720575940614109506,left,0.0
kc_set_a,720575940614115515,right,0.0
kc_set_a,720575940614121147,right,0.0
kc_set_a,720575940614130482,left,154.4
kc_set_a,720575940614131131,right,0.0
kc_set_a,720575940614132667,right,0.0
kc_set_a,720575940614143942,left,0.0
kc_set_a,720575940614148283,right,0.0
kc_set_a,720575940614176927,left,0.0
kc_set_a,720575940614180714,left,0.0
kc_set_a,720575940614183218,left,0.0
kc_set_a,720575940614183786,left,0.0
kc_set_a,720575940614184204,left,0.0
kc_set_a,720575940614186602,right,0.0
kc_set_a,720575940614199914,right,0.0
kc_set_a,720575940614200426,right,0.0
kc_set_a,720575940614203916,left,0.0
kc_set_a,720575940614207850,right,0.0
kc_set_a,720575940614218346,left,0.0
kc_set_a,720575940614219370,left,0.0
kc_set_a,720575940614224490,right,0.0
kc_set_a,720575940614229159,right,0.0
kc_set_a,720575940614229415,right,0.0
kc_set_a,720575940614229758,right,0.0
kc_set_a,720575940614240766,right,0.0
kc_set_a,720575940614248446,left,0.0
kc_set_a,720575940614251670,right,0.0
kc_set_a,720575940614252967,left,165.6
kc_set_a,720575940614263719,left,0.0
kc_set_a,720575940614281214,left,0.0
kc_set_a,720575940614282238,right,0.0
kc_set_a,720575940614283006,right,0.0
kc_set_a,720575940614285254,left,0.0
kc_set_a,720575940614304012,left,0.0
kc_set_a,720575940614306814,right,0.0
kc_set_a,720575940614308002,left,0.0
kc_set_a,720575940614308146,left,0.0
kc_set_a,720575940614311079,left,0.0
kc_set_a,720575940614311842,right,0.0
kc_set_a,720575940614313890,left,0.0
kc_set_a,720575940614313996,right,0.0
kc_set_a,720575940614318482,right,0.0
kc_set_a,720575940614326439,left,0.0
kc_set_a,720575940614327202,right,0.0
kc_set_a,720575940614348394,right,0.0
kc_set_a,720575940614354619,left,0.0
kc_set_a,720575940614371986,left,0.0
kc_set_a,720575940614386738,left,0.0
kc_set_a,720575940614393250,left,0.0
kc_set_a,720575940614404288,left,0.0
kc_set_a,720575940614412946,left,0.0
kc_set_a,720575940614416018,left,0.0
kc_set_a,720575940614418118,right,0.0
kc_set_a,720575940614428722,right,0.0
kc_set_a,720575940614443788,left,0.0
kc_set_a,720575940614447922,right,0.0
kc_set_a,720575940614484626,left,0.0
kc_set_a,720575940614486322,left,0.0
kc_set_a,720575940614486690,right,0.0
kc_set_a,720575940614490018,right,0.0
kc_set_a,720575940614495093,right,0.0
kc_set_a,720575940614495138,right,0.0
kc_set_a,720575940614498060,left,0.0
kc_set_a,720575940614502128,left,0.0
kc_set_a,720575940614522043,left,0.0
kc_set_a,720575940614523871,left,0.0
kc_set_a,720575940614524127,right,0.0
kc_set_a,720575940614533226,left,0.0
kc_set_a,720575940614534367,left,0.0
kc_set_a,720575940614544034,right,0.0
kc_set_a,720575940614549650,left,0.0
kc_set_a,720575940614549906,left,0.0
kc_set_a,720575940614551954,right,0.0
kc_set_a,720575940614562098,left,0.0
kc_set_a,720575940614586418,left,0.0
kc_set_a,720575940614605458,left,0.0
kc_set_a,720575940614606738,right,0.0
kc_set_a,720575940614614203,right,0.0
kc_set_a,720575940614625211,left,0.0
kc_set_a,720575940614635666,left,0.0
kc_set_a,720575940614652818,left,0.0
kc_set_a,720575940614667926,left,0.0
kc_set_a,720575940614674282,left,0.0
kc_set_a,720575940614714518,right,0.0
kc_set_a,720575940614742687,right,0.0
kc_set_a,720575940614744991,right,0.0
kc_set_a,720575940614749883,left,0.0
kc_set_a,720575940614755478,left,0.0
kc_set_a,720575940614761026,left,0.0
kc_set_a,720575940614768278,right,0.0
kc_set_a,720575940614769567,left,0.0
kc_set_a,720575940614770847,right,0.0
kc_set_a,720575940614772383,right,0.0
kc_set_a,720575940614777247,left,0.0
kc_set_a,720575940614778454,right,0.0
kc_set_a,720575940614781546,left,0.0
kc_set_a,720575940614783042,left,0.0
kc_set_a,720575940614784918,left,0.0
kc_set_a,720575940614785130,left,0.0
kc_set_a,720575940614792086,left,0.0
kc_set_a,720575940614793026,left,0.0
kc_set_a,720575940614796354,left,0.0
kc_set_a,720575940614803286,right,0.0
kc_set_a,720575940614811222,right,0.0
kc_set_a,720575940614813526,right,0.0
kc_set_a,720575940614816598,right,0.0
kc_set_a,720575940614822506,right,0.0
kc_set_a,720575940614822742,right,0.0
kc_set_a,720575940614824095,left,0.0
kc_set_a,720575940614825026,left,0.0
kc_set_a,720575940614825622,left,0.0
kc_set_a,720575940614842741,left,0.0
kc_set_a,720575940614845802,right,0.0
kc_set_a,720575940614854294,right,0.0
kc_set_a,720575940614861941,left,0.0
kc_set_a,720575940614861974,right,0.0
kc_set_a,720575940614862230,right,0.0
kc_set_a,720575940614869387,right,0.0
kc_set_a,720575940614871402,left,0.0
kc_set_a,720575940614887830,right,0.0
kc_set_a,720575940614888854,right,0.0
kc_set_a,720575940614890902,right,0.0
kc_set_a,720575940614893930,left,0.0
kc_set_a,720575940614899061,left,0.0
kc_set_a,720575940614899851,right,0.0
kc_set_a,720575940614900886,right,0.0
kc_set_a,720575940614902667,right,0.0
kc_set_a,720575940614909579,right,0.0
kc_set_a,720575940614925963,right,0.0
kc_set_a,720575940614967007,left,0.0
kc_set_a,720575940614969055,left,0.0
kc_set_a,720575940614981087,right,0.0
kc_set_a,720575940614983274,right,0.0
kc_set_a,720575940614984927,left,0.0
kc_set_a,720575940615019231,right,0.0
kc_set_a,720575940615066335,right,0.0
kc_set_a,720575940615068383,left,0.0
kc_set_a,720575940615072373,right,0.0
kc_set_a,720575940615090444,left,0.0
kc_set_a,720575940615094284,left,0.0
kc_set_a,720575940615101452,right,0.0
kc_set_a,720575940615101708,left,148.2
kc_set_a,720575940615113867,left,0.0
kc_set_a,720575940615125307,right,0.0
kc_set_a,720575940615125877,left,0.0
kc_set_a,720575940615133894,left,0.0
kc_set_a,720575940615134918,right,0.0
kc_set_a,720575940615136059,right,0.0
kc_set_a,720575940615147788,right,0.0
kc_set_a,720575940615193100,right,0.0
kc_set_a,720575940615196063,right,0.0
kc_set_a,720575940615219778,right,0.0
kc_set_a,720575940615228502,left,0.0
kc_set_a,720575940615237170,left,0.0
kc_set_a,720575940615243020,right,0.0
kc_set_a,720575940615244082,left,0.0
kc_set_a,720575940615252786,right,0.0
kc_set_a,720575940615255090,right,0.0
kc_set_a,720575940615257942,left,0.0
kc_set_a,720575940615262786,left,0.0
kc_set_a,720575940615263903,right,0.0
kc_set_a,720575940615270559,left,0.0
kc_set_a,720575940615270962,right,0.0
kc_set_a,720575940615274838,left,0.0
kc_set_a,720575940615281291,left,0.0
kc_set_a,720575940615283618,left,0.0
kc_set_a,720575940615289759,right,0.0
kc_set_a,720575940615320076,left,0.0
kc_set_a,720575940615323990,right,0.0
kc_set_a,720575940615332418,left,0.0
kc_set_a,720575940615332674,left,0.0
kc_set_a,720575940615344315,right,0.0
kc_set_a,720575940615345339,left,0.0
kc_set_a,720575940615346363,right,0.0
kc_set_a,720575940615356347,right,0.0
kc_set_a,720575940615358038,left,0.0
kc_set_a,720575940615373398,right,0.0
kc_set_a,720575940615386324,right,0.0
kc_set_a,720575940615395414,left,0.0
kc_set_a,720575940615401433,right,0.0
kc_set_a,720575940615405378,left,142.8
kc_set_a,720575940615409625,right,0.0
kc_set_a,720575940615447764,right,0.0
kc_set_a,720575940615448793,right,0.0
kc_set_a,720575940615456985,right,0.0
kc_set_a,720575940615465433,right,0.0
kc_set_a,720575940615476667,right,0.0
kc_set_a,720575940615481489,right,0.0
kc_set_a,720575940615507641,right,0.0
kc_set_a,720575940615520086,left,0.0
kc_set_a,720575940615527995,left,0.0
kc_set_a,720575940615528251,left,0.0
kc_set_a,720575940615539385,right,0.0
kc_set_a,720575940615543995,left,0.0
kc_set_a,720575940615544249,right,0.0
kc_set_a,720575940615569723,right,0.0
kc_set_a,720575940615571601,right,0.0
kc_set_a,720575940615577542,left,0.0
kc_set_a,720575940615604363,left,0.0
kc_set_a,720575940615608123,right,0.0
kc_set_a,720575940615638540,left,148.8
kc_set_a,720575940615651014,right,0.0
kc_set_a,720575940615671494,right,0.0
kc_set_a,720575940615696070,right,0.0
kc_set_a,720575940615713292,left,0.0
kc_set_a,720575940615714060,right,0.0
kc_set_a,720575940615717009,left,0.0
kc_set_a,720575940615728102,right,0.0
kc_set_a,720575940615737531,right,0.0
kc_set_a,720575940615754613,left,0.0
kc_set_a,720575940615755921,left,0.0
kc_set_a,720575940615764422,right,0.0
kc_set_a,720575940615768693,right,0.0
kc_set_a,720575940615780353,right,0.0
kc_set_a,720575940615783837,right,0.0
kc_set_a,720575940615785228,right,0.0
kc_set_a,720575940615798540,right,0.0
kc_set_a,720575940615800076,left,0.0
kc_set_a,720575940615816754,right,0.0
kc_set_a,720575940615830877,left,0.0
kc_set_a,720575940615832577,right,0.0
kc_set_a,720575940615838662,right,0.0
kc_set_a,720575940615839174,left,0.0
kc_set_a,720575940615839581,left,0.0
kc_set_a,720575940615846237,left,0.0
kc_set_a,720575940615847005,left,0.0
kc_set_a,720575940615858644,left,0.0
kc_set_a,720575940615859385,left,0.0
kc_set_a,720575940615868102,left,0.0
kc_set_a,720575940615876294,right,0.0
kc_set_a,720575940615885661,left,0.0
kc_set_a,720575940615892966,left,0.0
kc_set_a,720575940615894173,right,0.0
kc_set_a,720575940615895858,left,0.0
kc_set_a,720575940615896989,right,0.0
kc_set_a,720575940615897245,right,0.0
kc_set_a,720575940615897501,right,0.0
kc_set_a,720575940615901597,right,0.0
kc_set_a,720575940615903121,left,0.0
kc_set_a,720575940615904145,left,0.0
kc_set_a,720575940615907997,right,0.0
kc_set_a,720575940615910228,right,0.0
kc_set_a,720575940615914982,left,0.0
kc_set_a,720575940615927197,right,0.0
kc_set_a,720575940615931293,right,0.0
kc_set_a,720575940615957433,left,0.0
kc_set_a,720575940615959252,left,0.0
kc_set_a,720575940615961684,right,0.0
kc_set_a,720575940615962043,left,0.0
kc_set_a,720575940615964884,right,0.0
kc_set_a,720575940615965140,right,0.0
kc_set_a,720575940615974493,right,0.0
kc_set_a,720575940615975227,right,0.0
kc_set_a,720575940615978802,left,148.8
kc_set_a,720575940615980338,left,143.4
kc_set_a,720575940615980850,left,0.0
kc_set_a,720575940616008309,left,0.0
kc_set_a,720575940616009729,left,0.0
kc_set_a,720575940616023225,left,0.0
kc_set_a,720575940616028390,left,0.0
kc_set_a,720575940616041913,right,0.0
kc_set_a,720575940616044850,right,0.0
kc_set_a,720575940616052625,right,0.0
kc_set_a,720575940616068539,left,0.0
kc_set_a,720575940616072665,left,0.0
kc_set_a,720575940616076761,right,0.0
kc_set_a,720575940616087323,right,0.0
kc_set_a,720575940616089995,left,0.0
kc_set_a,720575940616092603,left,0.0
kc_set_a,720575940616095517,right,0.0
kc_set_a,720575940616097163,right,0.0
kc_set_a,720575940616105302,right,0.0
kc_set_a,720575940616109398,right,0.0
kc_set_a,720575940616121501,left,0.0
kc_set_a,720575940616128669,left,0.0
kc_set_a,720575940616134630,left,0.0
kc_set_a,720575940616139606,left,0.0
kc_set_a,720575940616162373,right,0.0
kc_set_a,720575940616187649,left,0.0
kc_set_a,720575940616189509,right,0.0
kc_set_a,720575940616208965,right,0.0
kc_set_a,720575940616222438,right,0.0
kc_set_a,720575940616229410,left,0.0
kc_set_a,720575940616235810,left,0.0
kc_set_a,720575940616245365,right,0.0
kc_set_a,720575940616260825,left,0.0
kc_set_a,720575940616264148,left,0.0
kc_set_a,720575940616270453,left,0.0
kc_set_a,720575940616284955,left,0.0
kc_set_a,720575940616295069,left,0.0
kc_set_a,720575940616305181,left,0.0
kc_set_a,720575940616306210,right,0.0
kc_set_a,720575940616308597,right,0.0
kc_set_a,720575940616309563,left,0.0
kc_set_a,720575940616343611,left,0.0
kc_set_a,720575940616345403,right,0.0
kc_set_a,720575940616347916,left,0.0
kc_set_a,720575940616349755,left,0.0
kc_set_a,720575940616350011,right,0.0
kc_set_a,720575940616358459,left,0.0
kc_set_a,720575940616358715,left,0.0
kc_set_a,720575940616368245,left,0.0
kc_set_a,720575940616402260,left,0.0
kc_set_a,720575940616417364,left,0.0
kc_set_a,720575940616426869,left,0.0
kc_set_a,720575940616428917,left,0.0
kc_set_a,720575940616438085,left,0.0
kc_set_a,720575940616440098,right,0.0
kc_set_a,720575940616442369,left,0.0
kc_set_a,720575940616460322,left,0.0
kc_set_a,720575940616474395,left,0.0
kc_set_a,720575940616475717,left,0.0
kc_set_a,720575940616490326,left,0.0
kc_set_a,720575940616502017,left,0.0
kc_set_a,720575940616539419,left,0.0
kc_set_a,720575940616547648,right,0.0
kc_set_a,720575940616547904,right,0.0
kc_set_a,720575940616560541,left,0.0
kc_set_a,720575940616569227,right,0.0
kc_set_a,720575940616578390,left,0.0
kc_set_a,720575940616578646,right,0.0
kc_set_a,720575940616580182,left,0.0
kc_set_a,720575940616588374,left,0.0
kc_set_a,720575940616588608,right,0.0
kc_set_a,720575940616588683,right,0.0
kc_set_a,720575940616589142,left,0.0
kc_set_a,720575940616589888,right,0.0
kc_set_a,720575940616598555,left,0.0
kc_set_a,720575940616616075,right,0.0
kc_set_a,720575940616627851,left,0.0
kc_set_a,720575940616646873,left,144.8
kc_set_a,720575940616647990,right,0.0
kc_set_a,720575940616649433,left,0.0
kc_set_a,720575940616650201,left,0.0
kc_set_a,720575940616654166,left,146.8
kc_set_a,720575940616663769,left,0.0
kc_set_a,720575940616672822,right,0.0
kc_set_a,720575940616673497,left,0.0
kc_set_a,720575940616675638,right,0.0
kc_set_a,720575940616677661,right,0.0
kc_set_a,720575940616701657,left,0.0
kc_set_a,720575940616702262,right,0.0
kc_set_a,720575940616707421,left,0.0
kc_set_a,720575940616707668,left,0.0
kc_set_a,720575940616711254,left,0.0
kc_set_a,720575940616723549,right,0.0
kc_set_a,720575940616746123,right,0.0
kc_set_a,720575940616746891,left,149.2
kc_set_a,720575940616748827,left,147.4
kc_set_a,720575940616750363,left,0.0
kc_set_a,720575940616781241,right,0.0
kc_set_a,720575940616786065,left,0.0
kc_set_a,720575940616786833,left,0.0
kc_set_a,720575940616788409,left,0.0
kc_set_a,720575940616790713,left,0.0
kc_set_a,720575940616798784,left,0.0
kc_set_a,720575940616804753,left,0.0
kc_set_a,720575940616821393,right,0.0
kc_set_a,720575940616826001,left,0.0
kc_set_a,720575940616836421,left,0.0
kc_set_a,720575940616848192,right,0.0
kc_set_a,720575940616852763,left,147.2
kc_set_a,720575940616859259,right,0.0
kc_set_a,720575940616860318,right,0.0
kc_set_a,720575940616878238,right,0.0
kc_set_a,720575940616885298,right,0.0
kc_set_a,720575940616887611,left,0.0
kc_set_a,720575940616887966,right,0.0
kc_set_a,720575940616902213,left,0.0
kc_set_a,720575940616902374,left,0.0
kc_set_a,720575940616902630,left,0.0
kc_set_a,720575940616910310,right,0.0
kc_set_a,720575940616910822,left,0.0
kc_set_a,720575940616911262,right,0.0
kc_set_a,720575940616913822,right,0.0
kc_set_a,720575940616915686,left,0.0
kc_set_a,720575940616924902,left,0.0
kc_set_a,720575940616929766,left,0.0
kc_set_a,720575940616930629,left,0.0
kc_set_a,720575940616955229,right,0.0
kc_set_a,720575940616964766,right,0.0
kc_set_a,720575940617010240,left,0.0
kc_set_a,720575940617010900,left,0.0
kc_set_a,720575940617015750,left,0.0
kc_set_a,720575940617021441,right,0.0
kc_set_a,720575940617024769,left,0.0
kc_set_a,720575940617026305,left,0.0
kc_set_a,720575940617034753,right,0.0
kc_set_a,720575940617035521,left,0.0
kc_set_a,720575940617036352,left,0.0
kc_set_a,720575940617036729,right,0.0
kc_set_a,720575940617038337,left,0.0
kc_set_a,720575940617038849,left,0.0
kc_set_a,720575940617043713,left,0.0
kc_set_a,720575940617071321,right,0.0
kc_set_a,720575940617077405,right,0.0
kc_set_a,720575940617079257,right,0.0
kc_set_a,720575940617090082,right,0.0
kc_set_a,720575940617093533,right,0.0
kc_set_a,720575940617112123,left,0.0
kc_set_a,720575940617118016,right,0.0
kc_set_a,720575940617137881,left,0.0
kc_set_a,720575940617143966,left,0.0
kc_set_a,720575940617150878,left,0.0
kc_set_a,720575940617165661,left,0.0
kc_set_a,720575940617166749,right,0.0
kc_set_a,720575940617168345,left,0.0
kc_set_a,720575940617172573,left,0.0
kc_set_a,720575940617174365,left,0.0
kc_set_a,720575940617175413,left,0.0
kc_set_a,720575940617176413,right,0.0
kc_set_a,720575940617178717,left,0.0
kc_set_a,720575940617201113,right,0.0
kc_set_a,720575940617201501,left,155.4
kc_set_a,720575940617221403,left,0.0
kc_set_a,720575940617225083,left,0.0
kc_set_a,720575940617228315,left,0.0
kc_set_a,720575940617238457,right,0.0
kc_set_a,720575940617249108,right,0.0
kc_set_a,720575940617249364,left,0.0
kc_set_a,720575940617249629,right,0.0
kc_set_a,720575940617266833,left,0.0
kc_set_a,720575940617293201,right,0.0
kc_set_a,720575940617293268,right,0.0
kc_set_a,720575940617293396,left,0.0
kc_set_a,720575940617313846,left,0.0
kc_set_a,720575940617317305,left,0.0
kc_set_a,720575940617321243,right,0.0
kc_set_a,720575940617324433,left,0.0
kc_set_a,720575940617328477,left,0.0
kc_set_a,720575940617334228,left,0.0
kc_set_a,720575940617334430,left,0.0
kc_set_a,720575940617341597,left,0.0
kc_set_a,720575940617351057,left,0.0
kc_set_a,720575940617363156,left,0.0
kc_set_a,720575940617366969,left,0.0
kc_set_a,720575940617368532,left,0.0
kc_set_a,720575940617369017,left,0.0
kc_set_a,720575940617370324,left,0.0
kc_set_a,720575940617370909,right,0.0
kc_set_a,720575940617372957,left,0.0
kc_set_a,720575940617374262,left,0.0
kc_set_a,720575940617376980,left,0.0
kc_set_a,720575940617380241,left,0.0
kc_set_a,720575940617386708,right,0.0
kc_set_a,720575940617390036,right,0.0
kc_set_a,720575940617395412,right,0.0
kc_set_a,720575940617410205,right,0.0
kc_set_a,720575940617410705,left,0.0
kc_set_a,720575940617411451,left,0.0
kc_set_a,720575940617427713,right,0.0
kc_set_a,720575940617436305,right,0.0
kc_set_a,720575940617438865,right,0.0
kc_set_a,720575940617444219,left,0.0
kc_set_a,720575940617452689,right,0.0
kc_set_a,720575940617453457,left,0.0
kc_set_a,720575940617456614,left,0.0
kc_set_a,720575940617456798,right,0.0
kc_set_a,720575940617473051,right,0.0
kc_set_a,720575940617473748,right,0.0
kc_set_a,720575940617474629,right,0.0
kc_set_a,720575940617478427,right,0.0
kc_set_a,720575940617478961,left,0.0
kc_set_a,720575940617480934,left,0.0
kc_set_a,720575940617485083,left,0.0
kc_set_a,720575940617492805,right,0.0
kc_set_a,720575940617493222,left,0.0
kc_set_a,720575940617497925,left,0.0
kc_set_a,720575940617503974,left,0.0
kc_set_a,720575940617514726,right,0.0
kc_set_a,720575940617516760,right,0.0
kc_set_a,720575940617529318,right,0.0
kc_set_a,720575940617534235,left,0.0
kc_set_a,720575940617534438,left,0.0
kc_set_a,720575940617540838,left,0.0
kc_set_a,720575940617567390,left,0.0
kc_set_a,720575940617576422,right,0.0
kc_set_a,720575940617598182,left,0.0
kc_set_a,720575940617605154,right,0.0
kc_set_a,720575940617612578,right,0.0
kc_set_a,720575940617615846,left,0.0
kc_set_a,720575940617623632,left,0.0
kc_set_a,720575940617628962,right,0.0
kc_set_a,720575940617648507,left,0.0
kc_set_a,720575940617649969,right,0.0
kc_set_a,720575940617650481,right,0.0
kc_set_a,720575940617650722,right,0.0
kc_set_a,720575940617672139,right,0.0
kc_set_a,720575940617677784,left,0.0
kc_set_a,720575940617687330,left,0.0
kc_set_a,720575940617692962,left,0.0
kc_set_a,720575940617696769,left,0.0
kc_set_a,720575940617708747,right,0.0
kc_set_a,720575940617713206,left,0.0
kc_set_a,720575940617717917,left,0.0
kc_set_a,720575940617727435,right,0.0
kc_set_a,720575940617734603,right,0.0
kc_set_a,720575940617750173,right,0.0
kc_set_a,720575940617756450,right,0.0
kc_set_a,720575940617766228,right,0.0
kc_set_a,720575940617769217,right,0.0
kc_set_a,720575940617771421,left,0.0
kc_set_a,720575940617771521,right,0.0
kc_set_a,720575940617792596,left,0.0
kc_set_a,720575940617795073,left,0.0
kc_set_a,720575940617807517,right,0.0
kc_set_a,720575940617811540,right,0.0
kc_set_a,720575940617814429,right,0.0
kc_set_a,720575940617820929,left,0.0
kc_set_a,720575940617825344,left,0.0
kc_set_a,720575940617834560,right,0.0
kc_set_a,720575940617845076,right,0.0
kc_set_a,720575940617849920,right,0.0
kc_set_a,720575940617853524,left,0.0
kc_set_a,720575940617854036,left,0.0
kc_set_a,720575940617855133,right,0.0
kc_set_a,720575940617856340,right,0.0
kc_set_a,720575940617857053,right,0.0
kc_set_a,720575940617865117,left,156.6
kc_set_a,720575940617865280,right,0.0
kc_set_a,720575940617866048,right,0.0
kc_set_a,720575940617871680,left,0.0
kc_set_a,720575940617873728,left,0.0
kc_set_a,720575940617873984,right,0.0
kc_set_a,720575940617874205,left,0.0
kc_set_a,720575940617876048,right,0.0
kc_set_a,720575940617876288,left,0.0
kc_set_a,720575940617877720,left,0.0
kc_set_a,720575940617878080,right,0.0
kc_set_a,720575940617893461,right,0.0
kc_set_a,720575940617899403,left,0.0
kc_set_a,720575940617902676,right,0.0
kc_set_a,720575940617908820,right,0.0
kc_set_a,720575940617911104,left,0.0
kc_set_a,720575940617911360,right,0.0
kc_set_a,720575940617922870,left,0.0
kc_set_a,720575940617924432,right,0.0
kc_set_a,720575940617926198,right,0.0
kc_set_a,720575940617931547,left,0.0
kc_set_a,720575940617937181,right,0.0
kc_set_a,720575940617937437,right,0.0
kc_set_a,720575940617940048,right,0.0
kc_set_a,720575940617940304,right,0.0
kc_set_a,720575940617941046,right,0.0
kc_set_a,720575940617942326,left,0.0
kc_set_a,720575940617954075,left,0.0
kc_set_a,720575940617957915,left,0.0
kc_set_a,720575940617957937,left,0.0
kc_set_a,720575940617959729,left,0.0
kc_set_a,720575940617963480,right,0.0
kc_set_a,720575940617972253,left,141.4
kc_set_a,720575940617973021,right,0.0
kc_set_a,720575940617982800,right,0.0
kc_set_a,720575940617989076,right,0.0
kc_set_a,720575940618015773,right,0.0
kc_set_a,720575940618021147,left,0.0
kc_set_a,720575940618036509,right,0.0
kc_set_a,720575940618036765,left,155.4
kc_set_a,720575940618075733,left,0.0
kc_set_a,720575940618106437,left,0.0
kc_set_a,720575940618110021,left,0.0
kc_set_a,720575940618112459,left,0.0
kc_set_a,720575940618125893,left,0.0
kc_set_a,720575940618131505,right,0.0
kc_set_a,720575940618132184,left,0.0
kc_set_a,720575940618133072,left,0.0
kc_set_a,720575940618148406,right,0.0
kc_set_a,720575940618150736,left,0.0
kc_set_a,720575940618158160,left,0.0
kc_set_a,720575940618163013,left,0.0
kc_set_a,720575940618181445,left,0.0
kc_set_a,720575940618182535,right,0.0
kc_set_a,720575940618182981,right,0.0
kc_set_a,720575940618183559,right,0.0
kc_set_a,720575940618184839,right,0.0
kc_set_a,720575940618185296,left,0.0
kc_set_a,720575940618190160,left,0.0
kc_set_a,720575940618190238,right,0.0
kc_set_a,720575940618194708,right,0.0
kc_set_a,720575940618198721,right,0.0
kc_set_a,720575940618201620,right,0.0
kc_set_a,720575940618203783,right,0.0
kc_set_a,720575940618210251,right,0.0
kc_set_a,720575940618211742,left,0.0
kc_set_a,720575940618223518,left,0.0
kc_set_a,720575940618224709,right,0.0
kc_set_a,720575940618225566,left,0.0
kc_set_a,720575940618226085,right,0.0
kc_set_a,720575940618226245,right,0.0
kc_set_a,720575940618245569,right,0.0
kc_set_a,720575940618258742,right,0.0
kc_set_a,720575940618266491,right,0.0
kc_set_a,720575940618266747,right,0.0
kc_set_a,720575940618266900,right,0.0
kc_set_a,720575940618277681,left,0.0
kc_set_a,720575940618292785,left,0.0
kc_set_a,720575940618292939,right,0.0
kc_set_a,720575940618293589,left,0.0
kc_set_a,720575940618294853,left,0.0
kc_set_a,720575940618299712,right,0.0
kc_set_a,720575940618306112,right,0.0
kc_set_a,720575940618306718,left,0.0
kc_set_a,720575940618326292,right,0.0
kc_set_a,720575940618334145,right,0.0
kc_set_a,720575940618337300,right,0.0
kc_set_a,720575940618337985,right,0.0
kc_set_a,720575940618339777,right,0.0
kc_set_a,720575940618341952,right,0.0
kc_set_a,720575940618349703,left,0.0
kc_set_a,720575940618353186,left,0.0
kc_set_a,720575940618359745,right,0.0
kc_set_a,720575940618371777,right,0.0
kc_set_a,720575940618376327,left,0.0
kc_set_a,720575940618379723,left,0.0
kc_set_a,720575940618394453,right,0.0
kc_set_a,720575940618396399,right,0.0
kc_set_a,720575940618400459,left,0.0
kc_set_a,720575940618407589,left,0.0
kc_set_a,720575940618418085,left,0.0
kc_set_a,720575940618419776,right,0.0
kc_set_a,720575940618422592,right,0.0
kc_set_a,720575940618425246,left,0.0
kc_set_a,720575940618427712,left,0.0
kc_set_a,720575940618436672,right,0.0
kc_set_a,720575940618464379,left,0.0
kc_set_a,720575940618469725,left,0.0
kc_set_a,720575940618470383,right,0.0
kc_set_a,720575940618473808,left,0.0
kc_set_a,720575940618492224,left,0.0
kc_set_a,720575940618497216,right,0.0
kc_set_a,720575940618506155,right,0.0
kc_set_a,720575940618510868,left,0.0
kc_set_a,720575940618517440,right,0.0
kc_set_a,720575940618526912,right,0.0
kc_set_a,720575940618529044,left,0.0
kc_set_a,720575940618531099,left,0.0
kc_set_a,720575940618544367,right,0.0
kc_set_a,720575940618544623,right,0.0
kc_set_a,720575940618545903,right,0.0
kc_set_a,720575940618547280,right,0.0
kc_set_a,720575940618548975,right,0.0
kc_set_a,720575940618565313,left,0.0
kc_set_a,720575940618572422,right,0.0
kc_set_a,720575940618586459,right,0.0
kc_set_a,720575940618592390,right,0.0
kc_set_a,720575940618606160,left,0.0
kc_set_a,720575940618612928,left,0.0
kc_set_a,720575940618627207,right,0.0
kc_set_a,720575940618630193,left,0.0
kc_set_a,720575940618657334,right,0.0
kc_set_a,720575940618657950,right,0.0
kc_set_a,720575940618659998,left,0.0
kc_set_a,720575940618662939,right,0.0
kc_set_a,720575940618667143,right,0.0
kc_set_a,720575940618671495,right,0.0
kc_set_a,720575940618671751,right,0.0
kc_set_a,720575940618678548,left,0.0
kc_set_a,720575940618683328,left,0.0
kc_set_a,720575940618691742,right,0.0
kc_set_a,720575940618696896,left,0.0
kc_set_a,720575940618700573,left,0.0
kc_set_a,720575940618707183,left,0.0
kc_set_a,720575940618714351,left,0.0
kc_set_a,720575940618722475,left,0.0
kc_set_a,720575940618731934,left,0.0
kc_set_a,720575940618739621,right,0.0
kc_set_a,720575940618746747,right,0.0
kc_set_a,720575940618756987,left,0.0
kc_set_a,720575940618758178,right,0.0
kc_set_a,720575940618765528,right,0.0
kc_set_a,720575940618770230,right,0.0
kc_set_a,720575940618776833,right,0.0
kc_set_a,720575940618779118,right,0.0
kc_set_a,720575940618790966,left,0.0
kc_set_a,720575940618817182,right,0.0
kc_set_a,720575940618830459,left,0.0
kc_set_a,720575940618839942,left,0.0
kc_set_a,720575940618841910,right,0.0
kc_set_a,720575940618844353,right,0.0
kc_set_a,720575940618844465,left,0.0
kc_set_a,720575940618846001,right,0.0
kc_set_a,720575940618849841,right,0.0
kc_set_a,720575940618861504,left,0.0
kc_set_a,720575940618868273,left,0.0
kc_set_a,720575940618869406,left,0.0
kc_set_a,720575940618873723,right,0.0
kc_set_a,720575940618875819,left,0.0
kc_set_a,720575940618876062,right,0.0
kc_set_a,720575940618876075,left,0.0
kc_set_a,720575940618886336,left,0.0
kc_set_a,720575940618887151,left,0.0
kc_set_a,720575940618889387,left,0.0
kc_set_a,720575940618894246,right,0.0
kc_set_a,720575940618894528,left,0.0
kc_set_a,720575940618903931,left,0.0
kc_set_a,720575940618904229,left,0.0
kc_set_a,720575940618905766,right,0.0
kc_set_a,720575940618924965,left,0.0
kc_set_a,720575940618926319,left,0.0
kc_set_a,720575940618963950,left,147.4
kc_set_a,720575940618975936,left,0.0
kc_set_a,720575940618980299,right,0.0
kc_set_a,720575940618989421,right,0.0
kc_set_a,720575940618992449,right,0.0
kc_set_a,720575940618992749,right,0.0
kc_set_a,720575940618994880,right,0.0
kc_set_a,720575940618997297,right,0.0
kc_set_a,720575940619003051,left,0.0
kc_set_a,720575940619008192,left,0.0
kc_set_a,720575940619010251,left,0.0
kc_set_a,720575940619021958,left,0.0
kc_set_a,720575940619026241,right,0.0
kc_set_a,720575940619028289,right,0.0
kc_set_a,720575940619031572,left,0.0
kc_set_a,720575940619036911,right,0.0
kc_set_a,720575940619038061,right,0.0
kc_set_a,720575940619041133,right,0.0
kc_set_a,720575940619054027,right,0.0
kc_set_a,720575940619055969,right,0.0
kc_set_a,720575940619060321,right,0.0
kc_set_a,720575940619077217,right,0.0
kc_set_a,720575940619078592,right,0.0
kc_set_a,720575940619090529,right,0.0
kc_set_a,720575940619090785,right,0.0
kc_set_a,720575940619105190,left,0.0
kc_set_a,720575940619112102,left,0.0
kc_set_a,720575940619115845,right,0.0
kc_set_a,720575940619119782,left,0.0
kc_set_a,720575940619143590,left,0.0
kc_set_a,720575940619146837,left,0.0
kc_set_a,720575940619147349,right,0.0
kc_set_a,720575940619148117,left,0.0
kc_set_a,720575940619152110,left,141.4
kc_set_a,720575940619153749,left,0.0
kc_set_a,720575940619154891,right,0.0
kc_set_a,720575940619155029,right,0.0
kc_set_a,720575940619155182,left,0.0
kc_set_a,720575940619155541,left,0.0
kc_set_a,720575940619156565,right,0.0
kc_set_a,720575940619197899,left,0.0
kc_set_a,720575940619205103,left,0.0
kc_set_a,720575940619205229,left,0.0
kc_set_a,720575940619221569,left,0.0
kc_set_a,720575940619226607,left,0.0
kc_set_a,720575940619229037,left,0.0
kc_set_a,720575940619229761,left,0.0
kc_set_a,720575940619242081,left,0.0
kc_set_a,720575940619245121,left,0.0
kc_set_a,720575940619245648,left,0.0
kc_set_a,720575940619247713,left,0.0
kc_set_a,720575940619249318,left,0.0
kc_set_a,720575940619250785,left,0.0
kc_set_a,720575940619254448,right,0.0
kc_set_a,720575940619259374,left,0.0
kc_set_a,720575940619259477,right,0.0
kc_set_a,720575940619259886,left,0.0
kc_set_a,720575940619260737,left,0.0
kc_set_a,720575940619271384,right,0.0
kc_set_a,720575940619272920,left,0.0
kc_set_a,720575940619274456,left,0.0
kc_set_a,720575940619297073,left,0.0
kc_set_a,720575940619298865,left,0.0
kc_set_a,720575940619305808,right,0.0
kc_set_a,720575940619311286,left,0.0
kc_set_a,720575940619319512,left,0.0
kc_set_a,720575940619336942,right,0.0
kc_set_a,720575940619353766,left,0.0
kc_set_a,720575940619354417,left,0.0
kc_set_a,720575940619355185,left,0.0
kc_set_a,720575940619357275,left,0.0
kc_set_a,720575940619358001,left,0.0
kc_set_a,720575940619358257,right,0.0
kc_set_a,720575940619369198,right,0.0
kc_set_a,720575940619375701,right,0.0
kc_set_a,720575940619382833,left,0.0
kc_set_a,720575940619382875,right,0.0
kc_set_a,720575940619404214,right,0.0
kc_set_a,720575940619404982,right,0.0
kc_set_a,720575940619412596,right,0.0
kc_set_a,720575940619414132,right,0.0
kc_set_a,720575940619421505,left,0.0
kc_set_a,720575940619423398,left,0.0
kc_set_a,720575940619430326,right,0.0
kc_set_a,720575940619434887,right,0.0
kc_set_a,720575940619435399,right,0.0
kc_set_a,720575940619439792,left,0.0
kc_set_a,720575940619443376,left,0.0
kc_set_a,720575940619444139,right,0.0
kc_set_a,720575940619463088,left,0.0
kc_set_a,720575940619465904,left,0.0
kc_set_a,720575940619466416,left,0.0
kc_set_a,720575940619472225,left,0.0
kc_set_a,720575940619475376,left,0.0
kc_set_a,720575940619477809,left,0.0
kc_set_a,720575940619487414,right,0.0
kc_set_a,720575940619495664,right,0.0
kc_set_a,720575940619509744,right,0.0
kc_set_a,720575940619509925,left,0.0
kc_set_a,720575940619511206,left,0.0
kc_set_a,720575940619516144,right,0.0
kc_set_a,720575940619519909,right,0.0
kc_set_a,720575940619527845,left,0.0
kc_set_a,720575940619535563,right,0.0
kc_set_a,720575940619556437,right,0.0
kc_set_a,720575940619587009,right,0.0
kc_set_a,720575940619597761,right,0.0
kc_set_a,720575940619599213,left,0.0
kc_set_a,720575940619604134,left,0.0
kc_set_a,720575940619616193,left,0.0
kc_set_a,720575940619630207,right,0.0
kc_set_a,720575940619637845,left,0.0
kc_set_a,720575940619640149,left,0.0
kc_set_a,720575940619649109,left,0.0
kc_set_a,720575940619651019,right,0.0
kc_set_a,720575940619652555,right,0.0
kc_set_a,720575940619658433,right,0.0
kc_set_a,720575940619659969,left,0.0
kc_set_a,720575940619665023,right,0.0
kc_set_a,720575940619667041,left,0.0
kc_set_a,720575940619668053,right,0.0
kc_set_a,720575940619668212,right,0.0
kc_set_a,720575940619668577,left,0.0
kc_set_a,720575940619672656,right,0.0
kc_set_a,720575940619673936,right,0.0
kc_set_a,720575940619682625,right,0.0
kc_set_a,720575940619684299,left,0.0
kc_set_a,720575940619684688,right,0.0
kc_set_a,720575940619693003,right,0.0
kc_set_a,720575940619695553,right,0.0
kc_set_a,720575940619695809,right,0.0
kc_set_a,720575940619695860,right,0.0
kc_set_a,720575940619696660,left,0.0
kc_set_a,720575940619701631,right,0.0
kc_set_a,720575940619704656,left,0.0
kc_set_a,720575940619705983,right,0.0
kc_set_a,720575940619713200,right,0.0
kc_set_a,720575940619722576,right,0.0
kc_set_a,720575940619723088,right,0.0
kc_set_a,720575940619723979,left,0.0
kc_set_a,720575940619731392,right,0.0
kc_set_a,720575940619734720,left,0.0
kc_set_a,720575940619742144,left,146.4
kc_set_a,720575940619742656,right,0.0
kc_set_a,720575940619743680,left,0.0
kc_set_a,720575940619744960,right,0.0
kc_set_a,720575940619754734,left,0.0
kc_set_a,720575940619756148,left,0.0
kc_set_a,720575940619766613,left,0.0
kc_set_a,720575940619769008,right,0.0
kc_set_a,720575940619770228,left,0.0
kc_set_a,720575940619777520,left,0.0
kc_set_a,720575940619778645,right,0.0
kc_set_a,720575940619781620,right,0.0
kc_set_a,720575940619793012,left,0.0
kc_set_a,720575940619794512,right,0.0
kc_set_a,720575940619795883,right,0.0
kc_set_a,720575940619802539,right,0.0
kc_set_a,720575940619808756,right,0.0
kc_set_a,720575940619809263,left,0.0
kc_set_a,720575940619813637,right,0.0
kc_set_a,720575940619825237,left,0.0
kc_set_a,720575940619828359,right,0.0
kc_set_a,720575940619834965,right,0.0
kc_set_a,720575940619835733,left,0.0
kc_set_a,720575940619842580,right,0.0
kc_set_a,720575940619855696,left,0.0
kc_set_a,720575940619856822,left,150.6
kc_set_a,720575940619863174,right,0.0
kc_set_a,720575940619864912,right,0.0
kc_set_a,720575940619866657,right,0.0
kc_set_a,720575940619872372,right,0.0
kc_set_a,720575940619876702,right,0.0
kc_set_a,720575940619895329,right,0.0
kc_set_a,720575940619896581,right,0.0
kc_set_a,720575940619897734,right,0.0
kc_set_a,720575940619898759,left,0.0
kc_set_a,720575940619899527,left,0.0
kc_set_a,720575940619901063,left,0.0
kc_set_a,720575940619902343,left,0.0
kc_set_a,720575940619906987,left,0.0
kc_set_a,720575940619916720,left,0.0
kc_set_a,720575940619936639,left,0.0
kc_set_a,720575940619937718,right,0.0
kc_set_a,720575940619938998,right,0.0
kc_set_a,720575940619942320,left,0.0
kc_set_a,720575940619949040,left,0.0
kc_set_a,720575940619954091,right,0.0
kc_set_a,720575940619960926,right,0.0
kc_set_a,720575940619964916,left,0.0
kc_set_a,720575940619965684,left,0.0
kc_set_a,720575940619967879,right,0.0
kc_set_a,720575940619968647,left,0.0
kc_set_a,720575940619970586,right,0.0
kc_set_a,720575940619971009,left,0.0
kc_set_a,720575940619974689,right,0.0
kc_set_a,720575940619977566,right,0.0
kc_set_a,720575940619978266,right,0.0
kc_set_a,720575940619985140,left,0.0
kc_set_a,720575940619994759,right,0.0
kc_set_a,720575940619995418,right,0.0
kc_set_a,720575940620002036,left,0.0
kc_set_a,720575940620004129,right,0.0
kc_set_a,720575940620007457,right,0.0
kc_set_a,720575940620012321,right,0.0
kc_set_a,720575940620020257,right,0.0
kc_set_a,720575940620020769,right,0.0
kc_set_a,720575940620029575,left,0.0
kc_set_a,720575940620036385,right,0.0
kc_set_a,720575940620039589,right,0.0
kc_set_a,720575940620039956,right,0.0
kc_set_a,720575940620041125,right,0.0
kc_set_a,720575940620042375,right,0.0
kc_set_a,720575940620045061,left,0.0
kc_set_a,720575940620051580,right,0.0
kc_set_a,720575940620054277,left,152.0
kc_set_a,720575940620055790,right,0.0
kc_set_a,720575940620058236,right,0.0
kc_set_a,720575940620058350,left,0.0
kc_set_a,720575940620059045,right,0.0
kc_set_a,720575940620073606,right,0.0
kc_set_a,720575940620079856,right,0.0
kc_set_a,720575940620109191,right,0.0
kc_set_a,720575940620124028,right,0.0
kc_set_a,720575940620126076,right,0.0
kc_set_a,720575940620143525,right,0.0
kc_set_a,720575940620153876,right,0.0
kc_set_a,720575940620154206,left,0.0
kc_set_a,720575940620156692,left,145.2
kc_set_a,720575940620172272,left,0.0
kc_set_a,720575940620172397,right,0.0
kc_set_a,720575940620176237,right,0.0
kc_set_a,720575940620177517,left,0.0
kc_set_a,720575940620179309,left,0.0
kc_set_a,720575940620179821,right,0.0
kc_set_a,720575940620182399,left,0.0
kc_set_a,720575940620187305,right,0.0
kc_set_a,720575940620196336,left,0.0
kc_set_a,720575940620197658,left,0.0
kc_set_a,720575940620200709,left,0.0
kc_set_a,720575940620205951,right,0.0
kc_set_a,720575940620210854,left,0.0
kc_set_a,720575940620210857,right,0.0
kc_set_a,720575940620211622,right,0.0
kc_set_a,720575940620223398,right,0.0
kc_set_a,720575940620225264,left,0.0
kc_set_a,720575940620226470,left,0.0
kc_set_a,720575940620226729,right,0.0
kc_set_a,720575940620227617,left,0.0
kc_set_a,720575940620229729,left,0.0
kc_set_a,720575940620230497,right,0.0
kc_set_a,720575940620232363,right,0.0
kc_set_a,720575940620235968,right,0.0
kc_set_a,720575940620236270,left,0.0
kc_set_a,720575940620263233,left,0.0
kc_set_a,720575940620268123,left,0.0
kc_set_a,720575940620272064,right,0.0
kc_set_a,720575940620272832,right,0.0
kc_set_a,720575940620273023,right,0.0
kc_set_a,720575940620273279,left,0.0
kc_set_a,720575940620273344,left,0.0
kc_set_a,720575940620274497,right,0.0
kc_set_a,720575940620276801,right,0.0
kc_set_a,720575940620282758,right,0.0
kc_set_a,720575940620283227,left,0.0
kc_set_a,720575940620286558,left,0.0
kc_set_a,720575940620303040,right,0.0
kc_set_a,720575940620305499,left,0.0
kc_set_a,720575940620305502,left,0.0
kc_set_a,720575940620307806,left,0.0
kc_set_a,720575940620310625,right,0.0
kc_set_a,720575940620311430,left,0.0
kc_set_a,720575940620316766,left,0.0
kc_set_a,720575940620320380,left,0.0
kc_set_a,720575940620326336,left,0.0
kc_set_a,720575940620329152,left,0.0
kc_set_a,720575940620333958,right,0.0
kc_set_a,720575940620342768,left,0.0
kc_set_a,720575940620344837,right,0.0
kc_set_a,720575940620347329,left,0.0
kc_set_a,720575940620349376,left,0.0
kc_set_a,720575940620349564,left,0.0
kc_set_a,720575940620349632,left,0.0
kc_set_a,720575940620351838,right,0.0
kc_set_a,720575940620354241,right,0.0
kc_set_a,720575940620354849,right,0.0
kc_set_a,720575940620355009,right,0.0
kc_set_a,720575940620355934,left,0.0
kc_set_a,720575940620356800,right,0.0
kc_set_a,720575940620363691,right,0.0
kc_set_a,720575940620363885,left,0.0
kc_set_a,720575940620373697,left,0.0
kc_set_a,720575940620378246,left,0.0
kc_set_a,720575940620378657,left,0.0
kc_set_a,720575940620382317,left,0.0
kc_set_a,720575940620382854,left,145.0
kc_set_a,720575940620393643,right,0.0
kc_set_a,720575940620403649,right,0.0
kc_set_a,720575940620407628,right,0.0
kc_set_a,720575940620410606,right,0.0
kc_set_a,720575940620411841,right,0.0
kc_set_a,720575940620413355,right,0.0
kc_set_a,720575940620418774,right,0.0
kc_set_a,720575940620420129,left,0.0
kc_set_a,720575940620422494,right,0.0
kc_set_a,720575940620424641,right,0.0
kc_set_a,720575940620425310,right,0.0
kc_set_a,720575940620429317,left,0.0
kc_set_a,720575940620434671,right,0.0
kc_set_a,720575940620436395,left,0.0
kc_set_a,720575940620440558,left,0.0
kc_set_a,720575940620440559,left,0.0
kc_set_a,720575940620442817,right,0.0
kc_set_a,720575940620442885,left,0.0
kc_set_a,720575940620451916,right,0.0
kc_set_a,720575940620454849,left,0.0
kc_set_a,720575940620457904,right,0.0
kc_set_a,720575940620460108,right,0.0
kc_set_a,720575940620463536,left,0.0
kc_set_a,720575940620464204,right,0.0
kc_set_a,720575940620465996,right,0.0
kc_set_a,720575940620467836,left,0.0
kc_set_a,720575940620469742,right,0.0
kc_set_a,720575940620472046,left,0.0
kc_set_a,720575940620474582,right,0.0
kc_set_a,720575940620475630,left,0.0
kc_set_a,720575940620495484,left,0.0
kc_set_a,720575940620495830,right,0.0
kc_set_a,720575940620500417,right,0.0
kc_set_a,720575940620507862,right,0.0
kc_set_a,720575940620520513,right,0.0
kc_set_a,720575940620521754,right,0.0
kc_set_a,720575940620530812,left,0.0
kc_set_a,720575940620537071,right,0.0
kc_set_a,720575940620537839,left,0.0
kc_set_a,720575940620544182,left,0.0
kc_set_a,720575940620551901,right,0.0
kc_set_a,720575940620567661,left,0.0
kc_set_a,720575940620572125,right,0.0
kc_set_a,720575940620576494,right,0.0
kc_set_a,720575940620577652,right,0.0
kc_set_a,720575940620578269,right,0.0
kc_set_a,720575940620588653,right,0.0
kc_set_a,720575940620589677,left,0.0
kc_set_a,720575940620591273,left,0.0
kc_set_a,720575940620594415,left,0.0
kc_set_a,720575940620600700,right,0.0
kc_set_a,720575940620603245,right,0.0
kc_set_a,720575940620607982,right,0.0
kc_set_a,720575940620608238,right,0.0
kc_set_a,720575940620611822,left,0.0
kc_set_a,720575940620612590,left,0.0
kc_set_a,720575940620623201,left,0.0
kc_set_a,720575940620623725,left,0.0
kc_set_a,720575940620649084,right,0.0
kc_set_a,720575940620652214,left,0.0
kc_set_a,720575940620653377,left,0.0
kc_set_a,720575940620655169,right,0.0
kc_set_a,720575940620659489,left,0.0
kc_set_a,720575940620682662,right,0.0
kc_set_a,720575940620682934,right,0.0
kc_set_a,720575940620684014,left,0.0
kc_set_a,720575940620684156,right,0.0
kc_set_a,720575940620685436,right,0.0
kc_set_a,720575940620686761,right,0.0
kc_set_a,720575940620700769,right,0.0
kc_set_a,720575940620713129,right,0.0
kc_set_a,720575940620734305,left,0.0
kc_set_a,720575940620737121,left,0.0
kc_set_a,720575940620741485,right,0.0
kc_set_a,720575940620746093,right,0.0
kc_set_a,720575940620746662,left,0.0
kc_set_a,720575940620754529,right,0.0
kc_set_a,720575940620759105,left,0.0
kc_set_a,720575940620767709,left,0.0
kc_set_a,720575940620774977,left,0.0
kc_set_a,720575940620775233,left,0.0
kc_set_a,720575940620779841,left,0.0
kc_set_a,720575940620810316,left,0.0
kc_set_a,720575940620811073,right,0.0
kc_set_a,720575940620811340,left,0.0
kc_set_a,720575940620813478,right,0.0
kc_set_a,720575940620816961,right,0.0
kc_set_a,720575940620822593,right,0.0
kc_set_a,720575940620823617,left,0.0
kc_set_a,720575940620827713,right,0.0
kc_set_a,720575940620828912,right,0.0
kc_set_a,720575940620831949,right,0.0
kc_set_a,720575940620834544,left,0.0
kc_set_a,720575940620850017,left,0.0
kc_set_a,720575940620862273,right,0.0
kc_set_a,720575940620880333,right,0.0
kc_set_a,720575940620883917,right,0.0
kc_set_a,720575940620889153,left,0.0
kc_set_a,720575940620889302,left,0.0
kc_set_a,720575940620892877,right,0.0
kc_set_a,720575940620896588,left,0.0
kc_set_a,720575940620904780,right,0.0
kc_set_a,720575940620905174,left,0.0
kc_set_a,720575940620923980,right,0.0
kc_set_a,720575940620929238,left,0.0
kc_set_a,720575940620931750,right,0.0
kc_set_a,720575940620932684,right,0.0
kc_set_a,720575940620936870,right,0.0
kc_set_a,720575940620936925,left,0.0
kc_set_a,720575940620947981,right,0.0
kc_set_a,720575940620948340,left,0.0
kc_set_a,720575940620955149,right,0.0
kc_set_a,720575940620955357,left,0.0
kc_set_a,720575940620955613,left,0.0
kc_set_a,720575940620956173,right,0.0
kc_set_a,720575940620959256,right,0.0
kc_set_a,720575940620973848,right,0.0
kc_set_a,720575940620996621,right,0.0
kc_set_a,720575940620998424,right,0.0
kc_set_a,720575940621000180,left,0.0
kc_set_a,720575940621005044,right,0.0
kc_set_a,720575940621010804,right,0.0
kc_set_a,720575940621017840,right,0.0
kc_set_a,720575940621017921,right,0.0
kc_set_a,720575940621019457,right,0.0
kc_set_a,720575940621022836,left,0.0
kc_set_a,720575940621023041,right,0.0
kc_set_a,720575940621023297,right,0.0
kc_set_a,720575940621023809,right,0.0
kc_set_a,720575940621044701,right,0.0
kc_set_a,720575940621051312,left,0.0
kc_set_a,720575940621051468,left,0.0
kc_set_a,720575940621056577,right,0.0
kc_set_a,720575940621071203,right,0.0
kc_set_a,720575940621073117,right,0.0
kc_set_a,720575940621073840,right,0.0
kc_set_a,720575940621076429,left,0.0
kc_set_a,720575940621083085,left,0.0
kc_set_a,720575940621084771,right,0.0
kc_set_a,720575940621086134,right,0.0
kc_set_a,720575940621087408,right,0.0
kc_set_a,720575940621090659,right,0.0
kc_set_a,720575940621094093,left,0.0
kc_set_a,720575940621094527,right,0.0
kc_set_a,720575940621097855,left,0.0
kc_set_a,720575940621121140,right,0.0
kc_set_a,720575940621121206,right,0.0
kc_set_a,720575940621122164,left,0.0
kc_set_a,720575940621129181,right,0.0
kc_set_a,720575940621146294,right,0.0
kc_set_a,720575940621146956,right,0.0
kc_set_a,720575940621149812,left,0.0
kc_set_a,720575940621162416,right,0.0
kc_set_a,720575940621163021,left,0.0
kc_set_a,720575940621163636,right,0.0
kc_set_a,720575940621167030,left,0.0
kc_set_a,720575940621174192,right,0.0
kc_set_a,720575940621174704,right,0.0
kc_set_a,720575940621174742,left,0.0
kc_set_a,720575940621174960,left,0.0
kc_set_a,720575940621175472,right,0.0
kc_set_a,720575940621176670,right,0.0
kc_set_a,720575940621178206,right,0.0
kc_set_a,720575940621179230,left,0.0
kc_set_a,720575940621183768,left,0.0
kc_set_a,720575940621187166,left,0.0
kc_set_a,720575940621189637,right,0.0
kc_set_a,720575940621202608,left,0.0
kc_set_a,720575940621203376,right,0.0
kc_set_a,720575940621207216,right,0.0
kc_set_a,720575940621225910,right,0.0
kc_set_a,720575940621228894,right,0.0
kc_set_a,720575940621230430,right,0.0
kc_set_a,720575940621236406,left,0.0
kc_set_a,720575940621250486,right,0.0
kc_set_a,720575940621259800,left,0.0
kc_set_a,720575940621280545,left,144.0
kc_set_a,720575940621280801,left,0.0
kc_set_a,720575940621288225,right,0.0
kc_set_a,720575940621290017,right,0.0
kc_set_a,720575940621296639,right,0.0
kc_set_a,720575940621312033,left,0.0
kc_set_a,720575940621321001,right,0.0
kc_set_a,720575940621321412,right,0.0
kc_set_a,720575940621322534,right,0.0
kc_set_a,720575940621331621,left,0.0
kc_set_a,720575940621332574,left,0.0
kc_set_a,720575940621334980,right,0.0
kc_set_a,720575940621351876,right,0.0
kc_set_a,720575940621357147,right,0.0
kc_set_a,720575940621358472,left,0.0
kc_set_a,720575940621358984,left,0.0
kc_set_a,720575940621359142,right,0.0
kc_set_a,720575940621376196,right,0.0
kc_set_a,720575940621382852,right,0.0
kc_set_a,720575940621388301,left,0.0
kc_set_a,720575940621389764,right,0.0
kc_set_a,720575940621391636,right,0.0
kc_set_a,720575940621392901,left,0.0
kc_set_a,720575940621400163,left,0.0
kc_set_a,720575940621403844,right,0.0
kc_set_a,720575940621411822,left,0.0
kc_set_a,720575940621413158,right,0.0
kc_set_a,720575940621413670,right,0.0
kc_set_a,720575940621413926,right,0.0
kc_set_a,720575940621415885,right,0.0
kc_set_a,720575940621419032,left,0.0
kc_set_a,720575940621422104,left,0.0
kc_set_a,720575940621444777,left,0.0
kc_set_a,720575940621444877,left,0.0
kc_set_a,720575940621447704,left,141.2
kc_set_a,720575940621457577,left,0.0
kc_set_a,720575940621460645,right,0.0
kc_set_a,720575940621462797,right,0.0
kc_set_a,720575940621471732,right,0.0
kc_set_a,720575940621475085,right,0.0
kc_set_a,720575940621477402,right,0.0
kc_set_a,720575940621487088,left,0.0
kc_set_a,720575940621491696,right,0.0
kc_set_a,720575940621504269,right,0.0
kc_set_a,720575940621507475,right,0.0
kc_set_a,720575940621513165,left,0.0
kc_set_a,720575940621516179,right,0.0
kc_set_a,720575940621518218,right,0.0
kc_set_a,720575940621521663,left,0.0
kc_set_a,720575940621527337,left,0.0
kc_set_a,720575940621529215,right,0.0
kc_set_a,720575940621529980,right,0.0
kc_set_a,720575940621538431,right,0.0
kc_set_a,720575940621541514,right,0.0
kc_set_a,720575940621545968,left,0.0
kc_set_a,720575940621549592,left,0.0
kc_set_a,720575940621552116,right,0.0
kc_set_a,720575940621552372,left,144.8
kc_set_a,720575940621553535,right,0.0
kc_set_a,720575940621554815,right,0.0
kc_set_a,720575940621554968,right,0.0
kc_set_a,720575940621557859,left,0.0
kc_set_a,720575940621560052,right,0.0
kc_set_a,720575940621561226,right,0.0
kc_set_a,720575940621567472,right,0.0
kc_set_a,720575940621574026,right,0.0
kc_set_a,720575940621576063,left,0.0
kc_set_a,720575940621577152,left,0.0
kc_set_a,720575940621581802,right,0.0
kc_set_a,720575940621590250,right,0.0
kc_set_a,720575940621594723,right,0.0
kc_set_a,720575940621597678,left,0.0
kc_set_a,720575940621606755,right,0.0
kc_set_a,720575940621612159,left,0.0
kc_set_a,720575940621614118,left,0.0
kc_set_a,720575940621616776,left,0.0
kc_set_a,720575940621626406,left,0.0
kc_set_a,720575940621646728,left,0.0
kc_set_a,720575940621648008,right,0.0
kc_set_a,720575940621650116,left,0.0
kc_set_a,720575940621650303,left,0.0
kc_set_a,720575940621658502,right,0.0
kc_set_a,720575940621661197,left,0.0
kc_set_a,720575940621680133,right,0.0
kc_set_a,720575940621688926,right,0.0
kc_set_a,720575940621692440,left,0.0
kc_set_a,720575940621700190,right,0.0
kc_set_a,720575940621708638,left,0.0
kc_set_a,720575940621709132,right,0.0
kc_set_a,720575940621716067,left,0.0
kc_set_a,720575940621720959,left,0.0
kc_set_a,720575940621728214,left,0.0
kc_set_a,720575940621728844,left,0.0
kc_set_a,720575940621729171,left,0.0
kc_set_a,720575940621730175,left,0.0
kc_set_a,720575940621730687,right,0.0
kc_set_a,720575940621736662,left,0.0
kc_set_a,720575940621741971,left,0.0
kc_set_a,720575940621749253,left,0.0
kc_set_a,720575940621762330,right,0.0
kc_set_a,720575940621763475,left,0.0
kc_set_a,720575940621763767,right,0.0
kc_set_a,720575940621764385,left,0.0
kc_set_a,720575940621767977,left,0.0
kc_set_a,720575940621770010,right,0.0
kc_set_a,720575940621784298,left,0.0
kc_set_a,720575940621784926,left,0.0
kc_set_a,720575940621786295,right,0.0
kc_set_a,720575940621786602,left,0.0
kc_set_a,720575940621786807,right,0.0
kc_set_a,720575940621791356,right,0.0
kc_set_a,720575940621796390,left,0.0
kc_set_a,720575940621802751,right,0.0
kc_set_a,720575940621807300,left,0.0
kc_set_a,720575940621809246,right,0.0
kc_set_a,720575940621810871,right,0.0
kc_set_a,720575940621812006,left,0.0
kc_set_a,720575940621817322,left,0.0
kc_set_a,720575940621819739,left,0.0
kc_set_a,720575940621829813,right,0.0
kc_set_a,720575940621832542,right,0.0
kc_set_a,720575940621837601,right,0.0
kc_set_a,720575940621839086,right,0.0
kc_set_a,720575940621845018,right,0.0
kc_set_a,720575940621851174,left,0.0
kc_set_a,720575940621853353,left,0.0
kc_set_a,720575940621857313,right,0.0
kc_set_a,720575940621862405,left,0.0
kc_set_a,720575940621863006,right,0.0
kc_set_a,720575940621864965,right,0.0
kc_set_a,720575940621866861,right,0.0
kc_set_a,720575940621869918,right,0.0
kc_set_a,720575940621871484,right,0.0
kc_set_a,720575940621872645,right,0.0
kc_set_a,720575940621873246,right,0.0
kc_set_a,720575940621876830,left,0.0
kc_set_a,720575940621878021,right,0.0
kc_set_a,720575940621879557,left,0.0
kc_set_a,720575940621880541,left,0.0
kc_set_a,720575940621880609,left,0.0
kc_set_a,720575940621882401,right,0.0
kc_set_a,720575940621885191,right,0.0
kc_set_a,720575940621887270,right,0.0
kc_set_a,720575940621888169,right,0.0
kc_set_a,720575940621892122,right,0.0
kc_set_a,720575940621892829,right,0.0
kc_set_a,720575940621897249,right,0.0
kc_set_a,720575940621906345,right,0.0
kc_set_a,720575940621912346,left,0.0
kc_set_a,720575940621913897,right,0.0
kc_set_a,720575940621919428,right,0.0
kc_set_a,720575940621920452,right,0.0
kc_set_a,720575940621920746,left,0.0
kc_set_a,720575940621922398,right,0.0
kc_set_a,720575940621922654,left,0.0
kc_set_a,720575940621922910,left,0.0
kc_set_a,720575940621924103,right,0.0
kc_set_a,720575940621924615,right,0.0
kc_set_a,720575940621925417,right,0.0
kc_set_a,720575940621925726,left,0.0
kc_set_a,720575940621935850,left,146.0
kc_set_a,720575940621936362,left,0.0
kc_set_a,720575940621943977,left,0.0
kc_set_a,720575940621944583,right,0.0
kc_set_a,720575940621947486,right,0.0
kc_set_a,720575940621948554,left,0.0
kc_set_a,720575940621948810,right,0.0
kc_set_a,720575940621951453,right,0.0
kc_set_a,720575940621952425,left,0.0
kc_set_a,720575940621957267,left,0.0
kc_set_a,720575940621966369,left,158.6
kc_set_a,720575940621966827,left,0.0
kc_set_a,720575940621973018,right,0.0
kc_set_a,720575940621973274,left,0.0
kc_set_a,720575940621983777,right,0.0
kc_set_a,720575940621987255,right,0.0
kc_set_a,720575940621997921,left,0.0
kc_set_a,720575940621999044,right,0.0
kc_set_a,720575940622001020,left,0.0
kc_set_a,720575940622003316,right,0.0
kc_set_a,720575940622005025,right,0.0
kc_set_a,720575940622006506,left,0.0
kc_set_a,720575940622013097,left,0.0
kc_set_a,720575940622013564,right,0.0
kc_set_a,720575940622015612,left,0.0
kc_set_a,720575940622017148,left,0.0
kc_set_a,720575940622022583,left,0.0
kc_set_a,720575940622023262,right,0.0
kc_set_a,720575940622045865,left,0.0
kc_set_a,720575940622050186,right,0.0
kc_set_a,720575940622054340,left,0.0
kc_set_a,720575940622060426,left,0.0
kc_set_a,720575940622061803,right,0.0
kc_set_a,720575940622064041,left,0.0
kc_set_a,720575940622064809,left,0.0
kc_set_a,720575940622067113,right,0.0
kc_set_a,720575940622075274,right,0.0
kc_set_a,720575940622078249,right,0.0
kc_set_a,720575940622096589,right,0.0
kc_set_a,720575940622102763,right,0.0
kc_set_a,720575940622103275,right,0.0
kc_set_a,720575940622103974,left,149.4
kc_set_a,720575940622112636,right,0.0
kc_set_a,720575940622116428,right,0.0
kc_set_a,720575940622121991,left,0.0
kc_set_a,720575940622133206,right,0.0
kc_set_a,720575940622135501,right,0.0
kc_set_a,720575940622145277,right,0.0
kc_set_a,720575940622147148,left,0.0
kc_set_a,720575940622149196,left,144.6
kc_set_a,720575940622162505,right,0.0
kc_set_a,720575940622163197,right,0.0
kc_set_a,720575940622169471,left,0.0
kc_set_a,720575940622191177,right,0.0
kc_set_a,720575940622202807,left,0.0
kc_set_a,720575940622204157,right,0.0
kc_set_a,720575940622204669,right,0.0
kc_set_a,720575940622210892,left,0.0
kc_set_a,720575940622216009,right,0.0
kc_set_a,720575940622217033,right,0.0
kc_set_a,720575940622222921,right,0.0
kc_set_a,720575940622225811,left,0.0
kc_set_a,720575940622227381,left,0.0
kc_set_a,720575940622228812,right,0.0
kc_set_a,720575940622229836,left,0.0
kc_set_a,720575940622232458,left,0.0
kc_set_a,720575940622233235,left,0.0
kc_set_a,720575940622245708,left,0.0
kc_set_a,720575940622249949,right,0.0
kc_set_a,720575940622263510,right,0.0
kc_set_a,720575940622263832,left,0.0
kc_set_a,720575940622269365,left,0.0
kc_set_a,720575940622270307,left,0.0
kc_set_a,720575940622270391,left,0.0
kc_set_a,720575940622272076,left,0.0
kc_set_a,720575940622275079,left,0.0
kc_set_a,720575940622276365,right,0.0
kc_set_a,720575940622278157,left,0.0
kc_set_a,720575940622279095,left,0.0
kc_set_a,720575940622288152,right,0.0
kc_set_a,720575940622293091,left,0.0
kc_set_a,720575940622294808,right,0.0
kc_set_a,720575940622295832,left,0.0
kc_set_a,720575940622302488,right,0.0
kc_set_a,720575940622305304,right,0.0
kc_set_a,720575940622307051,left,0.0
kc_set_a,720575940622307096,left,0.0
kc_set_a,720575940622321251,left,0.0
kc_set_a,720575940622335112,right,0.0
kc_set_a,720575940622339549,left,0.0
kc_set_a,720575940622348424,right,0.0
kc_set_a,720575940622350472,right,0.0
kc_set_a,720575940622353622,left,0.0
kc_set_a,720575940622387677,right,0.0
kc_set_a,720575940622392790,left,0.0
kc_set_a,720575940622398728,right,0.0
kc_set_a,720575940622402311,right,0.0
kc_set_a,720575940622403030,left,0.0
kc_set_a,720575940622412838,right,0.0
kc_set_a,720575940622428087,right,0.0
kc_set_a,720575940622439704,left,0.0
kc_set_a,720575940622451273,right,0.0
kc_set_a,720575940622461149,right,0.0
kc_set_a,720575940622462472,right,0.0
kc_set_a,720575940622467293,left,0.0
kc_set_a,720575940622474165,left,0.0
kc_set_a,720575940622479880,right,0.0
kc_set_a,720575940622501611,left,0.0
kc_set_a,720575940622516715,left,0.0
kc_set_a,720575940622528951,left,0.0
kc_set_a,720575940622538461,right,0.0
kc_set_a,720575940622542007,left,0.0
kc_set_a,720575940622542517,right,0.0
kc_set_a,720575940622548487,left,0.0
kc_set_a,720575940622549759,right,0.0
kc_set_a,720575940622557022,left,0.0
kc_set_a,720575940622558941,right,0.0
kc_set_a,720575940622559669,left,0.0
kc_set_a,720575940622565887,right,0.0
kc_set_a,720575940622594601,right,0.0
kc_set_a,720575940622595827,right,0.0
kc_set_a,720575940622606315,left,0.0
kc_set_a,720575940622621164,right,0.0
kc_set_a,720575940622628104,left,0.0
kc_set_a,720575940622629193,left,0.0
kc_set_a,720575940622633203,right,0.0
kc_set_a,720575940622637548,right,0.0
kc_set_a,720575940622637804,right,0.0
kc_set_a,720575940622641132,right,0.0
kc_set_a,720575940622646980,left,0.0
kc_set_a,720575940622647501,left,0.0
kc_set_a,720575940622654444,right,0.0
kc_set_a,720575940622666933,left,147.8
kc_set_a,720575940622669508,right,0.0
kc_set_a,720575940622670835,right,0.0
kc_set_a,720575940622671613,right,0.0
kc_set_a,720575940622673703,right,0.0
kc_set_a,720575940622694182,right,0.0
kc_set_a,720575940622697196,right,0.0
kc_set_a,720575940622698825,right,0.0
kc_set_a,720575940622703654,left,0.0
kc_set_a,720575940622722485,left,0.0
kc_set_a,720575940622723683,right,0.0
kc_set_a,720575940622727572,right,0.0
kc_set_a,720575940622732493,right,0.0
kc_set_a,720575940622735615,left,0.0
kc_set_a,720575940622737812,right,0.0
kc_set_a,720575940622742477,left,0.0
kc_set_a,720575940622748868,right,0.0
kc_set_a,720575940622768152,left,0.0
kc_set_a,720575940622768266,right,0.0
kc_set_a,720575940622768397,right,0.0
kc_set_a,720575940622771082,right,0.0
kc_set_a,720575940622771338,left,0.0
kc_set_a,720575940622773784,right,0.0
kc_set_a,720575940622776013,left,0.0
kc_set_a,720575940622781389,right,0.0
kc_set_a,720575940622784611,right,0.0
kc_set_a,720575940622800589,left,0.0
kc_set_a,720575940622800653,right,0.0
kc_set_a,720575940622803850,right,0.0
kc_set_a,720575940622812003,right,0.0
kc_set_a,720575940622812808,right,0.0
kc_set_a,720575940622813418,left,0.0
kc_set_a,720575940622815684,right,0.0
kc_set_a,720575940622816234,right,0.0
kc_set_a,720575940622820330,left,0.0
kc_set_a,720575940622820586,right,0.0
kc_set_a,720575940622821325,right,0.0
kc_set_a,720575940622822378,left,0.0
kc_set_a,720575940622830856,left,0.0
kc_set_a,720575940622836237,left,0.0
kc_set_a,720575940622836455,right,0.0
kc_set_a,720575940622837482,right,0.0
kc_set_a,720575940622838797,left,0.0
kc_set_a,720575940622839956,left,0.0
kc_set_a,720575940622844003,right,0.0
kc_set_a,720575940622844903,right,0.0
kc_set_a,720575940622855560,right,0.0
kc_set_a,720575940622857447,right,0.0
kc_set_a,720575940622857801,left,0.0
kc_set_a,720575940622861960,left,0.0
kc_set_a,720575940622861971,right,0.0
kc_set_a,720575940622864920,right,0.0
kc_set_a,720575940622865907,left,0.0
kc_set_a,720575940622878477,left,0.0
kc_set_a,720575940622879245,left,0.0
kc_set_a,720575940622879501,left,0.0
kc_set_a,720575940622881805,left,0.0
kc_set_a,720575940622882829,left,0.0
kc_set_a,720575940622884499,left,0.0
kc_set_a,720575940622886925,right,0.0
kc_set_a,720575940622888205,right,0.0
kc_set_a,720575940622888456,left,0.0
kc_set_a,720575940622889997,left,0.0
kc_set_a,720575940622890509,right,0.0
kc_set_a,720575940622891277,right,0.0
kc_set_a,720575940622894349,right,0.0
kc_set_a,720575940622906867,left,0.0
kc_set_a,720575940622920328,left,0.0
kc_set_a,720575940622926472,right,0.0
kc_set_a,720575940622928397,right,0.0
kc_set_a,720575940622930957,right,0.0
kc_set_a,720575940622932809,right,0.0
kc_set_a,720575940622938637,right,0.0
kc_set_a,720575940622944461,right,0.0
kc_set_a,720575940622948872,right,0.0
kc_set_a,720575940622949069,left,0.0
kc_set_a,720575940622965944,right,0.0
kc_set_a,720575940622972365,right,0.0
kc_set_a,720575940622972686,right,0.0
kc_set_a,720575940622976973,right,0.0
kc_set_a,720575940622979475,right,0.0
kc_set_a,720575940622981646,right,0.0
kc_set_a,720575940622981902,right,0.0
kc_set_a,720575940622993800,left,0.0
kc_set_a,720575940622995080,left,0.0
kc_set_a,720575940622996104,right,0.0
kc_set_a,720575940622996360,left,0.0
kc_set_a,720575940622998920,left,0.0
kc_set_a,720575940622999944,right,0.0
kc_set_a,720575940623002087,left,0.0
kc_set_a,720575940623003016,left,0.0
kc_set_a,720575940623003917,right,0.0
kc_set_a,720575940623004429,left,0.0
kc_set_a,720575940623004685,left,0.0
kc_set_a,720575940623008440,right,0.0
kc_set_a,720575940623009416,right,0.0
kc_set_a,720575940623009549,right,0.0
kc_set_a,720575940623010253,right,0.0
kc_set_a,720575940623011720,right,0.0
kc_set_a,720575940623014328,right,0.0
kc_set_a,720575940623015694,right,0.0
kc_set_a,720575940623016644,right,0.0
kc_set_a,720575940623018986,left,0.0
kc_set_a,720575940623023544,right,0.0
kc_set_a,720575940623030015,right,0.0
kc_set_a,720575940623032004,left,0.0
kc_set_a,720575940623032781,left,0.0
kc_set_a,720575940623032970,right,0.0
kc_set_a,720575940623036415,left,0.0
kc_set_a,720575940623036903,left,0.0
kc_set_a,720575940623041772,left,0.0
kc_set_a,720575940623047660,left,0.0
kc_set_a,720575940623059080,right,0.0
kc_set_a,720575940623066406,left,0.0
kc_set_a,720575940623067114,left,0.0
kc_set_a,720575940623067942,right,0.0
kc_set_a,720575940623068308,left,0.0
kc_set_a,720575940623070868,left,0.0
kc_set_a,720575940623095276,left,0.0
kc_set_a,720575940623099943,left,0.0
kc_set_a,720575940623102396,right,0.0
kc_set_a,720575940623103487,left,0.0
kc_set_a,720575940623105023,right,0.0
kc_set_a,720575940623111463,left,0.0
kc_set_a,720575940623111679,left,0.0
kc_set_a,720575940623116012,left,0.0
kc_set_a,720575940623116585,left,152.4
kc_set_a,720575940623119871,left,0.0
kc_set_a,720575940623128359,left,0.0
kc_set_a,720575940623129087,right,0.0
kc_set_a,720575940623131433,left,0.0
kc_set_a,720575940623136499,right,0.0
kc_set_a,720575940623145513,left,0.0
kc_set_a,720575940623163844,left,0.0
kc_set_a,720575940623165636,left,0.0
kc_set_a,720575940623165737,right,0.0
kc_set_a,720575940623166471,right,0.0
kc_set_a,720575940623170055,left,0.0
kc_set_a,720575940623171268,left,0.0
kc_set_a,720575940623171847,right,0.0
kc_set_a,720575940623174953,left,0.0
kc_set_a,720575940623191334,right,0.0
kc_set_a,720575940623203012,right,0.0
kc_set_a,720575940623203767,right,0.0
kc_set_a,720575940623205303,left,0.0
kc_set_a,720575940623207108,left,0.0
kc_set_a,720575940623218666,left,0.0
kc_set_a,720575940623218687,left,0.0
kc_set_a,720575940623221161,left,0.0
kc_set_a,720575940623225284,left,0.0
kc_set_a,720575940623229927,left,0.0
kc_set_a,720575940623231428,left,0.0
kc_set_a,720575940623244180,right,0.0
kc_set_a,720575940623252164,right,0.0
kc_set_a,720575940623253994,left,0.0
kc_set_a,720575940623260540,left,0.0
kc_set_a,720575940623289831,left,0.0
kc_set_a,720575940623314765,right,0.0
kc_set_a,720575940623315347,right,0.0
kc_set_a,720575940623321226,left,0.0
kc_set_a,720575940623328231,right,0.0
kc_set_a,720575940623331210,left,0.0
kc_set_a,720575940623331475,left,0.0
kc_set_a,720575940623344821,left,0.0
kc_set_a,720575940623351443,right,0.0
kc_set_a,720575940623353013,right,0.0
kc_set_a,720575940623356493,right,0.0
kc_set_a,720575940623358645,right,0.0
kc_set_a,720575940623365045,left,0.0
kc_set_a,720575940623368644,left,0.0
kc_set_a,720575940623368940,left,0.0
kc_set_a,720575940623369412,right,0.0
kc_set_a,720575940623369668,right,0.0
kc_set_a,720575940623370180,right,0.0
kc_set_a,720575940623377555,right,0.0
kc_set_a,720575940623379091,left,0.0
kc_set_a,720575940623386506,right,0.0
kc_set_a,720575940623386762,left,0.0
kc_set_a,720575940623390186,left,0.0
kc_set_a,720575940623393002,left,0.0
kc_set_a,720575940623393038,left,0.0
kc_set_a,720575940623396093,left,0.0
kc_set_a,720575940623398397,left,0.0
kc_set_a,720575940623400189,right,0.0
kc_set_a,720575940623400445,right,0.0
kc_set_a,720575940623403773,right,0.0
kc_set_a,720575940623407850,left,0.0
kc_set_a,720575940623409959,left,0.0
kc_set_a,720575940623413898,right,0.0
kc_set_a,720575940623419389,left,0.0
kc_set_a,720575940623426633,right,0.0
kc_set_a,720575940623430365,left,0.0
kc_set_a,720575940623438571,right,0.0
kc_set_a,720575940623438665,right,0.0
kc_set_a,720575940623441387,right,0.0
kc_set_a,720575940623443859,left,0.0
kc_set_a,720575940623444203,left,0.0
kc_set_a,720575940623453991,left,0.0
kc_set_a,720575940623461134,left,0.0
kc_set_a,720575940623462072,left,0.0
kc_set_a,720575940623462328,left,0.0
kc_set_a,720575940623472201,left,0.0
kc_set_a,720575940623488270,right,0.0
kc_set_a,720575940623491069,left,0.0
kc_set_a,720575940623503111,right,0.0
kc_set_a,720575940623510762,left,0.0
kc_set_a,720575940623521806,right,0.0
kc_set_a,720575940623530474,left,0.0
kc_set_a,720575940623533645,left,0.0
kc_set_a,720575940623536205,left,0.0
kc_set_a,720575940623542972,right,0.0
kc_set_a,720575940623543303,right,0.0
kc_set_a,720575940623546638,right,0.0
kc_set_a,720575940623554748,right,0.0
kc_set_a,720575940623576909,left,0.0
kc_set_a,720575940623582904,right,0.0
kc_set_a,720575940623586999,right,0.0
kc_set_a,720575940623643832,left,0.0
kc_set_a,720575940623679495,right,0.0
kc_set_a,720575940623689148,left,0.0
kc_set_a,720575940623691920,right,0.0
kc_set_a,720575940623699207,left,0.0
kc_set_a,720575940623707656,left,0.0
kc_set_a,720575940623730509,left,0.0
kc_set_a,720575940623735310,left,0.0
kc_set_a,720575940623738807,left,0.0
kc_set_a,720575940623756215,right,0.0
kc_set_a,720575940623767991,left,0.0
kc_set_a,720575940623776437,right,0.0
kc_set_a,720575940623781965,left,0.0
kc_set_a,720575940623786421,left,0.0
kc_set_a,720575940623808693,left,0.0
kc_set_a,720575940623810487,right,0.0
kc_set_a,720575940623822261,right,0.0
kc_set_a,720575940623825077,left,0.0
kc_set_a,720575940623859127,left,0.0
kc_set_a,720575940623878327,right,0.0
kc_set_a,720575940623879312,left,0.0
kc_set_a,720575940623881801,left,0.0
kc_set_a,720575940623881872,left,0.0
kc_set_a,720575940623888461,right,0.0
kc_set_a,720575940623890890,right,0.0
kc_set_a,720575940623904181,left,157.0
kc_set_a,720575940623906633,left,156.4
kc_set_a,720575940623914679,right,0.0
kc_set_a,720575940623914954,right,0.0
kc_set_a,720575940623927444,left,0.0
kc_set_a,720575940623934100,left,0.0
kc_set_a,720575940623935159,left,0.0
kc_set_a,720575940623943316,left,0.0
kc_set_a,720575940623943572,right,0.0
kc_set_a,720575940623946988,right,0.0
kc_set_a,720575940623947500,right,0.0
kc_set_a,720575940623948617,left,137.4
kc_set_a,720575940623959881,left,0.0
kc_set_a,720575940623962516,left,150.2
kc_set_a,720575940623964820,right,0.0
kc_set_a,720575940623965513,right,0.0
kc_set_a,720575940623966612,left,0.0
kc_set_a,720575940623969684,left,0.0
kc_set_a,720575940623971819,right,0.0
kc_set_a,720575940623972756,left,0.0
kc_set_a,720575940623973961,right,0.0
kc_set_a,720575940623976521,left,0.0
kc_set_a,720575940623977545,right,0.0
kc_set_a,720575940623978789,right,0.0
kc_set_a,720575940623981385,right,0.0
kc_set_a,720575940623985189,right,0.0
kc_set_a,720575940623986469,right,0.0
kc_set_a,720575940623991333,right,0.0
kc_set_a,720575940623994701,left,0.0
kc_set_a,720575940624006477,left,0.0
kc_set_a,720575940624010569,left,0.0
kc_set_a,720575940624013309,left,0.0
kc_set_a,720575940624014077,right,0.0
kc_set_a,720575940624021483,left,0.0
kc_set_a,720575940624024555,left,0.0
kc_set_a,720575940624032264,right,0.0
kc_set_a,720575940624036339,left,0.0
kc_set_a,720575940624036656,left,0.0
kc_set_a,720575940624041447,left,0.0
kc_set_a,720575940624041545,left,0.0
kc_set_a,720575940624044873,left,0.0
kc_set_a,720575940624046153,left,0.0
kc_set_a,720575940624049661,left,0.0
kc_set_a,720575940624054675,right,0.0
kc_set_a,720575940624060048,left,0.0
kc_set_a,720575940624060208,right,0.0
kc_set_a,720575940624085739,left,0.0
kc_set_a,720575940624086251,right,0.0
kc_set_a,720575940624096039,right,0.0
kc_set_a,720575940624107706,right,0.0
kc_set_a,720575940624107755,right,0.0
kc_set_a,720575940624112058,right,0.0
kc_set_a,720575940624114494,right,0.0
kc_set_a,720575940624125114,right,0.0
kc_set_a,720575940624125584,left,0.0
kc_set_a,720575940624125626,right,0.0
kc_set_a,720575940624144107,left,0.0
kc_set_a,720575940624147976,left,0.0
kc_set_a,720575940624149256,right,0.0
kc_set_a,720575940624152357,left,0.0
kc_set_a,720575940624153608,left,0.0
kc_set_a,720575940624154632,left,0.0
kc_set_a,720575940624157675,right,0.0
kc_set_a,720575940624158352,right,0.0
kc_set_a,720575940624158650,right,0.0
kc_set_a,720575940624158906,right,0.0
kc_set_a,720575940624159376,right,0.0
kc_set_a,720575940624164104,left,0.0
kc_set_a,720575940624168712,left,0.0
kc_set_a,720575940624195559,right,0.0
kc_set_a,720575940624221488,left,0.0
kc_set_a,720575940624224526,left,0.0
kc_set_a,720575940624229322,left,0.0
kc_set_a,720575940624232974,right,0.0
kc_set_a,720575940624235448,left,0.0
kc_set_a,720575940624243388,left,0.0
kc_set_a,720575940624243982,left,0.0
kc_set_a,720575940624250160,left,0.0
kc_set_a,720575940624264462,left,0.0
kc_set_a,720575940624264718,left,0.0
kc_set_a,720575940624265572,right,0.0
kc_set_a,720575940624265998,left,134.4
kc_set_a,720575940624266936,left,0.0
kc_set_a,720575940624267022,left,0.0
kc_set_a,720575940624268080,left,0.0
kc_set_a,720575940624271716,right,0.0
kc_set_a,720575940624276784,left,0.0
kc_set_a,720575940624277040,left,149.2
kc_set_a,720575940624279527,left,0.0
kc_set_a,720575940624280979,left,0.0
kc_set_a,720575940624288520,right,0.0
kc_set_a,720575940624290539,left,0.0
kc_set_a,720575940624290855,left,0.0
kc_set_a,720575940624291728,left,0.0
kc_set_a,720575940624293048,right,0.0
kc_set_a,720575940624294072,right,0.0
kc_set_a,720575940624296376,right,0.0
kc_set_a,720575940624297278,left,0.0
kc_set_a,720575940624300984,left,0.0
kc_set_a,720575940624302008,right,0.0
kc_set_a,720575940624302520,left,0.0
kc_set_a,720575940624327196,right,0.0
kc_set_a,720575940624329146,left,155.4
kc_set_a,720575940624357413,left,0.0
kc_set_a,720575940624357669,left,0.0
kc_set_a,720575940624375088,right,0.0
kc_set_a,720575940624392220,right,0.0
kc_set_a,720575940624396524,right,0.0
kc_set_a,720575940624405228,left,0.0
kc_set_a,720575940624419820,left,0.0
kc_set_a,720575940624421148,right,0.0
kc_set_a,720575940624426533,right,0.0
kc_set_a,720575940624428019,right,0.0
kc_set_a,720575940624429036,right,0.0
kc_set_a,720575940624453868,right,0.0
kc_set_a,720575940624462228,left,0.0
kc_set_a,720575940624462740,left,0.0
kc_set_a,720575940624465900,right,0.0
kc_set_a,720575940624467812,left,0.0
kc_set_a,720575940624473444,left,0.0
kc_set_a,720575940624480148,right,0.0
kc_set_a,720575940624482452,left,0.0
kc_set_a,720575940624487572,right,0.0
kc_set_a,720575940624489620,left,0.0
kc_set_a,720575940624492802,right,0.0
kc_set_a,720575940624494373,right,0.0
kc_set_a,720575940624494996,right,0.0
kc_set_a,720575940624497959,left,0.0
kc_set_a,720575940624514535,left,0.0
kc_set_a,720575940624516339,right,0.0
kc_set_a,720575940624520254,left,0.0
kc_set_a,720575940624521022,left,0.0
kc_set_a,720575940624524234,right,0.0
kc_set_a,720575940624526266,left,139.6
kc_set_a,720575940624527091,right,0.0
kc_set_a,720575940624527340,left,0.0
kc_set_a,720575940624528314,left,0.0
kc_set_a,720575940624531948,left,0.0
kc_set_a,720575940624532979,right,0.0
kc_set_a,720575940624537836,right,0.0
kc_set_a,720575940624549646,left,0.0
kc_set_a,720575940624549694,left,0.0
kc_set_a,720575940624562836,right,0.0
kc_set_a,720575940624563075,right,0.0
kc_set_a,720575940624565788,left,0.0
kc_set_a,720575940624570917,left,0.0
kc_set_a,720575940624570957,left,0.0
kc_set_a,720575940624572052,right,0.0
kc_set_a,720575940624574922,right,0.0
kc_set_a,720575940624577613,right,0.0
kc_set_a,720575940624584579,right,0.0
kc_set_a,720575940624584835,right,0.0
kc_set_a,720575940624586900,left,0.0
kc_set_a,720575940624589548,left,0.0
kc_set_a,720575940624593132,right,0.0
kc_set_a,720575940624596355,right,0.0
kc_set_a,720575940624597228,right,0.0
kc_set_a,720575940624597788,right,0.0
kc_set_a,720575940624599444,left,0.0
kc_set_a,720575940624599939,right,0.0
kc_set_a,720575940624601236,right,0.0
kc_set_a,720575940624601731,right,0.0
kc_set_a,720575940624609101,right,0.0
kc_set_a,720575940624612839,left,0.0
kc_set_a,720575940624613050,left,0.0
kc_set_a,720575940624626563,right,0.0
kc_set_a,720575940624629948,right,0.0
kc_set_a,720575940624637884,right,0.0
kc_set_a,720575940624638396,right,0.0
kc_set_a,720575940624642492,right,0.0
kc_set_a,720575940624644739,right,0.0
kc_set_a,720575940624647299,right,0.0
kc_set_a,720575940624648067,right,0.0
kc_set_a,720575940624651507,left,0.0
kc_set_a,720575940624653299,left,0.0
kc_set_a,720575940624660313,right,0.0
kc_set_a,720575940624663427,right,0.0
kc_set_a,720575940624676414,right,0.0
kc_set_a,720575940624682426,right,0.0
kc_set_a,720575940624693287,right,0.0
kc_set_a,720575940624695335,left,0.0
kc_set_a,720575940624699918,left,0.0
kc_set_a,720575940624699981,left,0.0
kc_set_a,720575940624704002,right,0.0
kc_set_a,720575940624704551,left,0.0
kc_set_a,720575940624709925,left,0.0
kc_set_a,720575940624711655,right,0.0
kc_set_a,720575940624713660,left,154.2
kc_set_a,720575940624716581,left,0.0
kc_set_a,720575940624721084,right,0.0
kc_set_a,720575940624729528,right,0.0
kc_set_a,720575940624737464,left,0.0
kc_set_a,720575940624738232,left,144.6
kc_set_a,720575940624738830,left,0.0
kc_set_a,720575940624740878,left,0.0
kc_set_a,720575940624749258,left,0.0
kc_set_a,720575940624754983,right,0.0
kc_set_a,720575940624763850,left,0.0
kc_set_a,720575940624770574,right,0.0
kc_set_a,720575940624771879,left,0.0
kc_set_a,720575940624773182,left,0.0
kc_set_a,720575940624773646,left,0.0
kc_set_a,720575940624776206,left,0.0
kc_set_a,720575940624793272,left,0.0
kc_set_a,720575940624800188,right,0.0
kc_set_a,720575940624829198,left,0.0
kc_set_a,720575940624829479,left,0.0
kc_set_a,720575940624830503,right,0.0
kc_set_a,720575940624834968,right,0.0
kc_set_a,720575940624837927,right,0.0
kc_set_a,720575940624839257,left,0.0
kc_set_a,720575940624847491,left,0.0
kc_set_a,720575940624851726,left,0.0
kc_set_a,720575940624851864,right,0.0
kc_set_a,720575940624852120,right,0.0
kc_set_a,720575940624859032,right,0.0
kc_set_a,720575940624879388,left,0.0
kc_set_a,720575940624882702,left,0.0
kc_set_a,720575940624884920,right,0.0
kc_set_a,720575940624894052,left,0.0
kc_set_a,720575940624894308,left,0.0
kc_set_a,720575940624922256,left,0.0
kc_set_a,720575940624934800,left,0.0
kc_set_a,720575940624935182,left,0.0
kc_set_a,720575940624940558,left,0.0
kc_set_a,720575940624940814,right,0.0
kc_set_a,720575940624941326,right,0.0
kc_set_a,720575940624941838,left,0.0
kc_set_a,720575940624945666,left,0.0
kc_set_a,720575940624946446,left,0.0
kc_set_a,720575940624974010,right,0.0
kc_set_a,720575940624975760,left,0.0
kc_set_a,720575940624989214,right,0.0
kc_set_a,720575940624994941,right,0.0
kc_set_a,720575940625002526,right,0.0
kc_set_a,720575940625003907,left,0.0
kc_set_a,720575940625015070,right,0.0
kc_set_a,720575940625019481,left,0.0
kc_set_a,720575940625023869,right,0.0
kc_set_a,720575940625024125,right,0.0
kc_set_a,720575940625030233,left,0.0
kc_set_a,720575940625054589,right,0.0
kc_set_a,720575940625058173,right,0.0
kc_set_a,720575940625059917,left,0.0
kc_set_a,720575940625126448,right,0.0
kc_set_a,720575940625146882,left,0.0
kc_set_a,720575940625155877,right,0.0
kc_set_a,720575940625156901,right,0.0
kc_set_a,720575940625158437,right,0.0
kc_set_a,720575940625163139,right,0.0
kc_set_a,720575940625171289,right,0.0
kc_set_a,720575940625175845,left,0.0
kc_set_a,720575940625183309,left,0.0
kc_set_a,720575940625187586,left,0.0
kc_set_a,720575940625223690,right,0.0
kc_set_a,720575940625227978,left,0.0
kc_set_a,720575940625235033,right,0.0
kc_set_a,720575940625258506,right,0.0
kc_set_a,720575940625261834,right,0.0
kc_set_a,720575940625264659,right,0.0
kc_set_a,720575940625266057,right,0.0
kc_set_a,720575940625290003,right,0.0
kc_set_a,720575940625292606,right,0.0
kc_set_a,720575940625297304,left,0.0
kc_set_a,720575940625300254,right,0.0
kc_set_a,720575940625309882,left,0.0
kc_set_a,720575940625311418,right,0.0
kc_set_a,720575940625312186,left,0.0
kc_set_a,720575940625317139,right,0.0
kc_set_a,720575940625318163,right,0.0
kc_set_a,720575940625318531,left,0.0
kc_set_a,720575940625323326,right,0.0
kc_set_a,720575940625323795,right,0.0
kc_set_a,720575940625325630,left,0.0
kc_set_a,720575940625328915,right,0.0
kc_set_a,720575940625329029,right,0.0
kc_set_a,720575940625329726,left,0.0
kc_set_a,720575940625330494,left,0.0
kc_set_a,720575940625331006,right,0.0
kc_set_a,720575940625333822,right,0.0
kc_set_a,720575940625343546,right,0.0
kc_set_a,720575940625343640,right,0.0
kc_set_a,720575940625346023,left,0.0
kc_set_a,720575940625354904,right,0.0
kc_set_a,720575940625372293,right,0.0
kc_set_a,720575940625376841,right,0.0
kc_set_a,720575940625377688,right,0.0
kc_set_a,720575940625399077,right,0.0
kc_set_a,720575940625404197,left,0.0
kc_set_a,720575940625405072,left,0.0
kc_set_a,720575940625405744,left,0.0
kc_set_a,720575940625422090,left,0.0
kc_set_a,720575940625427210,left,0.0
kc_set_a,720575940625428093,left,0.0
kc_set_a,720575940625430302,left,0.0
kc_set_a,720575940625446181,left,0.0
kc_set_a,720575940625451920,right,0.0
kc_set_a,720575940625454640,right,0.0
kc_set_a,720575940625455134,left,0.0
kc_set_a,720575940625461534,left,0.0
kc_set_a,720575940625476708,right,0.0
kc_set_a,720575940625476964,right,0.0
kc_set_a,720575940625477150,left,0.0
kc_set_a,720575940625482084,right,0.0
kc_set_a,720575940625484602,left,0.0
kc_set_a,720575940625485181,left,0.0
kc_set_a,720575940625486692,right,0.0
kc_set_a,720575940625486948,left,147.0
kc_set_a,720575940625488659,left,0.0
kc_set_a,720575940625490788,left,0.0
kc_set_a,720575940625497488,right,0.0
kc_set_a,720575940625499153,right,0.0
kc_set_a,720575940625500304,right,0.0
kc_set_a,720575940625502608,left,0.0
kc_set_a,720575940625504868,left,0.0
kc_set_a,720575940625506704,right,0.0
kc_set_a,720575940625507888,right,0.0
kc_set_a,720575940625508400,right,0.0
kc_set_a,720575940625508733,left,0.0
kc_set_a,720575940625513616,left,0.0
kc_set_a,720575940625514621,left,0.0
kc_set_a,720575940625516436,left,0.0
kc_set_a,720575940625525912,left,0.0
kc_set_a,720575940625529477,left,0.0
kc_set_a,720575940625532689,right,0.0
kc_set_a,720575940625537822,right,0.0
kc_set_a,720575940625541168,left,0.0
kc_set_a,720575940625560189,right,0.0
kc_set_a,720575940625561374,right,0.0
kc_set_a,720575940625564816,right,0.0
kc_set_a,720575940625570334,right,0.0
kc_set_a,720575940625572240,left,0.0
kc_set_a,720575940625576080,left,0.0
kc_set_a,720575940625584688,right,0.0
kc_set_a,720575940625598802,right,0.0
kc_set_a,720575940625600048,right,0.0
kc_set_a,720575940625602608,left,0.0
kc_set_a,720575940625604839,right,0.0
kc_set_a,720575940625605257,left,0.0
kc_set_a,720575940625607946,left,0.0
kc_set_a,720575940625608329,left,0.0
kc_set_a,720575940625614224,left,0.0
kc_set_a,720575940625625136,right,0.0
kc_set_a,720575940625632893,left,0.0
kc_set_a,720575940625642340,right,0.0
kc_set_a,720575940625645968,left,0.0
kc_set_a,720575940625646876,right,0.0
kc_set_a,720575940625647114,left,0.0
kc_set_a,720575940625647882,left,0.0
kc_set_a,720575940625655088,left,0.0
kc_set_a,720575940625655464,right,0.0
kc_set_a,720575940625662778,left,0.0
kc_set_a,720575940625663674,right,0.0
kc_set_a,720575940625665149,left,0.0
kc_set_a,720575940625665564,right,0.0
kc_set_a,720575940625667365,right,0.0
kc_set_a,720575940625669660,left,0.0
kc_set_a,720575940625678613,right,0.0
kc_set_a,720575940625681171,left,0.0
kc_set_a,720575940625683740,left,0.0
kc_set_a,720575940625690140,right,0.0
kc_set_a,720575940625691669,right,0.0
kc_set_a,720575940625692560,left,0.0
kc_set_a,720575940625692816,right,0.0
kc_set_a,720575940625702949,right,0.0
kc_set_a,720575940625715733,right,0.0
kc_set_a,720575940625718696,right,0.0
kc_set_a,720575940625720341,right,0.0
kc_set_a,720575940625721866,right,0.0
kc_set_a,720575940625724072,right,0.0
kc_set_a,720575940625732496,right,0.0
kc_set_a,720575940625732745,left,0.0
kc_set_a,720575940625733413,left,0.0
kc_set_a,720575940625740169,right,0.0
kc_set_a,720575940625741455,right,0.0
kc_set_a,720575940625744466,left,0.0
kc_set_a,720575940625748510,left,0.0
kc_set_a,720575940625749586,left,0.0
kc_set_a,720575940625750671,right,0.0
kc_set_a,720575940625751117,left,0.0
kc_set_a,720575940625753621,right,0.0
kc_set_a,720575940625754389,right,0.0
kc_set_a,720575940625762447,right,0.0
kc_set_a,720575940625763601,left,0.0
kc_set_a,720575940625765306,right,0.0
kc_set_a,720575940625766984,right,0.0
kc_set_a,720575940625768073,right,0.0
kc_set_a,720575940625773605,left,0.0
kc_set_a,720575940625777939,right,0.0
kc_set_a,720575940625780648,right,0.0
kc_set_a,720575940625781009,left,0.0
kc_set_a,720575940625781029,left,0.0
kc_set_a,720575940625781541,right,0.0
kc_set_a,720575940625786899,right,0.0
kc_set_a,720575940625793317,left,0.0
kc_set_a,720575940625800741,right,0.0
kc_set_a,720575940625807108,right,0.0
kc_set_a,720575940625834900,right,0.0
kc_set_a,720575940625837060,right,0.0
kc_set_a,720575940625843075,right,0.0
kc_set_a,720575940625853477,left,0.0
kc_set_a,720575940625853989,left,0.0
kc_set_a,720575940625860026,left,0.0
kc_set_a,720575940625864964,right,0.0
kc_set_a,720575940625871741,left,0.0
kc_set_a,720575940625898780,left,0.0
kc_set_a,720575940625900900,right,0.0
kc_set_a,720575940625901002,right,0.0
kc_set_a,720575940625902282,left,0.0
kc_set_a,720575940625903626,left,0.0
kc_set_a,720575940625910354,left,0.0
kc_set_a,720575940625925458,left,144.6
kc_set_a,720575940625927626,left,0.0
kc_set_a,720575940625929790,left,0.0
kc_set_a,720575940625937173,left,0.0
kc_set_a,720575940625937797,right,0.0
kc_set_a,720575940625939801,right,0.0
kc_set_a,720575940625940456,right,0.0
kc_set_a,720575940625942458,right,0.0
kc_set_a,720575940625942590,right,0.0
kc_set_a,720575940625944266,left,0.0
kc_set_a,720575940625957800,left,0.0
kc_set_a,720575940625969640,right,0.0
kc_set_a,720575940625981028,left,0.0
kc_set_a,720575940625984399,left,0.0
kc_set_a,720575940625991524,left,0.0
kc_set_a,720575940625994728,right,0.0
kc_set_a,720575940625995251,right,0.0
kc_set_a,720575940626002494,right,0.0
kc_set_a,720575940626007102,left,0.0
kc_set_a,720575940626015294,left,0.0
kc_set_a,720575940626031493,left,0.0
kc_set_a,720575940626033838,left,0.0
kc_set_a,720575940626043454,right,0.0
kc_set_a,720575940626044924,right,0.0
kc_set_a,720575940626075079,right,0.0
kc_set_a,720575940626080868,left,0.0
kc_set_a,720575940626081176,right,0.0
kc_set_a,720575940626081636,left,0.0
kc_set_a,720575940626082148,left,0.0
kc_set_a,720575940626082404,right,0.0
kc_set_a,720575940626083940,left,0.0
kc_set_a,720575940626086244,right,0.0
kc_set_a,720575940626086728,left,0.0
kc_set_a,720575940626087780,left,0.0
kc_set_a,720575940626089980,right,0.0
kc_set_a,720575940626090340,right,0.0
kc_set_a,720575940626102628,left,0.0
kc_set_a,720575940626111175,right,0.0
kc_set_a,720575940626124743,right,0.0
kc_set_a,720575940626139560,left,0.0
kc_set_a,720575940626143570,left,0.0
kc_set_a,720575940626144680,left,0.0
kc_set_a,720575940626158692,left,0.0
kc_set_a,720575940626161154,left,0.0
kc_set_a,720575940626161551,left,0.0
kc_set_a,720575940626191108,left,0.0
kc_set_a,720575940626194716,right,0.0
kc_set_a,720575940626199324,left,0.0
kc_set_a,720575940626199580,left,0.0
kc_set_a,720575940626201512,left,0.0
kc_set_a,720575940626212625,right,0.0
kc_set_a,720575940626216317,left,0.0
kc_set_a,720575940626216573,left,0.0
kc_set_a,720575940626217341,left,0.0
kc_set_a,720575940626220574,left,0.0
kc_set_a,720575940626220830,right,0.0
kc_set_a,720575940626222609,left,0.0
kc_set_a,720575940626223633,left,0.0
kc_set_a,720575940626225173,right,0.0
kc_set_a,720575940626225941,right,0.0
kc_set_a,720575940626226690,right,0.0
kc_set_a,720575940626227202,left,0.0
kc_set_a,720575940626234626,left,0.0
kc_set_a,720575940626239236,left,0.0
kc_set_a,720575940626242054,right,0.0
kc_set_a,720575940626244348,left,0.0
kc_set_a,720575940626250568,left,0.0
kc_set_a,720575940626251778,right,0.0
kc_set_a,720575940626252273,right,0.0
kc_set_a,720575940626253318,right,0.0
kc_set_a,720575940626265084,left,0.0
kc_set_a,720575940626274822,right,0.0
kc_set_a,720575940626275656,left,0.0
kc_set_a,720575940626277382,right,0.0
kc_set_a,720575940626284157,right,0.0
kc_set_a,720575940626286878,left,0.0
kc_set_a,720575940626287644,left,0.0
kc_set_a,720575940626294090,right,0.0
kc_set_a,720575940626305028,right,0.0
kc_set_a,720575940626305679,right,0.0
kc_set_a,720575940626311623,left,0.0
kc_set_a,720575940626313546,right,0.0
kc_set_a,720575940626316802,right,0.0
kc_set_a,720575940626316974,left,0.0
kc_set_a,720575940626321482,right,0.0
kc_set_a,720575940626326952,right,0.0
kc_set_a,720575940626331978,right,0.0
kc_set_a,720575940626343665,right,0.0
kc_set_a,720575940626353905,right,0.0
kc_set_a,720575940626362696,right,0.0
kc_set_a,720575940626363791,right,0.0
kc_set_a,720575940626364401,right,0.0
kc_set_a,720575940626364956,left,0.0
kc_set_a,720575940626366748,left,0.0
kc_set_a,720575940626371842,left,0.0
kc_set_a,720575940626394609,right,0.0
kc_set_a,720575940626397565,right,0.0
kc_set_a,720575940626403400,right,0.0
kc_set_a,720575940626404776,left,146.0
kc_set_a,720575940626422659,left,0.0
kc_set_a,720575940626423171,left,0.0
kc_set_a,720575940626430339,right,0.0
kc_set_a,720575940626433448,left,0.0
kc_set_a,720575940626460420,left,0.0
kc_set_a,720575940626464901,right,0.0
kc_set_a,720575940626465286,left,0.0
kc_set_a,720575940626467836,left,0.0
kc_set_a,720575940626468629,left,0.0
kc_set_a,720575940626474889,right,0.0
kc_set_a,720575940626486409,left,0.0
kc_set_a,720575940626494663,left,0.0
kc_set_a,720575940626496275,right,0.0
kc_set_a,720575940626497811,left,0.0
kc_set_a,720575940626509830,left,0.0
kc_set_a,720575940626510211,right,0.0
kc_set_a,720575940626513027,right,0.0
kc_set_a,720575940626513171,right,0.0
kc_set_a,720575940626522184,left,0.0
kc_set_a,720575940626524691,left,0.0
kc_set_a,720575940626526218,right,0.0
kc_set_a,720575940626535434,right,0.0
kc_set_a,720575940626536714,right,0.0
kc_set_a,720575940626540042,left,0.0
kc_set_a,720575940626547817,right,0.0
kc_set_a,720575940626548234,right,0.0
kc_set_a,720575940626550504,right,0.0
kc_set_a,720575940626560601,left,0.0
kc_set_a,720575940626560857,right,0.0
kc_set_a,720575940626562665,right,0.0
kc_set_a,720575940626569112,left,155.4
kc_set_a,720575940626578161,left,0.0
kc_set_a,720575940626582842,right,0.0
kc_set_a,720575940626586823,right,0.0
kc_set_a,720575940626621498,right,0.0
kc_set_a,720575940626622480,right,0.0
kc_set_a,720575940626632837,left,0.0
kc_set_a,720575940626633960,left,0.0
kc_set_a,720575940626640158,right,0.0
kc_set_a,720575940626643944,left,0.0
kc_set_a,720575940626646544,right,0.0
kc_set_a,720575940626647960,left,0.0
kc_set_a,720575940626649433,right,0.0
kc_set_a,720575940626651288,right,0.0
kc_set_a,720575940626651624,left,0.0
kc_set_a,720575940626653273,left,0.0
kc_set_a,720575940626655321,right,0.0
kc_set_a,720575940626657808,right,0.0
kc_set_a,720575940626663440,right,0.0
kc_set_a,720575940626668165,left,0.0
kc_set_a,720575940626668304,right,0.0
kc_set_a,720575940626669957,right,0.0
kc_set_a,720575940626674584,left,0.0
kc_set_a,720575940626676120,right,0.0
kc_set_a,720575940626679385,left,0.0
kc_set_a,720575940626682654,left,0.0
kc_set_a,720575940626688893,right,0.0
kc_set_a,720575940626689176,left,161.2
kc_set_a,720575940626694479,right,0.0
kc_set_a,720575940626697802,left,0.0
kc_set_a,720575940626698377,left,0.0
kc_set_a,720575940626698633,left,0.0
kc_set_a,720575940626700889,right,0.0
kc_set_a,720575940626702232,right,0.0
kc_set_a,720575940626712921,left,0.0
kc_set_a,720575940626721874,left,0.0
kc_set_a,720575940626724946,left,0.0
kc_set_a,720575940626729515,right,0.0
kc_set_a,720575940626733693,right,0.0
kc_set_a,720575940626734436,left,0.0
kc_set_a,720575940626742866,right,0.0
kc_set_a,720575940626757209,left,0.0
kc_set_a,720575940626758489,right,0.0
kc_set_a,720575940626772357,right,0.0
kc_set_a,720575940626779398,right,0.0
kc_set_a,720575940626779722,left,0.0
kc_set_a,720575940626782218,left,0.0
kc_set_a,720575940626782507,right,0.0
kc_set_a,720575940626782845,left,0.0
kc_set_a,720575940626786859,right,0.0
kc_set_a,720575940626787313,left,0.0
kc_set_a,720575940626792209,right,0.0
kc_set_a,720575940626792778,right,0.0
kc_set_a,720575940626793502,left,0.0
kc_set_a,720575940626794027,right,0.0
kc_set_a,720575940626803279,right,0.0
kc_set_a,720575940626805520,left,0.0
kc_set_a,720575940626820395,right,0.0
kc_set_a,720575940626825853,right,0.0
kc_set_a,720575940626828574,right,0.0
kc_set_a,720575940626834762,right,0.0
kc_set_a,720575940626835728,left,152.4
kc_set_a,720575940626838513,left,0.0
kc_set_a,720575940626843773,right,0.0
kc_set_a,720575940626855171,right,0.0
kc_set_a,720575940626864414,right,0.0
kc_set_a,720575940626867742,left,0.0
kc_set_a,720575940626874097,right,0.0
kc_set_a,720575940626895442,left,0.0
kc_set_a,720575940626896643,right,0.0
kc_set_a,720575940626901278,right,0.0
kc_set_a,720575940626904561,right,0.0
kc_set_a,720575940626906142,right,0.0
kc_set_a,720575940626911262,right,0.0
kc_set_a,720575940626916126,left,0.0
kc_set_a,720575940626919409,right,0.0
kc_set_a,720575940626930186,left,0.0
kc_set_a,720575940626930947,right,0.0
kc_set_a,720575940626932501,left,0.0
kc_set_a,720575940626937347,right,0.0
kc_set_a,720575940626937630,left,0.0
kc_set_a,720575940626941205,left,0.0
kc_set_a,720575940626941446,right,0.0
kc_set_a,720575940626946033,left,0.0
kc_set_a,720575940626948485,right,0.0
kc_set_a,720575940626949909,left,0.0
kc_set_a,720575940626950147,right,0.0
kc_set_a,720575940626951171,right,0.0
kc_set_a,720575940626951921,left,0.0
kc_set_a,720575940626953732,right,0.0
kc_set_a,720575940626965002,left,0.0
kc_set_a,720575940626975899,right,0.0
kc_set_a,720575940626991771,right,0.0
kc_set_a,720575940626993001,left,0.0
kc_set_a,720575940626999114,left,0.0
kc_set_a,720575940626999882,left,0.0
kc_set_a,720575940627003547,right,0.0
kc_set_a,720575940627015942,left,0.0
kc_set_a,720575940627016859,right,0.0
kc_set_a,720575940627018383,right,0.0
kc_set_a,720575940627020933,right,0.0
kc_set_a,720575940627021128,right,0.0
kc_set_a,720575940627022664,left,0.0
kc_set_a,720575940627025039,left,0.0
kc_set_a,720575940627028773,right,0.0
kc_set_a,720575940627043666,right,0.0
kc_set_a,720575940627044337,left,0.0
kc_set_a,720575940627045636,right,0.0
kc_set_a,720575940627045642,left,0.0
kc_set_a,720575940627048522,left,0.0
kc_set_a,720575940627054725,left,0.0
kc_set_a,720575940627059460,left,0.0
kc_set_a,720575940627069203,right,0.0
kc_set_a,720575940627073448,left,0.0
kc_set_a,720575940627075407,left,0.0
kc_set_a,720575940627077032,right,0.0
kc_set_a,720575940627079080,left,0.0
kc_set_a,720575940627079557,left,0.0
kc_set_a,720575940627081994,right,0.0
kc_set_a,720575940627082261,right,0.0
kc_set_a,720575940627082298,left,0.0
kc_set_a,720575940627082481,left,0.0
kc_set_a,720575940627085578,right,0.0
kc_set_a,720575940627086596,left,0.0
kc_set_a,720575940627089930,right,0.0
kc_set_a,720575940627094917,right,0.0
kc_set_a,720575940627097361,right,0.0
kc_set_a,720575940627097733,right,0.0
kc_set_a,720575940627101706,left,0.0
kc_set_a,720575940627103802,left,0.0
kc_set_a,720575940627112723,right,0.0
kc_set_a,720575940627138888,left,0.0
kc_set_a,720575940627147578,right,0.0
kc_set_a,720575940627150090,right,0.0
kc_set_a,720575940627153668,left,0.0
kc_set_a,720575940627153930,left,0.0
kc_set_a,720575940627155589,right,0.0
kc_set_a,720575940627157008,right,0.0
kc_set_a,720575940627158098,right,0.0
kc_set_a,720575940627158866,left,0.0
kc_set_a,720575940627164242,right,0.0
kc_set_a,720575940627165010,right,0.0
kc_set_a,720575940627166522,right,0.0
kc_set_a,720575940627170898,right,0.0
kc_set_a,720575940627172936,left,0.0
kc_set_a,720575940627173192,left,0.0
kc_set_a,720575940627174994,left,0.0
kc_set_a,720575940627185767,right,0.0
kc_set_a,720575940627194426,right,0.0
kc_set_a,720575940627197739,left,0.0
kc_set_a,720575940627198085,left,0.0
kc_set_a,720575940627198799,left,0.0
kc_set_a,720575940627200010,left,0.0
kc_set_a,720575940627200923,left,0.0
kc_set_a,720575940627202058,left,0.0
kc_set_a,720575940627205386,right,0.0
kc_set_a,720575940627210373,right,0.0
kc_set_a,720575940627211307,left,0.0
kc_set_a,720575940627220327,right,0.0
kc_set_a,720575940627226923,left,0.0
kc_set_a,720575940627229007,left,0.0
kc_set_a,720575940627230986,right,0.0
kc_set_a,720575940627235594,left,0.0
kc_set_a,720575940627236874,left,0.0
kc_set_a,720575940627243322,left,0.0
kc_set_a,720575940627243623,right,0.0
kc_set_a,720575940627244699,right,0.0
kc_set_a,720575940627245701,right,0.0
kc_set_a,720575940627251216,left,0.0
kc_set_a,720575940627252267,left,147.6
kc_set_a,720575940627263162,right,0.0
kc_set_a,720575940627264082,right,0.0
kc_set_a,720575940627264488,right,0.0
kc_set_a,720575940627276114,left,0.0
kc_set_a,720575940627278235,left,0.0
kc_set_a,720575940627282002,right,0.0
kc_set_a,720575940627282408,left,0.0
kc_set_a,720575940627284123,left,0.0
kc_set_a,720575940627292218,right,0.0
kc_set_a,720575940627295260,left,0.0
kc_set_a,720575940627295802,right,0.0
kc_set_a,720575940627298639,left,0.0
kc_set_a,720575940627307855,right,0.0
kc_set_a,720575940627309329,left,153.4
kc_set_a,720575940627332100,right,0.0
kc_set_a,720575940627336209,right,0.0
kc_set_a,720575940627342674,left,0.0
kc_set_a,720575940627343108,left,0.0
kc_set_a,720575940627343377,left,0.0
kc_set_a,720575940627351751,right,0.0
kc_set_a,720575940627353031,left,0.0
kc_set_a,720575940627367189,right,0.0
kc_set_a,720575940627372284,left,0.0
kc_set_a,720575940627377937,left,0.0
kc_set_a,720575940627389256,left,0.0
kc_set_a,720575940627426837,right,0.0
kc_set_a,720575940627429909,left,0.0
kc_set_a,720575940627435592,left,0.0
kc_set_a,720575940627441169,left,0.0
kc_set_a,720575940627449243,left,0.0
kc_set_a,720575940627450385,right,0.0
kc_set_a,720575940627452689,right,0.0
kc_set_a,720575940627479829,right,0.0
kc_set_a,720575940627480363,left,0.0
kc_set_a,720575940627480853,right,0.0
kc_set_a,720575940627483179,left,0.0
kc_set_a,720575940627483413,right,0.0
kc_set_a,720575940627483464,left,0.0
kc_set_a,720575940627491861,left,0.0
kc_set_a,720575940627492117,left,151.4
kc_set_a,720575940627493141,right,0.0
kc_set_a,720575940627493653,right,0.0
kc_set_a,720575940627519748,left,0.0
kc_set_a,720575940627534339,left,0.0
kc_set_a,720575940627543624,right,0.0
kc_set_a,720575940627543695,right,0.0
kc_set_a,720575940627546897,left,0.0
kc_set_a,720575940627547153,left,160.4
kc_set_a,720575940627550214,right,0.0
kc_set_a,720575940627552168,right,0.0
kc_set_a,720575940627552680,right,0.0
kc_set_a,720575940627553691,right,0.0
kc_set_a,720575940627558662,right,0.0
kc_set_a,720575940627559759,left,0.0
kc_set_a,720575940627561854,right,0.0
kc_set_a,720575940627564616,left,0.0
kc_set_a,720575940627568646,right,0.0
kc_set_a,720575940627571972,left,0.0
kc_set_a,720575940627572742,left,0.0
kc_set_a,720575940627573659,right,0.0
kc_set_a,720575940627573766,left,0.0
kc_set_a,720575940627575464,left,0.0
kc_set_a,720575940627576488,right,0.0
kc_set_a,720575940627581700,left,0.0
kc_set_a,720575940627583217,left,0.0
kc_set_a,720575940627584262,left,0.0
kc_set_a,720575940627585028,right,0.0
kc_set_a,720575940627585286,right,0.0
kc_set_a,720575940627587078,right,0.0
kc_set_a,720575940627588337,left,0.0
kc_set_a,720575940627588593,left,0.0
kc_set_a,720575940627595848,right,0.0
kc_set_a,720575940627598760,left,0.0
kc_set_a,720575940627612675,left,0.0
kc_set_a,720575940627615400,right,0.0
kc_set_a,720575940627621626,right,0.0
kc_set_a,720575940627626244,right,0.0
kc_set_a,720575940627626695,left,0.0
kc_set_a,720575940627628548,left,0.0
kc_set_a,720575940627630154,right,0.0
kc_set_a,720575940627660968,left,0.0
kc_set_a,720575940627667355,left,0.0
kc_set_a,720575940627687940,right,0.0
kc_set_a,720575940627700484,right,0.0
kc_set_a,720575940627709948,right,0.0
kc_set_a,720575940627717575,left,0.0
kc_set_a,720575940627741562,right,0.0
kc_set_a,720575940627750647,right,0.0
kc_set_a,720575940627768567,right,0.0
kc_set_a,720575940627775938,right,0.0
kc_set_a,720575940627776450,right,0.0
kc_set_a,720575940627778564,right,0.0
kc_set_a,720575940627782148,right,0.0
kc_set_a,720575940627800446,left,0.0
kc_set_a,720575940627801930,left,0.0
kc_set_a,720575940627802618,left,0.0
kc_set_a,720575940627804136,left,0.0
kc_set_a,720575940627805928,left,0.0
kc_set_a,720575940627808232,left,0.0
kc_set_a,720575940627834359,right,0.0
kc_set_a,720575940627834856,left,0.0
kc_set_a,720575940627849463,right,0.0
kc_set_a,720575940627851008,right,0.0
kc_set_a,720575940627854568,right,0.0
kc_set_a,720575940627857384,left,0.0
kc_set_a,720575940627859688,left,0.0
kc_set_a,720575940627861736,right,0.0
kc_set_a,720575940627869928,left,0.0
kc_set_a,720575940627902440,left,0.0
kc_set_a,720575940627905223,left,0.0
kc_set_a,720575940627906536,left,0.0
kc_set_a,720575940627908624,right,0.0
kc_set_a,720575940627910160,left,0.0
kc_set_a,720575940627912464,left,0.0
kc_set_a,720575940627912492,right,0.0
kc_set_a,720575940627915280,left,0.0
kc_set_a,720575940627920071,right,0.0
kc_set_a,720575940627924935,right,0.0
kc_set_a,720575940627930490,left,0.0
kc_set_a,720575940627931466,right,0.0
kc_set_a,720575940627932412,left,0.0
kc_set_a,720575940627935996,left,0.0
kc_set_a,720575940627936784,left,0.0
kc_set_a,720575940627941242,left,0.0
kc_set_a,720575940627947792,left,0.0
kc_set_a,720575940627953607,left,0.0
kc_set_a,720575940627958466,left,0.0
kc_set_a,720575940627960826,left,0.0
kc_set_a,720575940627964204,right,0.0
kc_set_a,720575940627969786,left,0.0
kc_set_a,720575940627985402,left,0.0
kc_set_a,720575940627986220,right,0.0
kc_set_a,720575940627987756,right,0.0
kc_set_a,720575940627988474,left,0.0
kc_set_a,720575940628002348,right,0.0
kc_set_a,720575940628002822,right,0.0
kc_set_a,720575940628012332,right,0.0
kc_set_a,720575940628025799,left,0.0
kc_set_a,720575940628045318,right,0.0
kc_set_a,720575940628054839,right,0.0
kc_set_a,720575940628055558,left,0.0
kc_set_a,720575940628056375,right,0.0
kc_set_a,720575940628060166,right,0.0
kc_set_a,720575940628060934,right,0.0
kc_set_a,720575940628060983,right,0.0
kc_set_a,720575940628071409,right,0.0
kc_set_a,720575940628072721,left,0.0
kc_set_a,720575940628076038,right,0.0
kc_set_a,720575940628079872,left,0.0
kc_set_a,720575940628080902,left,0.0
kc_set_a,720575940628084224,left,0.0
kc_set_a,720575940628085489,left,0.0
kc_set_a,720575940628095488,left,0.0
kc_set_a,720575940628103806,right,0.0
kc_set_a,720575940628107249,left,0.0
kc_set_a,720575940628107776,left,0.0
kc_set_a,720575940628115185,left,0.0
kc_set_a,720575940628119555,left,0.0
kc_set_a,720575940628120655,right,0.0
kc_set_a,720575940628121287,right,0.0
kc_set_a,720575940628128079,right,0.0
kc_set_a,720575940628132938,left,0.0
kc_set_a,720575940628134266,left,0.0
kc_set_a,720575940628134915,left,0.0
kc_set_a,720575940628137478,left,0.0
kc_set_a,720575940628137969,left,0.0
kc_set_a,720575940628138246,right,0.0
kc_set_a,720575940628145411,left,0.0
kc_set_a,720575940628145667,left,0.0
kc_set_a,720575940628147718,right,0.0
kc_set_a,720575940628152838,right,0.0
kc_set_a,720575940628155395,left,0.0
kc_set_a,720575940628163402,right,0.0
kc_set_a,720575940628175363,right,0.0
kc_set_a,720575940628186667,left,0.0
kc_set_a,720575940628188732,right,0.0
kc_set_a,720575940628190780,right,0.0
kc_set_a,720575940628201259,right,0.0
kc_set_a,720575940628209212,right,0.0
kc_set_a,720575940628215056,right,0.0
kc_set_a,720575940628217643,right,0.0
kc_set_a,720575940628217899,left,0.0
kc_set_a,720575940628218155,left,0.0
kc_set_a,720575940628219692,left,0.0
kc_set_a,720575940628225852,right,0.0
kc_set_a,720575940628226604,left,0.0
kc_set_a,720575940628238586,left,0.0
kc_set_a,720575940628239110,left,0.0
kc_set_a,720575940628239671,right,0.0
kc_set_a,720575940628240122,left,0.0
kc_set_a,720575940628245559,left,0.0
kc_set_a,720575940628254263,left,0.0
kc_set_a,720575940628257914,right,0.0
kc_set_a,720575940628259914,right,0.0
kc_set_a,720575940628265039,left,0.0
kc_set_a,720575940628269391,right,0.0
kc_set_a,720575940628269628,right,0.0
kc_set_a,720575940628270235,left,0.0
kc_set_a,720575940628291407,right,0.0
kc_set_a,720575940628295242,right,0.0
kc_set_a,720575940628297627,right,0.0
kc_set_a,720575940628300529,right,0.0
kc_set_a,720575940628301303,left,0.0
kc_set_a,720575940628304113,left,0.0
kc_set_a,720575940628304578,right,0.0
kc_set_a,720575940628306075,right,0.0
kc_set_a,720575940628308215,left,0.0
kc_set_a,720575940628309186,right,0.0
kc_set_a,720575940628312049,right,0.0
kc_set_a,720575940628318193,left,0.0
kc_set_a,720575940628321539,right,0.0
kc_set_a,720575940628330240,left,0.0
kc_set_a,720575940628331625,right,0.0
kc_set_a,720575940628350211,right,0.0
kc_set_a,720575940628353244,right,0.0
kc_set_a,720575940628355843,left,0.0
kc_set_a,720575940628359895,right,0.0
kc_set_a,720575940628363642,left,0.0
kc_set_a,720575940628365783,right,0.0
kc_set_a,720575940628367836,right,0.0
kc_set_a,720575940628374121,right,0.0
kc_set_a,720575940628375255,right,0.0
kc_set_a,720575940628376080,left,0.0
kc_set_a,720575940628385546,left,0.0
kc_set_a,720575940628394716,right,0.0
kc_set_a,720575940628398295,right,0.0
kc_set_a,720575940628400439,left,0.0
kc_set_a,720575940628400940,left,0.0
kc_set_a,720575940628404188,right,0.0
kc_set_a,720575940628405882,left,0.0
kc_set_a,720575940628406828,left,0.0
kc_set_a,720575940628408055,right,0.0
kc_set_a,720575940628411002,left,0.0
kc_set_a,720575940628411612,right,0.0
kc_set_a,720575940628412892,right,0.0
kc_set_a,720575940628413799,left,0.0
kc_set_a,720575940628414567,right,0.0
kc_set_a,720575940628415079,right,0.0
kc_set_a,720575940628424527,left,0.0
kc_set_a,720575940628431042,left,0.0
kc_set_a,720575940628431719,left,0.0
kc_set_a,720575940628432834,left,0.0
kc_set_a,720575940628433511,right,0.0
kc_set_a,720575940628447491,right,0.0
kc_set_a,720575940628471392,right,0.0
kc_set_a,720575940628476716,right,0.0
kc_set_a,720575940628484396,left,0.0
kc_set_a,720575940628491792,right,0.0
kc_set_a,720575940628495104,left,0.0
kc_set_a,720575940628506732,right,0.0
kc_set_a,720575940628514156,right,0.0
kc_set_a,720575940628519020,right,0.0
kc_set_a,720575940628531308,right,0.0
kc_set_a,720575940628533356,right,0.0
kc_set_a,720575940628536055,left,0.0
kc_set_a,720575940628538112,left,0.0
kc_set_a,720575940628538679,right,0.0
kc_set_a,720575940628554999,left,0.0
kc_set_a,720575940628557527,left,142.4
kc_set_a,720575940628561111,left,0.0
kc_set_a,720575940628569815,left,0.0
kc_set_a,720575940628574715,right,0.0
kc_set_a,720575940628581123,left,0.0
kc_set_a,720575940628582915,left,0.0
kc_set_a,720575940628590595,right,0.0
kc_set_a,720575940628593884,left,0.0
kc_set_a,720575940628599555,left,139.4
kc_set_a,720575940628608272,right,0.0
kc_set_a,720575940628610012,left,0.0
kc_set_a,720575940628610811,right,0.0
kc_set_a,720575940628612112,right,0.0
kc_set_a,720575940628640079,right,0.0
kc_set_a,720575940628641847,left,0.0
kc_set_a,720575940628644855,left,0.0
kc_set_a,720575940628651575,left,0.0
kc_set_a,720575940628651792,right,0.0
kc_set_a,720575940628675644,left,0.0
kc_set_a,720575940628684588,left,0.0
kc_set_a,720575940628685059,right,0.0
kc_set_a,720575940628685884,left,0.0
kc_set_a,720575940628687259,right,0.0
kc_set_a,720575940628689963,right,0.0
kc_set_a,720575940628694007,right,0.0
kc_set_a,720575940628694991,right,0.0
kc_set_a,720575940628695414,right,0.0
kc_set_a,720575940628697872,left,0.0
kc_set_a,720575940628697982,right,0.0
kc_set_a,720575940628708460,left,0.0
kc_set_a,720575940628711631,right,0.0
kc_set_a,720575940628714358,right,0.0
kc_set_a,720575940628716588,left,0.0
kc_set_a,720575940628724284,right,0.0
kc_set_a,720575940628725455,right,0.0
kc_set_a,720575940628732471,left,0.0
kc_set_a,720575940628735275,right,0.0
kc_set_a,720575940628741881,right,0.0
kc_set_a,720575940628755023,left,0.0
kc_set_a,720575940628761039,right,0.0
kc_set_a,720575940628766467,left,0.0
kc_set_a,720575940628766679,left,0.0
kc_set_a,720575940628773113,right,0.0
kc_set_a,720575940628773675,left,0.0
kc_set_a,720575940628777466,left,0.0
kc_set_a,720575940628777948,left,0.0
kc_set_a,720575940628787962,right,0.0
kc_set_a,720575940628788496,right,0.0
kc_set_a,720575940628798799,left,0.0
kc_set_a,720575940628800762,right,0.0
kc_set_a,720575940628802042,left,0.0
kc_set_a,720575940628806876,left,0.0
kc_set_a,720575940628807503,right,0.0
kc_set_a,720575940628808186,left,0.0
kc_set_a,720575940628817914,left,0.0
kc_set_a,720575940628818682,left,0.0
kc_set_a,720575940628826873,right,0.0
kc_set_a,720575940628829148,left,0.0
kc_set_a,720575940628830551,right,0.0
kc_set_a,720575940628836345,right,0.0
kc_set_a,720575940628842839,right,0.0
kc_set_a,720575940628843931,left,0.0
kc_set_a,720575940628844187,left,0.0
kc_set_a,720575940628863036,left,0.0
kc_set_a,720575940628868943,right,0.0
kc_set_a,720575940628876860,left,0.0
kc_set_a,720575940628885591,right,0.0
kc_set_a,720575940628887887,right,0.0
kc_set_a,720575940628888796,left,0.0
kc_set_a,720575940628895831,right,0.0
kc_set_a,720575940628901246,left,0.0
kc_set_a,720575940628902764,left,0.0
kc_set_a,720575940628906622,left,0.0
kc_set_a,720575940628915574,left,0.0
kc_set_a,720575940628917980,right,0.0
kc_set_a,720575940628920987,left,0.0
kc_set_a,720575940628924887,left,0.0
kc_set_a,720575940628937590,left,0.0
kc_set_a,720575940628975482,right,0.0
kc_set_a,720575940628983963,right,0.0
kc_set_a,720575940628999579,right,0.0
kc_set_a,720575940629010331,right,0.0
kc_set_a,720575940629020794,right,0.0
kc_set_a,720575940629022875,right,0.0
kc_set_a,720575940629029370,left,0.0
kc_set_a,720575940629031323,left,0.0
kc_set_a,720575940629036997,right,0.0
kc_set_a,720575940629059943,left,0.0
kc_set_a,720575940629067351,left,0.0
kc_set_a,720575940629072999,left,0.0
kc_set_a,720575940629074540,left,0.0
kc_set_a,720575940629079707,right,0.0
kc_set_a,720575940629088450,right,0.0
kc_set_a,720575940629108094,right,0.0
kc_set_a,720575940629119737,left,0.0
kc_set_a,720575940629127109,right,0.0
kc_set_a,720575940629127936,left,0.0
kc_set_a,720575940629129472,left,0.0
kc_set_a,720575940629132288,left,0.0
kc_set_a,720575940629133056,right,0.0
kc_set_a,720575940629140071,right,0.0
kc_set_a,720575940629141095,left,0.0
kc_set_a,720575940629141607,left,0.0
kc_set_a,720575940629148672,left,0.0
kc_set_a,720575940629162348,left,0.0
kc_set_a,720575940629162693,right,0.0
kc_set_a,720575940629164283,right,0.0
kc_set_a,720575940629166587,right,0.0
kc_set_a,720575940629166592,right,0.0
kc_set_a,720575940629172736,left,0.0
kc_set_a,720575940629200631,left,0.0
kc_set_a,720575940629201423,right,0.0
kc_set_a,720575940629201871,left,0.0
kc_set_a,720575940629202167,right,0.0
kc_set_a,720575940629211666,right,0.0
kc_set_a,720575940629222759,right,0.0
kc_set_a,720575940629233145,right,0.0
kc_set_a,720575940629236242,right,0.0
kc_set_a,720575940629240079,right,0.0
kc_set_a,720575940629254759,left,0.0
kc_set_a,720575940629259638,right,0.0
kc_set_a,720575940629260406,right,0.0
kc_set_a,720575940629261143,left,0.0
kc_set_a,720575940629261159,left,0.0
kc_set_a,720575940629263975,left,0.0
kc_set_a,720575940629270060,right,0.0
kc_set_a,720575940629271596,right,0.0
kc_set_a,720575940629277687,right,0.0
kc_set_a,720575940629282391,left,0.0
kc_set_a,720575940629291564,left,0.0
kc_set_a,720575940629292844,left,0.0
kc_set_a,720575940629294636,right,0.0
kc_set_a,720575940629295916,left,0.0
kc_set_a,720575940629296684,left,0.0
kc_set_a,720575940629298885,left,0.0
kc_set_a,720575940629299500,left,0.0
kc_set_a,720575940629300043,right,0.0
kc_set_a,720575940629304364,left,146.6
kc_set_a,720575940629318394,right,0.0
kc_set_a,720575940629319106,right,0.0
kc_set_a,720575940629322746,left,0.0
kc_set_a,720575940629328591,right,0.0
kc_set_a,720575940629332606,right,0.0
kc_set_a,720575940629335115,right,0.0
kc_set_a,720575940629338821,left,0.0
kc_set_a,720575940629342458,left,0.0
kc_set_a,720575940629347791,right,0.0
kc_set_a,720575940629356599,left,0.0
kc_set_a,720575940629365804,right,0.0
kc_set_a,720575940629388026,left,0.0
kc_set_a,720575940629388239,right,0.0
kc_set_a,720575940629397079,right,0.0
kc_set_a,720575940629406012,right,0.0
kc_set_a,720575940629417728,right,0.0
kc_set_a,720575940629438202,left,0.0
kc_set_a,720575940629438825,left,0.0
kc_set_a,720575940629445626,left,0.0
kc_set_a,720575940629445758,left,0.0
kc_set_a,720575940629456146,left,0.0
kc_set_a,720575940629471610,left,0.0
kc_set_a,720575940629474090,right,0.0
kc_set_a,720575940629477180,left,0.0
kc_set_a,720575940629477674,right,0.0
kc_set_a,720575940629477882,left,0.0
kc_set_a,720575940629481935,left,0.0
kc_set_a,720575940629482362,left,0.0
kc_set_a,720575940629483095,left,0.0
kc_set_a,720575940629485354,right,0.0
kc_set_a,720575940629489103,left,0.0
kc_set_a,720575940629492862,left,0.0
kc_set_a,720575940629494543,left,0.0
kc_set_a,720575940629498306,right,0.0
kc_set_a,720575940629499330,left,0.0
kc_set_a,720575940629500542,right,0.0
kc_set_a,720575940629502506,right,0.0
kc_set_a,720575940629504554,right,0.0
kc_set_a,720575940629507450,right,0.0
kc_set_a,720575940629507706,right,0.0
kc_set_a,720575940629509829,left,0.0
kc_set_a,720575940629515306,right,0.0
kc_set_a,720575940629522474,right,0.0
kc_set_a,720575940629529088,left,0.0
kc_set_a,720575940629532098,right,0.0
kc_set_a,720575940629532542,left,0.0
kc_set_a,720575940629532759,left,0.0
kc_set_a,720575940629535738,left,0.0
kc_set_a,720575940629536894,right,0.0
kc_set_a,720575940629541187,right,0.0
kc_set_a,720575940629545027,right,0.0
kc_set_a,720575940629557957,left,154.6
kc_set_a,720575940629563006,right,0.0
kc_set_a,720575940629578366,left,0.0
kc_set_a,720575940629601810,left,0.0
kc_set_a,720575940629611794,left,0.0
kc_set_a,720575940629620239,left,0.0
kc_set_a,720575940629621975,left,0.0
kc_set_a,720575940629624702,right,0.0
kc_set_a,720575940629625210,left,0.0
kc_set_a,720575940629625466,right,0.0
kc_set_a,720575940629631870,left,0.0
kc_set_a,720575940629632894,right,0.0
kc_set_a,720575940629633150,right,0.0
kc_set_a,720575940629633406,left,0.0
kc_set_a,720575940629638211,right,0.0
kc_set_a,720575940629644666,right,0.0
kc_set_a,720575940629663819,left,0.0
kc_set_a,720575940629669879,left,0.0
kc_set_a,720575940629671235,right,0.0
kc_set_a,720575940629671491,right,0.0
kc_set_a,720575940629675595,left,0.0
kc_set_a,720575940629676363,left,147.4
kc_set_a,720575940629693239,right,0.0
kc_set_a,720575940629694027,left,0.0
kc_set_a,720575940629696215,left,0.0
kc_set_a,720575940629717034,left,0.0
kc_set_a,720575940629723434,left,0.0
kc_set_a,720575940629723690,left,0.0
kc_set_a,720575940629724354,left,0.0
kc_set_a,720575940629725711,right,0.0
kc_set_a,720575940629730263,right,0.0
kc_set_a,720575940629733314,right,0.0
kc_set_a,720575940629734442,left,0.0
kc_set_a,720575940629735163,left,0.0
kc_set_a,720575940629746626,left,0.0
kc_set_a,720575940629765451,left,0.0
kc_set_a,720575940629765647,right,0.0
kc_set_a,720575940629782091,right,0.0
kc_set_a,720575940629787244,left,0.0
kc_set_a,720575940629788012,right,0.0
kc_set_a,720575940629788983,right,0.0
kc_set_a,720575940629789292,right,0.0
kc_set_a,720575940629792620,right,0.0
kc_set_a,720575940629803264,left,0.0
kc_set_a,720575940629804544,right,0.0
kc_set_a,720575940629804857,right,0.0
kc_set_a,720575940629814060,right,0.0
kc_set_a,720575940629823563,right,0.0
kc_set_a,720575940629824828,right,0.0
kc_set_a,720575940629832978,left,0.0
kc_set_a,720575940629834796,right,0.0
kc_set_a,720575940629836087,right,0.0
kc_set_a,720575940629839863,right,0.0
kc_set_a,720575940629849196,right,0.0
kc_set_a,720575940629853292,left,0.0
kc_set_a,720575940629854764,right,0.0
kc_set_a,720575940629855340,right,0.0
kc_set_a,720575940629855596,right,0.0
kc_set_a,720575940629856044,left,0.0
kc_set_a,720575940629863737,right,0.0
kc_set_a,720575940629871146,left,0.0
kc_set_a,720575940629878519,left,0.0
kc_set_a,720575940629888000,left,0.0
kc_set_a,720575940629893162,left,0.0
kc_set_a,720575940629894391,left,0.0
kc_set_a,720575940629895484,right,0.0
kc_set_a,720575940629899511,left,145.2
kc_set_a,720575940629899820,left,0.0
kc_set_a,720575940629909804,right,0.0
kc_set_a,720575940629909815,left,0.0
kc_set_a,720575940629911084,left,0.0
kc_set_a,720575940629916728,left,0.0
kc_set_a,720575940629916972,left,0.0
kc_set_a,720575940629917228,right,0.0
kc_set_a,720575940629917482,right,0.0
kc_set_a,720575940629921398,right,0.0
kc_set_a,720575940629921654,right,0.0
kc_set_a,720575940629922166,right,0.0
kc_set_a,720575940629942844,right,0.0
kc_set_a,720575940629946428,left,0.0
kc_set_a,720575940629949751,right,0.0
kc_set_a,720575940629951292,right,0.0
kc_set_a,720575940629952374,left,0.0
kc_set_a,720575940629955446,left,0.0
kc_set_a,720575940629960955,left,0.0
kc_set_a,720575940629966710,left,0.0
kc_set_a,720575940629967756,right,0.0
kc_set_a,720575940629971191,right,0.0
kc_set_a,720575940629973753,right,0.0
kc_set_a,720575940629978666,right,0.0
kc_set_a,720575940629979897,left,0.0
kc_set_a,720575940629984579,left,0.0
kc_set_a,720575940629997561,right,0.0
kc_set_a,720575940630011708,left,0.0
kc_set_a,720575940630023680,left,0.0
kc_set_a,720575940630025788,right,0.0
kc_set_a,720575940630026600,right,0.0
kc_set_a,720575940630026856,right,0.0
kc_set_a,720575940630036332,left,0.0
kc_set_a,720575940630038156,right,0.0
kc_set_a,720575940630039547,right,0.0
kc_set_a,720575940630044985,left,0.0
kc_set_a,720575940630047080,right,0.0
kc_set_a,720575940630049337,left,0.0
kc_set_a,720575940630060539,left,0.0
kc_set_a,720575940630063415,right,0.0
kc_set_a,720575940630063671,right,0.0
kc_set_a,720575940630063676,right,0.0
kc_set_a,720575940630067255,right,0.0
kc_set_a,720575940630067816,right,0.0
kc_set_a,720575940630067968,left,0.0
kc_set_a,720575940630078348,right,0.0
kc_set_a,720575940630094444,left,0.0
kc_set_a,720575940630109756,right,0.0
kc_set_a,720575940630114108,right,0.0
kc_set_a,720575940630115388,right,0.0
kc_set_a,720575940630139599,right,0.0
kc_set_a,720575940630146135,right,0.0
kc_set_a,720575940630159939,right,0.0
kc_set_a,720575940630166646,left,0.0
kc_set_a,720575940630170967,left,0.0
kc_set_a,720575940630176047,right,0.0
kc_set_a,720575940630179159,right,0.0
kc_set_a,720575940630180935,right,0.0
kc_set_a,720575940630188887,left,0.0
kc_set_a,720575940630189624,left,0.0
kc_set_a,720575940630189911,left,0.0
kc_set_a,720575940630192682,left,0.0
kc_set_a,720575940630193628,left,0.0
kc_set_a,720575940630218552,right,0.0
kc_set_a,720575940630219055,right,0.0
kc_set_a,720575940630219567,right,0.0
kc_set_a,720575940630222895,right,0.0
kc_set_a,720575940630228271,right,0.0
kc_set_a,720575940630250543,right,0.0
kc_set_a,720575940630251576,right,0.0
kc_set_a,720575940630263619,left,0.0
kc_set_a,720575940630265952,right,0.0
kc_set_a,720575940630269404,right,0.0
kc_set_a,720575940630269660,right,0.0
kc_set_a,720575940630272108,left,0.0
kc_set_a,720575940630288440,left,0.0
kc_set_a,720575940630290629,left,0.0
kc_set_a,720575940630296913,right,0.0
kc_set_a,720575940630299254,left,0.0
kc_set_a,720575940630300613,right,0.0
kc_set_a,720575940630312785,right,0.0
kc_set_a,720575940630323961,left,0.0
kc_set_a,720575940630331244,right,0.0
kc_set_a,720575940630332753,right,0.0
kc_set_a,720575940630336057,left,0.0
kc_set_a,720575940630351903,right,0.0
kc_set_a,720575940630360377,right,0.0
kc_set_a,720575940630371641,left,0.0
kc_set_a,720575940630372935,left,0.0
kc_set_a,720575940630385403,right,0.0
kc_set_a,720575940630391033,left,0.0
kc_set_a,720575940630392684,left,0.0
kc_set_a,720575940630394424,left,0.0
kc_set_a,720575940630399340,left,0.0
kc_set_a,720575940630399995,right,0.0
kc_set_a,720575940630403855,left,0.0
kc_set_a,720575940630411259,right,0.0
kc_set_a,720575940630411535,right,0.0
kc_set_a,720575940630411894,left,0.0
kc_set_a,720575940630413087,right,0.0
kc_set_a,720575940630414700,right,0.0
kc_set_a,720575940630415268,right,0.0
kc_set_a,720575940630418937,left,0.0
kc_set_a,720575940630419364,right,0.0
kc_set_a,720575940630419983,left,0.0
kc_set_a,720575940630420985,right,0.0
kc_set_a,720575940630425119,right,0.0
kc_set_a,720575940630427131,left,0.0
kc_set_a,720575940630428667,left,0.0
kc_set_a,720575940630428921,left,0.0
kc_set_a,720575940630430495,right,0.0
kc_set_a,720575940630432932,right,0.0
kc_set_a,720575940630436603,right,0.0
kc_set_a,720575940630440808,left,0.0
kc_set_a,720575940630443791,right,0.0
kc_set_a,720575940630450852,right,0.0
kc_set_a,720575940630452388,right,0.0
kc_set_a,720575940630452495,left,0.0
kc_set_a,720575940630456996,right,0.0
kc_set_a,720575940630461265,left,0.0
kc_set_a,720575940630464271,left,0.0
kc_set_a,720575940630465420,left,0.0
kc_set_a,720575940630467087,left,0.0
kc_set_a,720575940630469647,left,0.0
kc_set_a,720575940630471695,right,0.0
kc_set_a,720575940630475513,right,0.0
kc_set_a,720575940630477305,right,0.0
kc_set_a,720575940630488827,left,0.0
kc_set_a,720575940630493292,left,0.0
kc_set_a,720575940630496118,right,0.0
kc_set_a,720575940630497142,left,0.0
kc_set_a,720575940630499343,left,0.0
kc_set_a,720575940630511222,left,0.0
kc_set_a,720575940630512471,left,0.0
kc_set_a,720575940630519035,left,0.0
kc_set_a,720575940630521145,left,0.0
kc_set_a,720575940630525967,right,0.0
kc_set_a,720575940630533650,left,0.0
kc_set_a,720575940630537676,right,0.0
kc_set_a,720575940630547916,right,0.0
kc_set_a,720575940630555340,right,0.0
kc_set_a,720575940630559225,left,0.0
kc_set_a,720575940630560505,right,0.0
kc_set_a,720575940630561484,right,0.0
kc_set_a,720575940630571980,right,0.0
kc_set_a,720575940630573260,right,0.0
kc_set_a,720575940630578247,left,0.0
kc_set_a,720575940630592460,right,0.0
kc_set_a,720575940630598395,right,0.0
kc_set_a,720575940630612620,right,0.0
kc_set_a,720575940630613575,left,0.0
kc_set_a,720575940630613835,right,0.0
kc_set_a,720575940630616111,left,0.0
kc_set_a,720575940630617681,left,138.6
kc_set_a,720575940630620747,right,0.0
kc_set_a,720575940630620812,left,0.0
kc_set_a,720575940630634799,left,145.0
kc_set_a,720575940630650711,right,0.0
kc_set_a,720575940630651223,right,0.0
kc_set_a,720575940630652663,left,0.0
kc_set_a,720575940630668751,left,0.0
kc_set_a,720575940630671890,right,0.0
kc_set_a,720575940630675730,right,0.0
kc_set_a,720575940630679895,right,0.0
kc_set_a,720575940630682449,left,0.0
kc_set_a,720575940630682927,left,0.0
kc_set_a,720575940630687827,right,0.0
kc_set_a,720575940630696443,left,0.0
kc_set_a,720575940630705745,left,0.0
kc_set_a,720575940630715410,left,0.0
kc_set_a,720575940630722757,right,0.0
kc_set_a,720575940630726085,left,0.0
kc_set_a,720575940630731148,left,0.0
kc_set_a,720575940630733137,right,0.0
kc_set_a,720575940630751535,right,0.0
kc_set_a,720575940630754252,left,0.0
kc_set_a,720575940630759507,right,0.0
kc_set_a,720575940630764741,right,0.0
kc_set_a,720575940630767703,left,0.0
kc_set_a,720575940630769962,left,0.0
kc_set_a,720575940630775891,right,0.0
kc_set_a,720575940630780755,right,0.0
kc_set_a,720575940630786346,left,0.0
kc_set_a,720575940630789071,left,0.0
kc_set_a,720575940630792399,left,0.0
kc_set_a,720575940630793413,left,0.0
kc_set_a,720575940630823239,left,0.0
kc_set_a,720575940630833706,left,0.0
kc_set_a,720575940630834503,left,0.0
kc_set_a,720575940630848740,left,0.0
kc_set_a,720575940630849311,left,0.0
kc_set_a,720575940630853948,right,0.0
kc_set_a,720575940630862287,left,0.0
kc_set_a,720575940630868013,right,0.0
kc_set_a,720575940630868525,right,0.0
kc_set_a,720575940630877903,left,0.0
kc_set_a,720575940630878253,right,0.0
kc_set_a,720575940630879533,right,0.0
kc_set_a,720575940630881989,right,0.0
kc_set_a,720575940630902083,right,0.0
kc_set_a,720575940630906029,right,0.0
kc_set_a,720575940630906179,left,0.0
kc_set_a,720575940630906655,right,0.0
kc_set_a,720575940630912512,right,0.0
kc_set_a,720575940630917293,right,0.0
kc_set_a,720575940630917573,left,0.0
kc_set_a,720575940630920479,left,0.0
kc_set_a,720575940630923693,right,0.0
kc_set_a,720575940630926866,left,0.0
kc_set_a,720575940630935570,right,0.0
kc_set_a,720575940630936915,left,0.0
kc_set_a,720575940630947395,right,0.0
kc_set_a,720575940630949187,right,0.0
kc_set_a,720575940630961464,left,0.0
kc_set_a,720575940630966840,right,0.0
kc_set_a,720575940630969555,right,0.0
kc_set_a,720575940630972747,left,0.0
kc_set_a,720575940630983186,left,0.0
kc_set_a,720575940630987091,left,0.0
kc_set_a,720575940630999327,left,0.0
kc_set_a,720575940631002386,right,0.0
kc_set_a,720575940631003151,left,0.0
kc_set_a,720575940631003410,left,0.0
kc_set_a,720575940631017124,left,0.0
kc_set_a,720575940631017932,right,0.0
kc_set_a,720575940631019468,right,0.0
kc_set_a,720575940631024682,right,0.0
kc_set_a,720575940631024911,right,0.0
kc_set_a,720575940631027148,left,0.0
kc_set_a,720575940631034955,left,148.6
kc_set_a,720575940631035154,right,0.0
kc_set_a,720575940631036687,left,0.0
kc_set_a,720575940631041823,left,0.0
kc_set_a,720575940631043896,left,0.0
kc_set_a,720575940631048267,right,0.0
kc_set_a,720575940631054540,right,0.0
kc_set_a,720575940631056971,left,0.0
kc_set_a,720575940631057209,left,0.0
kc_set_a,720575940631062603,right,0.0
kc_set_a,720575940631088402,right,0.0
kc_set_a,720575940631089935,right,0.0
kc_set_a,720575940631093007,left,0.0
kc_set_a,720575940631100175,left,0.0
kc_set_a,720575940631106319,left,0.0
kc_set_a,720575940631108179,left,0.0
kc_set_a,720575940631141699,left,0.0
kc_set_a,720575940631143383,right,0.0
kc_set_a,720575940631154380,left,0.0
kc_set_a,720575940631167811,left,0.0
kc_set_a,720575940631177035,right,0.0
kc_set_a,720575940631186861,left,0.0
kc_set_a,720575940631201079,left,0.0
kc_set_a,720575940631203384,left,0.0
kc_set_a,720575940631216682,right,0.0
kc_set_a,720575940631237433,right,0.0
kc_set_a,720575940631256168,right,0.0
kc_set_a,720575940631262125,left,0.0
kc_set_a,720575940631272515,left,0.0
kc_set_a,720575940631275821,left,0.0
kc_set_a,720575940631284012,right,0.0
kc_set_a,720575940631292202,left,0.0
kc_set_a,720575940631295018,left,0.0
kc_set_a,720575940631302186,left,0.0
kc_set_a,720575940631305164,left,0.0
kc_set_a,720575940631307053,left,0.0
kc_set_a,720575940631335417,left,0.0
kc_set_a,720575940631336930,right,0.0
kc_set_a,720575940631342476,right,0.0
kc_set_a,720575940631351619,right,0.0
kc_set_a,720575940631360429,left,0.0
kc_set_a,720575940631379783,left,0.0
kc_set_a,720575940631387463,right,0.0
kc_set_a,720575940631387719,left,0.0
kc_set_a,720575940631388231,right,0.0
kc_set_a,720575940631388743,left,0.0
kc_set_a,720575940631399978,right,0.0
kc_set_a,720575940631403335,left,0.0
kc_set_a,720575940631406547,right,0.0
kc_set_a,720575940631408199,right,0.0
kc_set_a,720575940631408610,right,0.0
kc_set_a,720575940631425235,right,0.0
kc_set_a,720575940631432403,right,0.0
kc_set_a,720575940631434722,right,0.0
kc_set_a,720575940631435345,left,0.0
kc_set_a,720575940631447363,right,0.0
kc_set_a,720575940631448531,right,0.0
kc_set_a,720575940631448913,left,0.0
kc_set_a,720575940631451897,left,0.0
kc_set_a,720575940631453763,right,0.0
kc_set_a,720575940631453922,right,0.0
kc_set_a,720575940631458371,right,0.0
kc_set_a,720575940631470417,left,0.0
kc_set_a,720575940631471185,left,0.0
kc_set_a,720575940631483949,left,0.0
kc_set_a,720575940631485251,right,0.0
kc_set_a,720575940631490371,left,0.0
kc_set_a,720575940631492419,left,0.0
kc_set_a,720575940631498819,right,0.0
kc_set_a,720575940631499587,left,0.0
kc_set_a,720575940631502509,right,0.0
kc_set_a,720575940631531055,right,0.0
kc_set_a,720575940631549743,right,0.0
kc_set_a,720575940631553164,right,0.0
kc_set_a,720575940631555128,left,0.0
kc_set_a,720575940631562031,left,0.0
kc_set_a,720575940631565359,left,0.0
kc_set_a,720575940631571247,left,0.0
kc_set_a,720575940631573039,right,0.0
kc_set_a,720575940631575599,right,0.0
kc_set_a,720575940631575855,left,145.0
kc_set_a,720575940631576109,left,0.0
kc_set_a,720575940631577569,right,0.0
kc_set_a,720575940631584057,left,0.0
kc_set_a,720575940631587129,left,0.0
kc_set_a,720575940631587897,left,0.0
kc_set_a,720575940631589689,right,0.0
kc_set_a,720575940631594809,right,0.0
kc_set_a,720575940631601219,left,0.0
kc_set_a,720575940631603267,right,0.0
kc_set_a,720575940631603768,right,0.0
kc_set_a,720575940631620921,right,0.0
kc_set_a,720575940631621689,right,0.0
kc_set_a,720575940631624673,right,0.0
kc_set_a,720575940631624761,right,0.0
kc_set_a,720575940631625272,right,0.0
kc_set_a,720575940631626809,left,0.0
kc_set_a,720575940631627843,right,0.0
kc_set_a,720575940631630561,right,0.0
kc_set_a,720575940631647043,right,0.0
kc_set_a,720575940631650274,left,0.0
kc_set_a,720575940631650361,left,0.0
kc_set_a,720575940631655737,left,0.0
kc_set_a,720575940631661281,right,0.0
kc_set_a,720575940631662049,right,0.0
kc_set_a,720575940631662147,left,0.0
kc_set_a,720575940631665721,left,152.2
kc_set_a,720575940631666243,left,0.0
kc_set_a,720575940631667937,right,0.0
kc_set_a,720575940631678689,right,0.0
kc_set_a,720575940631686308,right,0.0
kc_set_a,720575940631687332,left,0.0
kc_set_a,720575940631687844,left,0.0
kc_set_a,720575940631694137,right,0.0
kc_set_a,720575940631701807,left,0.0
kc_set_a,720575940631713384,left,143.4
kc_set_a,720575940631716409,left,0.0
kc_set_a,720575940631718969,left,0.0
kc_set_a,720575940631731620,right,0.0
kc_set_a,720575940631732328,left,0.0
kc_set_a,720575940631741032,left,0.0
kc_set_a,720575940631741613,left,0.0
kc_set_a,720575940631754527,right,0.0
kc_set_a,720575940631756136,right,0.0
kc_set_a,720575940631759161,right,0.0
kc_set_a,720575940631761183,left,0.0
kc_set_a,720575940631761977,left,0.0
kc_set_a,720575940631763257,left,0.0
kc_set_a,720575940631764281,right,0.0
kc_set_a,720575940631767353,left,0.0
kc_set_a,720575940631769145,left,0.0
kc_set_a,720575940631774776,left,0.0
kc_set_a,720575940631775032,right,0.0
kc_set_a,720575940631777567,right,0.0
kc_set_a,720575940631782447,right,0.0
kc_set_a,720575940631782712,right,0.0
kc_set_a,720575940631791672,left,0.0
kc_set_a,720575940631792184,left,0.0
kc_set_a,720575940631792440,left,0.0
kc_set_a,720575940631798888,right,0.0
kc_set_a,720575940631801401,right,0.0
kc_set_a,720575940631801631,right,0.0
kc_set_a,720575940631827527,right,0.0
kc_set_a,720575940631835673,right,0.0
kc_set_a,720575940631840568,left,0.0
kc_set_a,720575940631842956,right,0.0
kc_set_a,720575940631843980,left,0.0
kc_set_a,720575940631868999,right,0.0
kc_set_a,720575940631875097,right,0.0
kc_set_a,720575940631879193,right,0.0
kc_set_a,720575940631880217,right,0.0
kc_set_a,720575940631919756,left,0.0
kc_set_a,720575940631926599,left,0.0
kc_set_a,720575940631934348,left,0.0
kc_set_a,720575940631943649,left,0.0
kc_set_a,720575940631957319,left,0.0
kc_set_a,720575940631964620,left,0.0
kc_set_a,720575940631967575,right,0.0
kc_set_a,720575940631975379,right,0.0
kc_set_a,720575940631991879,right,0.0
kc_set_a,720575940631994439,left,0.0
kc_set_a,720575940631998023,right,0.0
kc_set_a,720575940632001607,left,0.0
kc_set_a,720575940632003409,right,0.0
kc_set_a,720575940632006481,left,143.6
kc_set_a,720575940632009356,right,0.0
kc_set_a,720575940632010567,right,0.0
kc_set_a,720575940632019247,right,0.0
kc_set_a,720575940632030412,left,0.0
kc_set_a,720575940632031372,left,0.0
kc_set_a,720575940632034700,left,0.0
kc_set_a,720575940632060641,left,0.0
kc_set_a,720575940632068383,right,0.0
kc_set_a,720575940632077081,left,0.0
kc_set_a,720575940632077127,right,0.0
kc_set_a,720575940632078929,right,0.0
kc_set_a,720575940632081479,left,0.0
kc_set_a,720575940632086865,left,0.0
kc_set_a,720575940632098375,right,0.0
kc_set_a,720575940632105809,left,0.0
kc_set_a,720575940632111780,right,0.0
kc_set_a,720575940632114658,left,0.0
kc_set_a,720575940632115247,right,0.0
kc_set_a,720575940632123439,right,0.0
kc_set_a,720575940632123695,left,0.0
kc_set_a,720575940632135249,right,0.0
kc_set_a,720575940632144813,right,0.0
kc_set_a,720575940632149039,left,0.0
kc_set_a,720575940632164269,right,0.0
kc_set_a,720575940632169007,right,0.0
kc_set_a,720575940632172591,right,0.0
kc_set_a,720575940632172770,left,0.0
kc_set_a,720575940632173103,right,0.0
kc_set_a,720575940632177453,left,0.0
kc_set_a,720575940632179364,left,0.0
kc_set_a,720575940632182692,right,0.0
kc_set_a,720575940632195887,left,0.0
kc_set_a,720575940632197935,right,0.0
kc_set_a,720575940632203823,right,0.0
kc_set_a,720575940632210145,right,0.0
kc_set_a,720575940632221779,left,0.0
kc_set_a,720575940632229788,right,0.0
kc_set_a,720575940632233628,right,0.0
kc_set_a,720575940632241828,left,0.0
kc_set_a,720575940632271780,left,0.0
kc_set_a,720575940632273378,left,0.0
kc_set_a,720575940632306380,left,0.0
kc_set_a,720575940632335129,left,0.0
kc_set_a,720575940632336685,left,147.0
kc_set_a,720575940632338145,left,0.0
kc_set_a,720575940632342497,left,0.0
kc_set_a,720575940632347423,left,0.0
kc_set_a,720575940632351457,left,0.0
kc_set_a,720575940632353499,right,0.0
kc_set_a,720575940632357284,right,0.0
kc_set_a,720575940632357984,right,0.0
kc_set_a,720575940632358564,right,0.0
kc_set_a,720575940632362015,left,0.0
kc_set_a,720575940632364717,right,0.0
kc_set_a,720575940632366623,right,0.0
kc_set_a,720575940632370719,left,0.0
kc_set_a,720575940632371040,right,0.0
kc_set_a,720575940632371737,right,0.0
kc_set_a,720575940632377375,right,0.0
kc_set_a,720575940632388138,right,0.0
kc_set_a,720575940632407635,left,0.0
kc_set_a,720575940632433828,right,0.0
kc_set_a,720575940632434340,right,0.0
kc_set_a,720575940632437331,right,0.0
kc_set_a,720575940632447827,left,0.0
kc_set_a,720575940632453151,left,0.0
kc_set_a,720575940632465945,right,0.0
kc_set_a,720575940632473440,right,0.0
kc_set_a,720575940632481363,right,0.0
kc_set_a,720575940632495052,right,0.0
kc_set_a,720575940632510048,right,0.0
kc_set_a,720575940632525071,left,0.0
kc_set_a,720575940632528671,right,0.0
kc_set_a,720575940632529439,left,0.0
kc_set_a,720575940632530207,left,0.0
kc_set_a,720575940632531231,left,0.0
kc_set_a,720575940632532255,right,0.0
kc_set_a,720575940632532511,left,0.0
kc_set_a,720575940632536780,right,0.0
kc_set_a,720575940632552343,right,0.0
kc_set_a,720575940632558675,right,0.0
kc_set_a,720575940632582807,right,0.0
kc_set_a,720575940632583831,right,0.0
kc_set_a,720575940632584787,right,0.0
kc_set_a,720575940632585043,right,0.0
kc_set_a,720575940632592429,left,0.0
kc_set_a,720575940632617164,right,0.0
kc_set_a,720575940632635475,left,0.0
kc_set_a,720575940632651932,left,0.0
kc_set_a,720575940632652077,right,0.0
kc_set_a,720575940632668973,right,0.0
kc_set_a,720575940632676409,right,0.0
kc_set_a,720575940632696877,left,0.0
kc_set_a,720575940632704941,left,0.0
kc_set_a,720575940632715053,left,0.0
kc_set_a,720575940632718291,right,0.0
kc_set_a,720575940632725459,right,0.0
kc_set_a,720575940632728476,right,0.0
kc_set_a,720575940632734253,left,145.8
kc_set_a,720575940632735021,right,0.0
kc_set_a,720575940632736045,right,0.0
kc_set_a,720575940632737837,left,0.0
kc_set_a,720575940632738093,left,0.0
kc_set_a,720575940632745261,left,0.0
kc_set_a,720575940632758041,left,0.0
kc_set_a,720575940632804543,right,0.0
kc_set_a,720575940632805037,right,0.0
kc_set_a,720575940632813741,left,0.0
kc_set_a,720575940632835298,left,0.0
kc_set_a,720575940632835810,right,0.0
kc_set_a,720575940632839085,right,0.0
kc_set_a,720575940632841539,left,0.0
kc_set_a,720575940632848045,right,0.0
kc_set_a,720575940632849069,right,0.0
kc_set_a,720575940632873645,left,0.0
kc_set_a,720575940632904043,left,0.0
kc_set_a,720575940632915937,left,0.0
kc_set_a,720575940632917217,left,0.0
kc_set_a,720575940632919265,right,0.0
kc_set_a,720575940632925409,left,0.0
kc_set_a,720575940632927405,right,0.0
kc_set_a,720575940632928173,left,0.0
kc_set_a,720575940632929178,right,0.0
kc_set_a,720575940632929690,right,0.0
kc_set_a,720575940632930458,right,0.0
kc_set_a,720575940632932506,right,0.0
kc_set_a,720575940632932762,right,0.0
kc_set_a,720575940632940442,right,0.0
kc_set_a,720575940632946272,left,0.0
kc_set_a,720575940632950241,left,0.0
kc_set_a,720575940632951266,right,0.0
kc_set_a,720575940632963245,right,0.0
kc_set_a,720575940632964269,right,0.0
kc_set_a,720575940632964704,left,0.0
kc_set_a,720575940632969567,right,0.0
kc_set_a,720575940632980378,right,0.0
kc_set_a,720575940632985495,left,0.0
kc_set_a,720575940632988385,left,0.0
kc_set_a,720575940633002040,left,0.0
kc_set_a,720575940633004383,right,0.0
kc_set_a,720575940633021631,left,0.0
kc_set_a,720575940633023935,left,0.0
kc_set_a,720575940633032599,left,0.0
kc_set_a,720575940633034336,right,0.0
kc_set_a,720575940633040223,right,0.0
kc_set_a,720575940633043295,right,0.0
kc_set_a,720575940633056467,right,0.0
kc_set_a,720575940633058897,left,0.0
kc_set_a,720575940633073760,right,0.0
kc_set_a,720575940633074015,right,0.0
kc_set_a,720575940633075163,right,0.0
kc_set_a,720575940633093483,right,0.0
kc_set_a,720575940633102361,left,0.0
kc_set_a,720575940633103059,right,0.0
kc_set_a,720575940633123609,right,0.0
kc_set_a,720575940633140887,right,0.0
kc_set_a,720575940633142170,left,0.0
kc_set_a,720575940633146007,right,0.0
kc_set_a,720575940633146475,right,0.0
kc_set_a,720575940633155226,left,0.0
kc_set_a,720575940633186771,right,0.0
kc_set_a,720575940633188459,right,0.0
kc_set_a,720575940633207962,right,0.0
kc_set_a,720575940633210475,right,0.0
kc_set_a,720575940633212779,right,0.0
kc_set_a,720575940633215339,right,0.0
kc_set_a,720575940633219775,left,0.0
kc_set_a,720575940633224555,right,0.0
kc_set_a,720575940633226603,right,0.0
kc_set_a,720575940633231827,left,0.0
kc_set_a,720575940633243755,right,0.0
kc_set_a,720575940633247935,left,0.0
kc_set_a,720575940633271191,left,148.6
kc_set_a,720575940633289111,left,0.0
kc_set_a,720575940633300927,right,0.0
kc_set_a,720575940633301183,right,0.0
kc_set_a,720575940633312482,right,0.0
kc_set_a,720575940633323415,left,0.0
kc_set_a,720575940633323674,left,0.0
kc_set_a,720575940633333986,left,0.0
kc_set_a,720575940633336727,left,0.0
kc_set_a,720575940633340753,left,0.0
kc_set_a,720575940633369425,left,0.0
kc_set_a,720575940633386603,left,0.0
kc_set_a,720575940633402082,right,0.0
kc_set_a,720575940633416162,left,0.0
kc_set_a,720575940633422687,left,0.0
kc_set_a,720575940633466524,right,0.0
kc_set_a,720575940633493660,right,0.0
kc_set_a,720575940633496290,left,0.0
kc_set_a,720575940633509471,right,0.0
kc_set_a,720575940633516980,right,0.0
kc_set_a,720575940633521588,right,0.0
kc_set_a,720575940633550305,left,0.0
kc_set_a,720575940633551028,right,0.0
kc_set_a,720575940633551540,right,0.0
kc_set_a,720575940633552820,right,0.0
kc_set_a,720575940633560545,right,0.0
kc_set_a,720575940633565154,right,0.0
kc_set_a,720575940633566690,left,0.0
kc_set_a,720575940633569215,left,0.0
kc_set_a,720575940633569784,right,0.0
kc_set_a,720575940633570808,right,0.0
kc_set_a,720575940633572250,left,0.0
kc_set_a,720575940633572506,left,0.0
kc_set_a,720575940633575275,left,0.0
kc_set_a,720575940633580024,right,0.0
kc_set_a,720575940633596826,left,0.0
kc_set_a,720575940633620940,left,0.0
kc_set_a,720575940633622379,left,0.0
kc_set_a,720575940633659802,left,0.0
kc_set_a,720575940633673497,left,146.0
kc_set_a,720575940633674521,left,0.0
kc_set_a,720575940633676569,left,0.0
kc_set_a,720575940633691161,left,0.0
kc_set_a,720575940633710105,right,0.0
kc_set_a,720575940633732448,left,0.0
kc_set_a,720575940633742432,left,0.0
kc_set_a,720575940633748505,left,0.0
kc_set_a,720575940633750297,left,0.0
kc_set_a,720575940633754804,left,0.0
kc_set_a,720575940633755828,left,0.0
kc_set_a,720575940633763832,left,0.0
kc_set_a,720575940633771256,left,0.0
kc_set_a,720575940633773849,right,0.0
kc_set_a,720575940633785369,right,0.0
kc_set_a,720575940633799961,left,0.0
kc_set_a,720575940633802009,right,0.0
kc_set_a,720575940633808665,left,0.0
kc_set_a,720575940633813785,right,0.0
kc_set_a,720575940633830392,left,0.0
kc_set_a,720575940633851243,left,0.0
kc_set_a,720575940633886765,right,0.0
kc_set_a,720575940633904736,left,0.0
kc_set_a,720575940633907607,left,0.0
kc_set_a,720575940633908124,right,0.0
kc_set_a,720575940633908887,right,0.0
kc_set_a,720575940633911959,right,0.0
kc_set_a,720575940633932951,right,0.0
kc_set_a,720575940633934772,left,0.0
kc_set_a,720575940633989999,right,0.0
kc_set_a,720575940633996911,right,0.0
kc_set_a,720575940634000495,right,0.0
kc_set_a,720575940634001007,right,0.0
kc_set_a,720575940634004892,left,0.0
kc_set_a,720575940634006355,right,0.0
kc_set_a,720575940634012015,right,0.0
kc_set_a,720575940634018415,right,0.0
kc_set_a,720575940634032376,left,0.0
kc_set_a,720575940634045084,left,0.0
kc_set_a,720575940634071476,left,0.0
kc_set_a,720575940634072756,right,0.0
kc_set_a,720575940634078200,right,0.0
kc_set_a,720575940634107292,left,0.0
kc_set_a,720575940634117216,right,0.0
kc_set_a,720575940634131356,left,0.0
kc_set_a,720575940634141024,left,0.0
kc_set_a,720575940634146808,right,0.0
kc_set_a,720575940634154140,right,0.0
kc_set_a,720575940634163552,left,0.0
kc_set_a,720575940634195448,left,0.0
kc_set_a,720575940634199732,left,0.0
kc_set_a,720575940634209376,left,0.0
kc_set_a,720575940634231999,right,0.0
kc_set_a,720575940634235744,right,0.0
kc_set_a,720575940634236015,left,0.0
kc_set_a,720575940634244788,left,0.0
kc_set_a,720575940634294367,right,0.0
kc_set_a,720575940634296951,right,0.0
kc_set_a,720575940634342007,right,0.0
kc_set_a,720575940634347360,right,0.0
kc_set_a,720575940634351200,right,0.0
kc_set_a,720575940634362999,right,0.0
kc_set_a,720575940634377327,left,0.0
kc_set_a,720575940634384224,left,0.0
kc_set_a,720575940634429039,left,0.0
kc_set_a,720575940634430103,right,0.0
kc_set_a,720575940634442091,right,0.0
kc_set_a,720575940634455403,left,0.0
kc_set_a,720575940634463083,left,0.0
kc_set_a,720575940634464869,right,0.0
kc_set_a,720575940634468197,right,0.0
kc_set_a,720575940634468463,right,0.0
kc_set_a,720575940634490735,right,0.0
kc_set_a,720575940634507639,left,0.0
kc_set_a,720575940634510703,left,0.0
kc_set_a,720575940634514533,right,0.0
kc_set_a,720575940634546807,left,0.0
kc_set_a,720575940634607511,left,0.0
kc_set_a,720575940634608791,left,0.0
kc_set_a,720575940634609815,left,0.0
kc_set_a,720575940634638734,right,0.0
kc_set_a,720575940634638990,right,0.0
kc_set_a,720575940634640014,right,0.0
kc_set_a,720575940634661806,right,0.0
kc_set_a,720575940634664674,right,0.0
kc_set_a,720575940634678895,left,0.0
kc_set_a,720575940634701431,left,0.0
kc_set_a,720575940634706789,left,0.0
kc_set_a,720575940634709143,left,0.0
kc_set_a,720575940634743903,left,0.0
kc_set_a,720575940634759359,left,0.0
kc_set_a,720575940634799295,left,0.0
kc_set_a,720575940634800282,right,0.0
kc_set_a,720575940634800759,right,0.0
kc_set_a,720575940634808927,left,0.0
kc_set_a,720575940634811743,left,0.0
kc_set_a,720575940634836671,right,0.0
kc_set_a,720575940634839487,right,0.0
kc_set_a,720575940634839743,left,0.0
kc_set_a,720575940634839988,right,0.0
kc_set_a,720575940634842292,left,0.0
kc_set_a,720575940634845029,left,0.0
kc_set_a,720575940634849375,right,0.0
kc_set_a,720575940634849460,right,0.0
kc_set_a,720575940634858676,right,0.0
kc_set_a,720575940634867039,left,0.0
kc_set_a,720575940634868472,left,0.0
kc_set_a,720575940634878047,right,0.0
kc_set_a,720575940634890175,right,0.0
kc_set_a,720575940634903397,left,0.0
kc_set_a,720575940634906286,left,0.0
kc_set_a,720575940634914552,right,0.0
kc_set_a,720575940634916088,left,0.0
kc_set_a,720575940634920543,right,0.0
kc_set_a,720575940634923967,left,0.0
kc_set_a,720575940634935194,left,0.0
kc_set_a,720575940634937951,right,0.0
kc_set_a,720575940634939034,right,0.0
kc_set_a,720575940634939546,left,0.0
kc_set_a,720575940634942362,right,0.0
kc_set_a,720575940634948703,left,0.0
kc_set_a,720575940634951007,right,0.0
kc_set_a,720575940634953055,left,0.0
kc_set_a,720575940634954164,right,0.0
kc_set_a,720575940634959461,left,0.0
kc_set_a,720575940634967962,right,0.0
kc_set_a,720575940634968939,left,142.4
kc_set_a,720575940634969701,right,0.0
kc_set_a,720575940634975851,right,0.0
kc_set_a,720575940634977893,right,0.0
kc_set_a,720575940634989560,right,0.0
kc_set_a,720575940634992735,left,0.0
kc_set_a,720575940635006559,left,0.0
kc_set_a,720575940635012238,left,0.0
kc_set_a,720575940635016048,right,0.0
kc_set_a,720575940635031403,left,0.0
kc_set_a,720575940635033701,right,0.0
kc_set_a,720575940635035278,left,0.0
kc_set_a,720575940635075179,left,0.0
kc_set_a,720575940635110286,right,0.0
kc_set_a,720575940635144078,left,0.0
kc_set_a,720575940635150990,right,0.0
kc_set_a,720575940635153294,right,0.0
kc_set_a,720575940635213998,right,0.0
kc_set_a,720575940635286958,left,0.0
kc_set_a,720575940635288943,right,0.0
kc_set_a,720575940635291247,left,0.0
kc_set_a,720575940635309304,right,0.0
kc_set_a,720575940635353592,left,0.0
kc_set_a,720575940635361454,left,0.0
kc_set_a,720575940635370096,left,0.0
kc_set_a,720575940635386616,right,0.0
kc_set_a,720575940635389808,left,0.0
kc_set_a,720575940635397880,left,0.0
kc_set_a,720575940635415664,left,141.6
kc_set_a,720575940635422320,left,0.0
kc_set_a,720575940635425460,left,0.0
kc_set_a,720575940635452408,right,0.0
kc_set_a,720575940635465908,right,0.0
kc_set_a,720575940635471608,left,0.0
kc_set_a,720575940635489272,left,0.0
kc_set_a,720575940635493044,left,0.0
kc_set_a,720575940635498871,right,0.0
kc_set_a,720575940635499888,right,0.0
kc_set_a,720575940635509360,left,145.2
kc_set_a,720575940635537271,left,0.0
kc_set_a,720575940635538039,left,0.0
kc_set_a,720575940635538807,left,0.0
kc_set_a,720575940635541623,right,0.0
kc_set_a,720575940635614942,right,0.0
kc_set_a,720575940635628766,right,0.0
kc_set_a,720575940635651735,left,0.0
kc_set_a,720575940635656670,right,0.0
kc_set_a,720575940635659486,right,0.0
kc_set_a,720575940635668592,left,0.0
kc_set_a,720575940635670128,left,0.0
kc_set_a,720575940635696535,right,0.0
kc_set_a,720575940635717743,left,0.0
kc_set_a,720575940635719023,left,0.0
kc_set_a,720575940635753071,left,0.0
kc_set_a,720575940635800431,right,0.0
kc_set_a,720575940635803876,right,0.0
kc_set_a,720575940635807087,right,0.0
kc_set_a,720575940635841399,left,147.6
kc_set_a,720575940635850206,left,0.0
kc_set_a,720575940635883748,right,0.0
kc_set_a,720575940635884143,right,0.0
kc_set_a,720575940635884911,right,0.0
kc_set_a,720575940635899566,left,0.0
kc_set_a,720575940635900773,left,0.0
kc_set_a,720575940635908580,right,0.0
kc_set_a,720575940635920814,left,144.6
kc_set_a,720575940635953343,right,0.0
kc_set_a,720575940636023438,left,0.0
kc_set_a,720575940636026089,right,0.0
kc_set_a,720575940636045175,right,0.0
kc_set_a,720575940636048862,left,0.0
kc_set_a,720575940636059226,right,0.0
kc_set_a,720575940636069751,right,0.0
kc_set_a,720575940636092393,right,0.0
kc_set_a,720575940636114239,right,0.0
kc_set_a,720575940636126783,right,0.0
kc_set_a,720575940636134775,left,0.0
kc_set_a,720575940636135543,right,0.0
kc_set_a,720575940636135799,right,0.0
kc_set_a,720575940636136567,right,0.0
kc_set_a,720575940636143679,right,0.0
kc_set_a,720575940636146409,right,0.0
kc_set_a,720575940636159039,right,0.0
kc_set_a,720575940636159198,right,0.0
kc_set_a,720575940636168414,right,0.0
kc_set_a,720575940636171383,left,0.0
kc_set_a,720575940636171639,left,0.0
kc_set_a,720575940636224142,right,0.0
kc_set_a,720575940636230746,left,0.0
kc_set_a,720575940636242039,right,0.0
kc_set_a,720575940636246446,right,0.0
kc_set_a,720575940636272862,left,0.0
kc_set_a,720575940636291429,right,0.0
kc_set_a,720575940636291941,left,0.0
kc_set_a,720575940636294110,left,0.0
kc_set_a,720575940636297700,left,0.0
kc_set_a,720575940636302711,left,148.4
kc_set_a,720575940636306789,left,0.0
kc_set_a,720575940636316137,left,0.0
kc_set_a,720575940636323982,left,0.0
kc_set_a,720575940636325865,left,0.0
kc_set_a,720575940636335984,left,0.0
kc_set_a,720575940636352357,right,0.0
kc_set_a,720575940636353934,left,0.0
kc_set_a,720575940636356836,right,0.0
kc_set_a,720575940636363621,left,0.0
kc_set_a,720575940636364133,right,0.0
kc_set_a,720575940636375653,right,0.0
kc_set_a,720575940636381541,left,0.0
kc_set_a,720575940636422372,right,0.0
kc_set_a,720575940636426126,left,0.0
kc_set_a,720575940636430437,right,0.0
kc_set_a,720575940636431022,left,0.0
kc_set_a,720575940636447630,right,0.0
kc_set_a,720575940636488878,right,0.0
kc_set_a,720575940636490894,left,0.0
kc_set_a,720575940636508644,left,0.0
kc_set_a,720575940636510015,left,0.0
kc_set_a,720575940636513882,right,0.0
kc_set_a,720575940636519598,right,0.0
kc_set_a,720575940636528959,left,0.0
kc_set_a,720575940636539790,left,0.0
kc_set_a,720575940636547561,left,0.0
kc_set_a,720575940636551086,right,0.0
kc_set_a,720575940636553306,right,0.0
kc_set_a,720575940636553390,right,0.0
kc_set_a,720575940636553646,right,0.0
kc_set_a,720575940636555182,left,0.0
kc_set_a,720575940636560730,right,0.0
kc_set_a,720575940636561636,left,0.0
kc_set_a,720575940636561641,left,0.0
kc_set_a,720575940636562916,left,0.0
kc_set_a,720575940636562921,left,0.0
kc_set_a,720575940636571310,left,0.0
kc_set_a,720575940636576436,left,0.0
kc_set_a,720575940636579817,left,0.0
kc_set_a,720575940636605530,right,0.0
kc_set_a,720575940636636486,right,0.0
kc_set_a,720575940636640602,right,0.0
kc_set_a,720575940636665262,right,0.0
kc_set_a,720575940636675817,right,0.0
kc_set_a,720575940636676976,left,0.0
kc_set_a,720575940636677190,right,0.0
kc_set_a,720575940636685894,right,0.0
kc_set_a,720575940636695982,left,0.0
kc_set_a,720575940636698286,left,0.0
kc_set_a,720575940636698798,left,0.0
kc_set_a,720575940636769343,right,0.0
kc_set_a,720575940636839280,right,0.0
kc_set_a,720575940636841286,left,0.0
kc_set_a,720575940636848710,left,0.0
kc_set_a,720575940636851824,left,0.0
kc_set_a,720575940636877936,right,0.0
kc_set_a,720575940636898281,right,0.0
kc_set_a,720575940636909790,left,0.0
kc_set_a,720575940636920542,right,0.0
kc_set_a,720575940636946398,left,141.0
kc_set_a,720575940636991856,right,0.0
kc_set_a,720575940637037126,left,0.0
kc_set_a,720575940637050933,right,0.0
kc_set_a,720575940637055797,right,0.0
kc_set_a,720575940637112390,left,0.0
kc_set_a,720575940637118174,right,0.0
kc_set_a,720575940637124422,left,0.0
kc_set_a,720575940637143262,left,0.0
kc_set_a,720575940637148486,right,0.0
kc_set_a,720575940637164260,right,0.0
kc_set_a,720575940637165157,left,0.0
kc_set_a,720575940637169636,left,0.0
kc_set_a,720575940637169998,right,0.0
kc_set_a,720575940637171684,left,0.0
kc_set_a,720575940637184078,right,0.0
kc_set_a,720575940637186638,right,0.0
kc_set_a,720575940637190990,right,0.0
kc_set_a,720575940637211462,right,0.0
kc_set_a,720575940637219918,right,0.0
kc_set_a,720575940637222470,right,0.0
kc_set_a,720575940637225798,right,0.0
kc_set_a,720575940637255221,left,0.0
kc_set_a,720575940637256245,left,0.0
kc_set_a,720575940637277117,right,0.0
kc_set_a,720575940637315418,right,0.0
kc_set_a,720575940637316029,right,0.0
kc_set_a,720575940637320381,right,0.0
kc_set_a,720575940637333214,left,0.0
kc_set_a,720575940637335518,left,0.0
kc_set_a,720575940637339738,right,0.0
kc_set_a,720575940637352511,left,0.0
kc_set_a,720575940637372894,right,0.0
kc_set_a,720575940637389902,left,0.0
kc_set_a,720575940637395945,left,0.0
kc_set_a,720575940637402995,left,0.0
kc_set_a,720575940637404750,right,0.0
kc_set_a,720575940637407209,right,0.0
kc_set_a,720575940637412841,left,0.0
kc_set_a,720575940637434601,right,0.0
kc_set_a,720575940637435726,left,0.0
kc_set_a,720575940637446453,left,0.0
kc_set_a,720575940637446622,right,0.0
kc_set_a,720575940637465054,right,0.0
kc_set_a,720575940637487293,left,0.0
kc_set_a,720575940637508698,right,0.0
kc_set_a,720575940637508917,left,0.0
kc_set_a,720575940637509173,left,0.0
kc_set_a,720575940637509941,left,0.0
kc_set_a,720575940637518558,left,0.0
kc_set_a,720575940637526750,right,0.0
kc_set_a,720575940637535797,left,0.0
kc_set_a,720575940637539647,right,0.0
kc_set_a,720575940637540952,right,0.0
kc_set_a,720575940637580659,right,0.0
kc_set_a,720575940637584755,right,0.0
kc_set_a,720575940637594995,right,0.0
kc_set_a,720575940637595507,right,0.0
kc_set_a,720575940637618254,left,0.0
kc_set_a,720575940637619534,left,0.0
kc_set_a,720575940637657189,right,0.0
kc_set_a,720575940637683790,left,0.0
kc_set_a,720575940637685476,left,0.0
kc_set_a,720575940637689688,right,0.0
kc_set_a,720575940637695395,right,0.0
kc_set_a,720575940637704765,right,0.0
kc_set_a,720575940637707069,right,0.0
kc_set_a,720575940637714264,right,0.0
kc_set_a,720575940637725272,right,0.0
kc_set_a,720575940637726180,right,0.0
kc_set_a,720575940637733702,right,0.0
kc_set_a,720575940637737021,right,0.0
kc_set_a,720575940637740989,right,0.0
kc_set_a,720575940637746520,right,0.0
kc_set_a,720575940637754019,right,0.0
kc_set_a,720575940637756349,right,0.0
kc_set_a,720575940637769088,left,0.0
kc_set_a,720575940637773117,right,0.0
kc_set_a,720575940637774426,right,0.0
kc_set_a,720575940637784548,left,0.0
kc_set_a,720575940637787226,left,0.0
kc_set_a,720575940637788019,left,0.0
kc_set_a,720575940637788494,right,0.0
kc_set_a,720575940637804260,right,0.0
kc_set_a,720575940637810239,right,0.0
kc_set_a,720575940637822323,left,0.0
kc_set_a,720575940637826623,right,0.0
kc_set_a,720575940637832255,left,0.0
kc_set_a,720575940637835839,right,0.0
kc_set_a,720575940637846618,right,0.0
kc_set_a,720575940637849151,right,0.0
kc_set_a,720575940637869028,right,0.0
kc_set_a,720575940637869284,left,0.0
kc_set_a,720575940637870820,left,144.0
kc_set_a,720575940637890650,left,0.0
kc_set_a,720575940637898429,left,0.0
kc_set_a,720575940637907428,right,0.0
kc_set_a,720575940637913158,left,0.0
kc_set_a,720575940637920740,left,0.0
kc_set_a,720575940637932009,left,0.0
kc_set_a,720575940637945670,left,0.0
kc_set_a,720575940637946968,left,0.0
kc_set_a,720575940637949161,right,0.0
kc_set_a,720575940637953764,left,0.0
kc_set_a,720575940637954532,right,0.0
kc_set_a,720575940637964521,right,0.0
kc_set_a,720575940637964772,left,0.0
kc_set_a,720575940637965028,left,0.0
kc_set_a,720575940637970665,right,0.0
kc_set_a,720575940637970921,left,0.0
kc_set_a,720575940637973225,left,0.0
kc_set_a,720575940637999950,right,0.0
kc_set_a,720575940638013016,left,0.0
kc_set_a,720575940638034751,left,0.0
kc_set_a,720575940638053609,left,0.0
kc_set_a,720575940638053693,left,0.0
kc_set_a,720575940638053865,right,0.0
kc_set_a,720575940638143805,left,0.0
kc_set_a,720575940638161725,left,0.0
kc_set_a,720575940638168804,left,0.0
kc_set_a,720575940638179699,right,0.0
kc_set_a,720575940638185048,left,0.0
kc_set_a,720575940638195773,left,0.0
kc_set_a,720575940638208627,left,0.0
kc_set_a,720575940638228643,right,0.0
kc_set_a,720575940638270080,left,0.0
kc_set_a,720575940638391384,left,0.0
kc_set_a,720575940638436405,left,0.0
kc_set_a,720575940638444861,left,0.0
kc_set_a,720575940638445894,right,0.0
kc_set_a,720575940638446936,left,0.0
kc_set_a,720575940638447677,left,154.6
kc_set_a,720575940638467200,left,0.0
kc_set_a,720575940638468678,right,0.0
kc_set_a,720575940638469190,left,0.0
kc_set_a,720575940638469309,left,0.0
kc_set_a,720575940638472006,right,0.0
kc_set_a,720575940638474112,left,0.0
kc_set_a,720575940638480061,right,0.0
kc_set_a,720575940638492349,left,0.0
kc_set_a,720575940638496896,left,0.0
kc_set_a,720575940638531637,right,0.0
kc_set_a,720575940638535296,left,0.0
kc_set_a,720575940638561102,right,0.0
kc_set_a,720575940638567758,left,0.0
kc_set_a,720575940638578510,left,0.0
kc_set_a,720575940638592590,left,0.0
kc_set_a,720575940638593102,left,0.0
kc_set_a,720575940638619358,right,0.0
kc_set_a,720575940638626613,right,0.0
kc_set_a,720575940638662352,right,0.0
kc_set_a,720575940638691200,left,0.0
kc_set_a,720575940638724186,left,0.0
kc_set_a,720575940638878416,left,0.0
kc_set_a,720575940638888307,left,0.0
kc_set_a,720575940638903248,right,0.0
kc_set_a,720575940638925877,right,0.0
kc_set_a,720575940638936629,left,0.0
kc_set_a,720575940638936885,left,142.4
kc_set_a,720575940638960547,left,0.0
kc_set_a,720575940638962851,left,0.0
kc_set_a,720575940638963363,left,0.0
kc_set_a,720575940638963875,left,0.0
kc_set_a,720575940638964131,right,0.0
kc_set_a,720575940638975285,right,0.0
kc_set_a,720575940638990397,left,0.0
kc_set_a,720575940638992829,left,0.0
kc_set_a,720575940638993853,left,0.0
kc_set_a,720575940638995005,right,0.0
kc_set_a,720575940639013210,left,0.0
kc_set_a,720575940639018147,left,0.0
kc_set_a,720575940639020707,left,0.0
kc_set_a,720575940639022243,right,0.0
kc_set_a,720575940639022755,left,0.0
kc_set_a,720575940639023011,left,0.0
kc_set_a,720575940639032995,left,0.0
kc_set_a,720575940639043637,left,0.0
kc_set_a,720575940639053776,left,0.0
kc_set_a,720575940639056061,right,0.0
kc_set_a,720575940639057085,right,0.0
kc_set_a,720575940639057853,left,0.0
kc_set_a,720575940639058109,left,0.0
kc_set_a,720575940639069493,right,0.0
kc_set_a,720575940639071029,right,0.0
kc_set_a,720575940639071797,left,0.0
kc_set_a,720575940639078717,right,0.0
kc_set_a,720575940639090997,right,0.0
kc_set_a,720575940639096125,left,0.0
kc_set_a,720575940639099992,left,0.0
kc_set_a,720575940639100248,left,146.2
kc_set_a,720575940639100760,right,0.0
kc_set_a,720575940639116888,right,0.0
kc_set_a,720575940639117912,left,0.0
kc_set_a,720575940639118168,right,0.0
kc_set_a,720575940639124533,left,0.0
kc_set_a,720575940639126069,left,0.0
kc_set_a,720575940639126325,left,0.0
kc_set_a,720575940639127861,left,0.0
kc_set_a,720575940639128885,left,0.0
kc_set_a,720575940639157968,right,0.0
kc_set_a,720575940639158480,right,0.0
kc_set_a,720575940639172560,right,0.0
kc_set_a,720575940639188046,left,0.0
kc_set_a,720575940639197262,left,0.0
kc_set_a,720575940639202532,right,0.0
kc_set_a,720575940639212632,left,0.0
kc_set_a,720575940639218165,right,0.0
kc_set_a,720575940639258613,right,0.0
kc_set_a,720575940639267406,left,0.0
kc_set_a,720575940639274574,right,0.0
kc_set_a,720575940639278325,right,0.0
kc_set_a,720575940639286606,right,0.0
kc_set_a,720575940639309390,left,0.0
kc_set_a,720575940639309902,left,0.0
kc_set_a,720575940639328128,left,135.4
kc_set_a,720575940639328640,left,0.0
kc_set_a,720575940639381363,left,0.0
kc_set_a,720575940639409315,right,0.0
kc_set_a,720575940639417459,right,0.0
kc_set_a,720575940639421555,left,0.0
kc_set_a,720575940639441653,left,0.0
kc_set_a,720575940639483125,left,0.0
kc_set_a,720575940639497789,left,0.0
kc_set_a,720575940639506749,right,0.0
kc_set_a,720575940639515965,right,0.0
kc_set_a,720575940639534451,right,0.0
kc_set_a,720575940639534909,left,0.0
kc_set_a,720575940639537213,right,0.0
kc_set_a,720575940639543715,right,0.0
kc_set_a,720575940639554675,right,0.0
kc_set_a,720575940639588723,right,0.0
kc_set_a,720575940639593587,right,0.0
kc_set_a,720575940639624253,left,0.0
kc_set_a,720575940639684440,left,0.0
kc_set_a,720575940639684515,right,0.0
kc_set_a,720575940639686232,right,0.0
kc_set_a,720575940639686488,right,0.0
kc_set_a,720575940639688611,right,0.0
kc_set_a,720575940639726555,right,0.0
kc_set_a,720575940639727067,right,0.0
kc_set_a,720575940639727861,right,0.0
kc_set_a,720575940639728984,left,0.0
kc_set_a,720575940639730851,left,0.0
kc_set_a,720575940639733211,right,0.0
kc_set_a,720575940639749109,right,0.0
kc_set_a,720575940639836288,left,0.0
kc_set_a,720575940639846488,right,0.0
kc_set_a,720575940639859840,left,0.0
kc_set_a,720575940639860096,left,0.0
kc_set_a,720575940639868288,left,0.0
kc_set_a,720575940639881600,right,0.0
kc_set_a,720575940639889141,left,0.0
kc_set_a,720575940639903696,right,0.0
kc_set_a,720575940639905232,left,0.0
kc_set_a,720575940639911888,left,0.0
kc_set_a,720575940639964032,left,0.0
kc_set_a,720575940639974272,left,0.0
kc_set_a,720575940639979648,left,0.0
kc_set_a,720575940639980277,left,0.0
kc_set_a,720575940639986048,right,0.0
kc_set_a,720575940639988352,right,0.0
kc_set_a,720575940639989120,left,0.0
kc_set_a,720575940639996288,left,0.0
kc_set_a,720575940640006528,left,0.0
kc_set_a,720575940640115675,left,0.0
kc_set_a,720575940640158939,left,0.0
kc_set_a,720575940640242896,left,0.0
kc_set_a,720575940640276955,right,0.0
kc_set_a,720575940640292571,right,0.0
kc_set_a,720575940640340725,left,0.0
kc_set_a,720575940640401549,left,148.4
kc_set_a,720575940640414683,left,0.0
kc_set_a,720575940640451280,left,0.0
kc_set_a,720575940640451536,left,0.0
kc_set_a,720575940640468725,left,0.0
kc_set_a,720575940640487669,right,0.0
kc_set_a,720575940640566736,right,0.0
kc_set_a,720575940640634787,right,0.0
kc_set_a,720575940640646864,right,0.0
kc_set_a,720575940640688336,right,0.0
kc_set_a,720575940640688592,right,0.0
kc_set_a,720575940640735629,left,0.0
kc_set_a,720575940640756621,right,0.0
kc_set_a,720575940640758157,right,0.0
kc_set_a,720575940640856795,left,0.0
kc_set_a,720575940640877965,left,0.0
kc_set_a,720575940640883931,right,0.0
kc_set_a,720575940640905205,right,0.0
kc_set_a,720575940640923381,left,0.0
kc_set_a,720575940641015285,left,0.0
kc_set_a,720575940641065973,left,0.0
kc_set_a,720575940641066229,left,0.0
kc_set_a,720575940641079029,right,0.0
kc_set_a,720575940641084405,right,0.0
kc_set_a,720575940641355739,right,0.0
kc_set_a,720575940641358811,left,0.0
kc_set_a,720575940641360091,right,0.0
kc_set_a,720575940641362907,right,0.0
kc_set_a,720575940641536397,right,0.0
kc_set_a,720575940641743501,left,0.0
kc_set_a,720575940641765773,left,0.0
kc_set_a,720575940641866912,right,0.0
kc_set_a,720575940641889952,right,0.0
kc_set_a,720575940641936584,right,0.0
kc_set_a,720575940642010056,right,0.0
kc_set_a,720575940642021064,right,0.0
kc_set_a,720575940642022088,right,0.0
kc_set_a,720575940642071437,left,0.0
kc_set_a,720575940642089613,left,0.0
kc_set_a,720575940642106824,left,0.0
kc_set_a,720575940642108301,right,0.0
kc_set_a,720575940642162573,right,0.0
kc_set_a,720575940642193608,left,0.0
kc_set_a,720575940642328736,right,0.0
kc_set_a,720575940642338464,right,0.0
kc_set_a,720575940642347936,right,0.0
kc_set_a,720575940642383520,right,0.0
kc_set_a,720575940642624200,left,0.0
kc_set_a,720575940642638024,left,0.0
kc_set_a,720575940642663368,left,0.0
kc_set_a,720575940642926628,left,0.0
kc_set_a,720575940642948887,right,0.0
kc_set_a,720575940643055264,left,0.0
kc_set_a,720575940643063200,right,0.0
kc_set_a,720575940643128356,left,0.0
kc_set_a,720575940643129124,left,0.0
kc_set_a,720575940643163940,left,0.0
kc_set_a,720575940643195159,left,0.0
kc_set_a,720575940643266852,right,0.0
kc_set_a,720575940643281262,right,0.0
kc_set_a,720575940643287240,left,0.0
kc_set_a,720575940643380759,left,0.0
kc_set_a,720575940643398180,left,0.0
kc_set_a,720575940643404744,right,0.0
kc_set_a,720575940643406615,left,0.0
kc_set_a,720575940643417879,left,0.0
kc_set_a,720575940643418391,left,0.0
kc_set_a,720575940643424535,left,0.0
kc_set_a,720575940643448686,left,0.0
kc_set_a,720575940643466094,left,0.0
kc_set_a,720575940643473056,left,0.0
kc_set_a,720575940643495840,left,0.0
kc_set_a,720575940643497632,right,0.0
kc_set_a,720575940643501472,right,0.0
kc_set_a,720575940643504288,right,0.0
kc_set_a,720575940643516360,left,0.0
kc_set_a,720575940643544224,left,0.0
kc_set_a,720575940643547296,right,0.0
kc_set_a,720575940643623328,left,138.0
kc_set_a,720575940643657376,left,0.0
kc_set_a,720575940643741384,left,0.0
kc_set_a,720575940643769544,right,0.0
kc_set_a,720575940643823816,left,0.0
kc_set_a,720575940643824072,left,141.4
kc_set_a,720575940643830126,right,0.0
kc_set_a,720575940643919982,left,0.0
kc_set_a,720575940643973156,left,0.0
kc_set_a,720575940643977508,left,0.0
kc_set_a,720575940644136983,right,0.0
kc_set_a,720575940644145687,left,0.0
kc_set_a,720575940644153636,left,0.0
kc_set_a,720575940644156695,left,0.0
kc_set_a,720575940644157463,left,0.0
kc_set_a,720575940644170519,left,0.0
kc_set_a,720575940644238496,left,0.0
kc_set_a,720575940644413732,right,0.0
kc_set_a,720575940644423204,right,0.0
kc_set_a,720575940644448292,left,0.0
kc_set_a,720575940644472100,right,0.0
kc_set_a,720575940644479267,right,0.0
kc_set_a,720575940644490276,left,0.0
kc_set_a,720575940644541640,left,0.0
kc_set_a,720575940644554606,right,0.0
kc_set_a,720575940644583534,right,0.0
kc_set_a,720575940644587630,left,0.0
kc_set_a,720575940644592494,right,0.0
kc_set_a,720575940644598819,left,0.0
kc_set_a,720575940644607854,right,0.0
kc_set_a,720575940644609134,right,0.0
kc_set_a,720575940644644387,left,0.0
kc_set_a,720575940644677411,left,0.0
kc_set_a,720575940644710964,right,0.0
kc_set_a,720575940644742048,left,0.0
kc_set_a,720575940644747572,right,0.0
kc_set_a,720575940644759319,right,0.0
kc_set_a,720575940644800535,left,0.0
kc_set_a,720575940644805143,right,0.0
kc_set_a,720575940644819223,left,0.0
kc_set_a,720575940644837655,right,0.0
kc_set_a,720575940644838766,right,0.0
kc_set_a,720575940644843031,right,0.0
kc_set_a,720575940644892963,left,0.0
kc_set_a,720575940644940835,left,0.0
kc_set_a,720575940644946211,right,0.0
kc_set_a,720575940644974644,left,0.0
kc_set_a,720575940645059107,left,0.0
kc_set_a,720575940645089059,left,0.0
kc_set_a,720575940645139508,left,0.0
kc_set_a,720575940645186868,left,0.0
kc_set_a,720575940645209966,left,0.0
kc_set_a,720575940645210222,right,0.0
kc_set_a,720575940645220718,left,0.0
kc_set_a,720575940645221742,left,0.0
kc_set_a,720575940645226862,left,0.0
kc_set_a,720575940645236078,right,0.0
kc_set_a,720575940645248878,right,0.0
kc_set_a,720575940645269614,right,0.0
kc_set_a,720575940645277294,left,0.0
kc_set_a,720575940645303918,left,0.0
kc_set_a,720575940645334126,left,0.0
kc_set_a,720575940645344110,left,0.0
kc_set_a,720575940645377668,right,0.0
kc_set_a,720575940645385524,left,0.0
kc_set_a,720575940645386884,right,0.0
kc_set_a,720575940645390468,right,0.0
kc_set_a,720575940645450548,left,0.0
kc_set_a,720575940645544068,left,0.0
kc_set_a,720575940645577348,left,144.4
kc_set_a,720575940645682211,left,157.8
kc_set_a,720575940645709335,left,0.0
kc_set_a,720575940645714211,left,0.0
kc_set_a,720575940645714723,left,0.0
kc_set_a,720575940645747747,left,0.0
kc_set_a,720575940645759523,right,0.0
kc_set_a,720575940645819268,right,0.0
kc_set_a,720575940645828740,right,0.0
kc_set_a,720575940645858948,right,0.0
kc_set_a,720575940645949316,left,0.0
kc_set_a,720575940645993348,left,0.0
kc_set_a,720575940646034740,right,0.0
kc_set_a,720575940646229283,right,0.0
kc_set_a,720575940646250275,left,0.0
kc_set_a,720575940646262307,left,0.0
kc_set_a,720575940646263331,right,0.0
kc_set_a,720575940646289699,left,0.0
kc_set_a,720575940646289955,left,0.0
kc_set_a,720575940646290979,right,0.0
kc_set_a,720575940646308148,right,0.0
kc_set_a,720575940646346548,left,0.0
kc_set_a,720575940646354211,left,0.0
kc_set_a,720575940646419235,right,0.0
kc_set_a,720575940646598788,right,0.0
kc_set_a,720575940646602372,right,0.0
kc_set_a,720575940646604932,left,0.0
kc_set_a,720575940646606724,right,0.0
kc_set_a,720575940646609028,right,0.0
kc_set_a,720575940646646148,right,0.0
kc_set_a,720575940646667828,right,0.0
kc_set_a,720575940646682932,right,0.0
kc_set_a,720575940646697780,right,0.0
kc_set_a,720575940646773044,left,0.0
kc_set_a,720575940646783284,left,0.0
kc_set_a,720575940646789428,left,0.0
kc_set_a,720575940647153796,right,0.0
kc_set_a,720575940647214724,left,0.0
kc_set_a,720575940647242116,left,0.0
kc_set_a,720575940647714425,right,0.0
kc_set_a,720575940647739513,right,0.0
kc_set_a,720575940647973497,left,0.0
kc_set_a,720575940648139129,left,0.0
kc_set_a,720575940648205945,right,0.0
kc_set_a,720575940648235641,right,0.0
kc_set_a,720575940648246649,right,0.0
kc_set_a,720575940648276089,right,0.0
kc_set_a,720575940648993145,left,0.0
kc_set_a,720575940648995705,right,0.0
kc_set_a,720575940649008761,left,0.0
kc_set_a,720575940649012857,right,0.0
kc_set_a,720575940649020025,right,0.0
kc_set_a,720575940649020537,left,0.0
kc_set_a,720575940649022841,right,0.0
kc_set_a,720575940649024633,left,0.0
kc_set_a,720575940649228665,right,0.0
kc_set_a,720575940649501817,left,144.6
kc_set_a,720575940649536121,left,0.0
kc_set_a,720575940649536377,right,0.0
kc_set_a,720575940649622905,left,0.0
kc_set_a,720575940649649529,right,0.0
kc_set_a,720575940649650041,right,0.0
kc_set_a,720575940649652089,left,0.0
kc_set_a,720575940649682809,left,0.0
kc_set_a,720575940649691513,right,0.0
kc_set_a,720575940649691769,left,0.0
kc_set_a,720575940649692281,left,0.0
kc_set_a,720575940650260214,right,0.0
kc_set_a,720575940650270710,right,0.0
kc_set_a,720575940650519542,left,0.0
kc_set_a,720575940650545398,left,0.0
kc_set_a,720575940650706166,left,0.0
kc_set_a,720575940650726390,left,0.0
kc_set_a,720575940650740982,left,0.0
kc_set_a,720575940650760438,left,0.0
kc_set_a,720575940650786294,left,0.0
kc_set_a,720575940651629046,left,0.0
kc_set_a,720575940651816950,right,0.0
kc_set_a,720575940651864822,left,0.0
kc_set_a,720575940652035830,left,0.0
kc_set_a,720575940652109046,left,0.0
kc_set_a,720575940652200950,left,0.0
kc_set_a,720575940652211958,left,0.0
kc_set_a,720575940652311030,right,0.0
kc_set_a,720575940652342006,right,0.0
kc_set_a,720575940652403446,left,0.0
kc_set_a,720575940652703393,right,0.0
kc_set_a,720575940652784289,right,0.0
kc_set_a,720575940652799649,right,0.0
kc_set_a,720575940652809377,right,0.0
kc_set_a,720575940652822945,right,0.0
kc_set_a,720575940652837793,right,0.0
kc_set_a,720575940652875169,right,0.0
kc_set_a,720575940653078433,left,0.0
kc_set_a,720575940653276833,left,0.0
kc_set_a,720575940653313953,left,0.0
kc_set_a,720575940653332385,right,0.0
kc_set_a,720575940653339041,right,0.0
kc_set_a,720575940653351841,left,0.0
kc_set_a,720575940653460385,left,0.0
kc_set_a,720575940654129057,left,0.0
kc_set_a,720575940654483873,left,0.0
kc_set_a,720575940654491553,right,0.0
kc_set_a,720575940654606753,right,0.0
kc_set_a,720575940654643617,left,0.0
kc_set_a,720575940654647457,right,0.0
kc_set_a,720575940654675873,left,0.0
kc_set_a,720575940654752417,right,0.0
kc_set_a,720575940654805665,left,0.0
kc_set_a,720575940654808225,left,0.0
kc_set_a,720575940654810017,left,0.0
kc_set_a,720575940654810785,right,0.0
kc_set_a,720575940654879137,left,0.0
kc_set_a,720575940656078241,right,0.0
kc_set_a,720575940657869953,right,0.0
kc_set_a,720575940658101121,right,0.0
kc_set_a,720575940658321793,left,0.0
kc_set_a,720575940658489473,left,0.0
kc_set_a,720575940658497409,left,0.0
kc_set_a,720575940658726785,left,144.0
kc_set_a,720575940658795137,right,0.0
kc_set_a,720575940659297153,right,0.0
kc_set_a,720575940659301249,left,0.0
kc_set_a,720575940659314817,right,0.0
kc_set_a,720575940659316609,right,0.0
kc_set_a,720575940659323009,left,0.0
kc_set_a,720575940659323521,left,0.0
kc_set_a,720575940659392385,left,0.0
kc_set_a,720575940659536257,right,0.0
kc_set_a,720575940659577217,right,0.0
kc_set_a,720575940659754625,left,0.0
kc_set_a,720575940659763329,left,0.0
kc_set_a,720575940659765121,right,0.0
kc_set_a,720575940659780993,left,0.0
kc_set_a,720575940659850113,right,0.0
kc_set_a,720575940659879041,left,0.0
kc_set_a,720575940659940225,right,0.0
kc_set_a,720575940660047489,right,0.0
kc_set_a,720575940661275009,left,0.0
kc_set_a,720575940661337217,left,0.0
kc_set_b,720575940602553568,right,0.0
kc_set_b,720575940602564320,right,0.0
kc_set_b,720575940602605536,right,0.0
kc_set_b,720575940602815200,left,0.0
kc_set_b,720575940602829536,left,0.0
kc_set_b,720575940603045804,right,0.0
kc_set_b,720575940603050668,right,0.0
kc_set_b,720575940603084972,right,0.0
kc_set_b,720575940603111392,right,0.0
kc_set_b,720575940603174368,right,0.0
kc_set_b,720575940603268064,left,0.0
kc_set_b,720575940603317216,left,0.0
kc_set_b,720575940603520172,left,0.0
kc_set_b,720575940603642982,right,0.0
kc_set_b,720575940603673120,right,0.0
kc_set_b,720575940603674656,right,0.0
kc_set_b,720575940603687084,left,0.0
kc_set_b,720575940603688224,right,0.0
kc_set_b,720575940603719712,right,0.0
kc_set_b,720575940603721248,right,0.0
kc_set_b,720575940603747616,right,0.0
kc_set_b,720575940603751782,right,0.0
kc_set_b,720575940603773798,right,0.0
kc_set_b,720575940603882720,left,0.0
kc_set_b,720575940603883232,left,0.0
kc_set_b,720575940603984486,left,0.0
kc_set_b,720575940603988838,left,0.0
kc_set_b,720575940604008672,right,0.0
kc_set_b,720575940604050110,left,0.0
kc_set_b,720575940604093984,left,0.0
kc_set_b,720575940604103200,left,0.0
kc_set_b,720575940604126129,left,0.0
kc_set_b,720575940604131296,left,0.0
kc_set_b,720575940604132710,left,0.0
kc_set_b,720575940604168224,left,0.0
kc_set_b,720575940604182374,left,0.0
kc_set_b,720575940604249790,left,0.0
kc_set_b,720575940604304561,left,0.0
kc_set_b,720575940604318129,left,0.0
kc_set_b,720575940604319078,right,0.0
kc_set_b,720575940604402092,left,0.0
kc_set_b,720575940604435046,left,0.0
kc_set_b,720575940604466912,left,0.0
kc_set_b,720575940604478176,right,0.0
kc_set_b,720575940604483040,right,0.0
kc_set_b,720575940604489649,right,0.0
kc_set_b,720575940604493024,left,0.0
kc_set_b,720575940604497888,left,0.0
kc_set_b,720575940604500448,left,0.0
kc_set_b,720575940604505278,left,0.0
kc_set_b,720575940604509374,left,0.0
kc_set_b,720575940604550590,left,0.0
kc_set_b,720575940604557792,left,0.0
kc_set_b,720575940604576689,left,0.0
kc_set_b,720575940604620512,left,0.0
kc_set_b,720575940604626912,left,160.2
kc_set_b,720575940604630240,right,0.0
kc_set_b,720575940604630496,right,0.0
kc_set_b,720575940604766153,right,0.0
kc_set_b,720575940604770249,right,0.0
kc_set_b,720575940604806345,right,0.0
kc_set_b,720575940604824236,left,0.0
kc_set_b,720575940604833196,left,0.0
kc_set_b,720575940604860332,right,0.0
kc_set_b,720575940604884396,right,0.0
kc_set_b,720575940604908972,left,0.0
kc_set_b,720575940604924606,left,0.0
kc_set_b,720575940604934572,right,0.0
kc_set_b,720575940604935340,right,0.0
kc_set_b,720575940604961126,left,0.0
kc_set_b,720575940604961894,left,0.0
kc_set_b,720575940604962918,right,0.0
kc_set_b,720575940604963686,left,0.0
kc_set_b,720575940604963942,right,0.0
kc_set_b,720575940604978534,left,0.0
kc_set_b,720575940604985888,left,0.0
kc_set_b,720575940604991264,left,0.0
kc_set_b,720575940604997152,right,0.0
kc_set_b,720575940604999526,right,0.0
kc_set_b,720575940605000550,right,0.0
kc_set_b,720575940605029250,right,0.0
kc_set_b,720575940605036418,right,0.0
kc_set_b,720575940605060798,left,0.0
kc_set_b,720575940605083838,right,0.0
kc_set_b,720575940605167025,right,0.0
kc_set_b,720575940605171121,right,0.0
kc_set_b,720575940605180337,right,0.0
kc_set_b,720575940605180849,left,0.0
kc_set_b,720575940605184102,right,0.0
kc_set_b,720575940605196465,right,0.0
kc_set_b,720575940605197745,right,0.0
kc_set_b,720575940605199305,left,0.0
kc_set_b,720575940605236866,left,148.4
kc_set_b,720575940605246850,left,0.0
kc_set_b,720575940605252041,right,0.0
kc_set_b,720575940605290441,right,0.0
kc_set_b,720575940605312945,left,0.0
kc_set_b,720575940605338290,right,0.0
kc_set_b,720575940605350066,right,0.0
kc_set_b,720575940605362610,right,0.0
kc_set_b,720575940605407846,right,0.0
kc_set_b,720575940605412738,left,0.0
kc_set_b,720575940605421670,left,0.0
kc_set_b,720575940605424416,right,0.0
kc_set_b,720575940605431840,left,0.0
kc_set_b,720575940605436262,left,0.0
kc_set_b,720575940605441312,left,143.0
kc_set_b,720575940605449929,left,0.0
kc_set_b,720575940605451552,right,0.0
kc_set_b,720575940605452064,right,0.0
kc_set_b,720575940605488416,right,0.0
kc_set_b,720575940605491302,left,0.0
kc_set_b,720575940605507249,right,0.0
kc_set_b,720575940605528422,left,0.0
kc_set_b,720575940605541920,right,0.0
kc_set_b,720575940605544370,left,0.0
kc_set_b,720575940605550950,right,0.0
kc_set_b,720575940605551038,left,0.0
kc_set_b,720575940605551718,right,0.0
kc_set_b,720575940605552742,right,0.0
kc_set_b,720575940605557438,left,0.0
kc_set_b,720575940605559986,left,0.0
kc_set_b,720575940605565886,right,0.0
kc_set_b,720575940605597216,right,0.0
kc_set_b,720575940605606274,right,0.0
kc_set_b,720575940605619744,left,0.0
kc_set_b,720575940605620670,left,0.0
kc_set_b,720575940605620926,left,0.0
kc_set_b,720575940605621024,left,0.0
kc_set_b,720575940605625376,left,0.0
kc_set_b,720575940605627057,right,0.0
kc_set_b,720575940605664446,right,0.0
kc_set_b,720575940605664702,left,0.0
kc_set_b,720575940605705650,left,0.0
kc_set_b,720575940605792434,right,0.0
kc_set_b,720575940605792946,right,0.0
kc_set_b,720575940605817522,right,0.0
kc_set_b,720575940605829297,left,148.0
kc_set_b,720575940605841074,left,0.0
kc_set_b,720575940605925600,left,0.0
kc_set_b,720575940605934001,right,0.0
kc_set_b,720575940605985202,left,0.0
kc_set_b,720575940605995209,left,0.0
kc_set_b,720575940605997257,right,0.0
kc_set_b,720575940605997513,right,0.0
kc_set_b,720575940606009801,left,0.0
kc_set_b,720575940606123698,left,143.8
kc_set_b,720575940606195657,left,0.0
kc_set_b,720575940606201278,left,0.0
kc_set_b,720575940606331996,right,0.0
kc_set_b,720575940606335106,left,0.0
kc_set_b,720575940606341250,right,0.0
kc_set_b,720575940606347394,right,0.0
kc_set_b,720575940606399068,right,0.0
kc_set_b,720575940606433713,left,0.0
kc_set_b,720575940606436128,left,0.0
kc_set_b,720575940606452681,right,0.0
kc_set_b,720575940606454108,right,0.0
kc_set_b,720575940606477660,right,0.0
kc_set_b,720575940606483467,right,0.0
kc_set_b,720575940606483723,right,0.0
kc_set_b,720575940606496011,right,0.0
kc_set_b,720575940606515292,right,0.0
kc_set_b,720575940606549961,right,0.0
kc_set_b,720575940606579465,right,0.0
kc_set_b,720575940606602674,left,0.0
kc_set_b,720575940606621362,right,0.0
kc_set_b,720575940606662322,left,0.0
kc_set_b,720575940606663625,left,0.0
kc_set_b,720575940606666953,right,0.0
kc_set_b,720575940606667977,right,0.0
kc_set_b,720575940606675804,left,0.0
kc_set_b,720575940606680706,right,0.0
kc_set_b,720575940606683915,left,0.0
kc_set_b,720575940606687499,left,0.0
kc_set_b,720575940606691932,left,0.0
kc_set_b,720575940606694748,left,0.0
kc_set_b,720575940606698697,right,0.0
kc_set_b,720575940606700043,left,0.0
kc_set_b,720575940606715337,left,0.0
kc_set_b,720575940606725131,left,0.0
kc_set_b,720575940606729858,right,0.0
kc_set_b,720575940606730076,left,0.0
kc_set_b,720575940606745289,left,0.0
kc_set_b,720575940606747593,left,0.0
kc_set_b,720575940606773705,left,0.0
kc_set_b,720575940606775654,left,0.0
kc_set_b,720575940606783362,right,0.0
kc_set_b,720575940606796722,left,0.0
kc_set_b,720575940606850434,left,0.0
kc_set_b,720575940606851714,left,0.0
kc_set_b,720575940606853250,left,0.0
kc_set_b,720575940606864341,right,0.0
kc_set_b,720575940606890370,left,0.0
kc_set_b,720575940606891221,right,0.0
kc_set_b,720575940606892162,right,0.0
kc_set_b,720575940606892674,right,0.0
kc_set_b,720575940606893186,right,0.0
kc_set_b,720575940606902741,right,0.0
kc_set_b,720575940606909195,left,0.0
kc_set_b,720575940606910850,left,0.0
kc_set_b,720575940606929419,left,0.0
kc_set_b,720575940606940425,left,0.0
kc_set_b,720575940606941397,right,0.0
kc_set_b,720575940606947714,right,0.0
kc_set_b,720575940606947970,left,0.0
kc_set_b,720575940606948188,left,0.0
kc_set_b,720575940606954114,right,0.0
kc_set_b,720575940606954507,left,0.0
kc_set_b,720575940606954763,left,0.0
kc_set_b,720575940606963586,right,0.0
kc_set_b,720575940606967682,right,0.0
kc_set_b,720575940606967730,right,0.0
kc_set_b,720575940606968450,right,0.0
kc_set_b,720575940606968962,right,0.0
kc_set_b,720575940607010825,right,0.0
kc_set_b,720575940607030281,right,0.0
kc_set_b,720575940607038386,left,0.0
kc_set_b,720575940607054770,right,0.0
kc_set_b,720575940607146162,left,0.0
kc_set_b,720575940607154955,left,0.0
kc_set_b,720575940607168523,left,0.0
kc_set_b,720575940607168779,left,0.0
kc_set_b,720575940607177739,left,0.0
kc_set_b,720575940607177906,left,0.0
kc_set_b,720575940607180722,left,0.0
kc_set_b,720575940607185074,left,0.0
kc_set_b,720575940607280306,right,0.0
kc_set_b,720575940607280818,right,0.0
kc_set_b,720575940607310531,right,0.0
kc_set_b,720575940607330499,right,0.0
kc_set_b,720575940607337155,right,0.0
kc_set_b,720575940607337923,right,0.0
kc_set_b,720575940607348931,right,0.0
kc_set_b,720575940607351747,right,0.0
kc_set_b,720575940607352003,right,0.0
kc_set_b,720575940607520451,left,0.0
kc_set_b,720575940607623875,left,0.0
kc_set_b,720575940607674563,left,0.0
kc_set_b,720575940607685571,left,0.0
kc_set_b,720575940607698627,left,0.0
kc_set_b,720575940607715420,right,0.0
kc_set_b,720575940607721923,left,0.0
kc_set_b,720575940607722179,left,0.0
kc_set_b,720575940607763467,right,0.0
kc_set_b,720575940607792139,right,0.0
kc_set_b,720575940607793675,left,0.0
kc_set_b,720575940607804939,right,0.0
kc_set_b,720575940607809547,left,0.0
kc_set_b,720575940607828233,right,0.0
kc_set_b,720575940607900867,left,0.0
kc_set_b,720575940607930716,right,0.0
kc_set_b,720575940607971908,right,0.0
kc_set_b,720575940607978820,right,0.0
kc_set_b,720575940607981636,right,0.0
kc_set_b,720575940607983369,left,0.0
kc_set_b,720575940607984651,right,0.0
kc_set_b,720575940607993668,right,0.0
kc_set_b,720575940608015627,right,0.0
kc_set_b,720575940608126386,left,0.0
kc_set_b,720575940608145877,right,0.0
kc_set_b,720575940608148693,right,0.0
kc_set_b,720575940608152021,left,0.0
kc_set_b,720575940608158300,left,0.0
kc_set_b,720575940608158677,left,0.0
kc_set_b,720575940608176514,right,0.0
kc_set_b,720575940608177988,left,0.0
kc_set_b,720575940608184156,left,0.0
kc_set_b,720575940608191836,right,0.0
kc_set_b,720575940608192860,left,0.0
kc_set_b,720575940608211268,left,0.0
kc_set_b,720575940608277852,left,0.0
kc_set_b,720575940608281180,right,0.0
kc_set_b,720575940608286556,right,0.0
kc_set_b,720575940608312533,right,0.0
kc_set_b,720575940608313301,left,0.0
kc_set_b,720575940608328713,right,0.0
kc_set_b,720575940608344331,left,0.0
kc_set_b,720575940608345867,right,0.0
kc_set_b,720575940608363844,left,0.0
kc_set_b,720575940608383243,right,0.0
kc_set_b,720575940608386315,right,0.0
kc_set_b,720575940608393739,right,0.0
kc_set_b,720575940608399115,left,0.0
kc_set_b,720575940608407049,left,0.0
kc_set_b,720575940608407305,left,0.0
kc_set_b,720575940608413193,left,0.0
kc_set_b,720575940608428555,left,0.0
kc_set_b,720575940608433476,right,0.0
kc_set_b,720575940608437769,left,0.0
kc_set_b,720575940608447241,right,0.0
kc_set_b,720575940608452617,left,0.0
kc_set_b,720575940608456715,right,0.0
kc_set_b,720575940608471563,left,0.0
kc_set_b,720575940608496835,left,0.0
kc_set_b,720575940608505795,right,0.0
kc_set_b,720575940608517385,right,0.0
kc_set_b,720575940608524483,right,0.0
kc_set_b,720575940608525763,left,0.0
kc_set_b,720575940608527150,right,0.0
kc_set_b,720575940608527299,left,0.0
kc_set_b,720575940608530955,left,0.0
kc_set_b,720575940608532675,right,0.0
kc_set_b,720575940608535747,left,0.0
kc_set_b,720575940608535819,left,0.0
kc_set_b,720575940608537027,left,0.0
kc_set_b,720575940608544011,left,0.0
kc_set_b,720575940608550409,right,0.0
kc_set_b,720575940608564233,left,0.0
kc_set_b,720575940608571145,left,0.0
kc_set_b,720575940608621614,right,0.0
kc_set_b,720575940608631342,right,0.0
kc_set_b,720575940608633045,left,0.0
kc_set_b,720575940608633134,right,0.0
kc_set_b,720575940608644654,right,0.0
kc_set_b,720575940608655918,right,0.0
kc_set_b,720575940608657621,right,0.0
kc_set_b,720575940608662485,right,0.0
kc_set_b,720575940608662574,right,0.0
kc_set_b,720575940608663765,left,0.0
kc_set_b,720575940608682453,left,0.0
kc_set_b,720575940608708875,left,0.0
kc_set_b,720575940608767957,left,0.0
kc_set_b,720575940608768213,right,0.0
kc_set_b,720575940608772821,right,0.0
kc_set_b,720575940608774776,right,0.0
kc_set_b,720575940608801749,right,0.0
kc_set_b,720575940608806776,right,0.0
kc_set_b,720575940608810709,left,0.0
kc_set_b,720575940608820600,right,0.0
kc_set_b,720575940608823509,right,0.0
kc_set_b,720575940608997571,left,0.0
kc_set_b,720575940609006200,left,0.0
kc_set_b,720575940609006712,left,0.0
kc_set_b,720575940609066030,right,0.0
kc_set_b,720575940609097058,right,0.0
kc_set_b,720575940609104579,right,0.0
kc_set_b,720575940609132642,right,0.0
kc_set_b,720575940609133102,right,0.0
kc_set_b,720575940609143672,right,0.0
kc_set_b,720575940609149394,right,0.0
kc_set_b,720575940609153746,right,0.0
kc_set_b,720575940609163986,right,0.0
kc_set_b,720575940609169762,right,0.0
kc_set_b,720575940609171576,left,0.0
kc_set_b,720575940609179331,right,0.0
kc_set_b,720575940609184210,right,0.0
kc_set_b,720575940609190866,right,0.0
kc_set_b,720575940609200708,left,0.0
kc_set_b,720575940609202244,left,0.0
kc_set_b,720575940609203268,left,0.0
kc_set_b,720575940609208530,right,0.0
kc_set_b,720575940609220291,right,0.0
kc_set_b,720575940609226702,right,0.0
kc_set_b,720575940609271854,left,0.0
kc_set_b,720575940609318446,left,0.0
kc_set_b,720575940609347448,left,0.0
kc_set_b,720575940609371086,right,0.0
kc_set_b,720575940609378424,left,0.0
kc_set_b,720575940609399506,left,0.0
kc_set_b,720575940609405646,right,0.0
kc_set_b,720575940609533538,left,0.0
kc_set_b,720575940609555922,left,0.0
kc_set_b,720575940609573842,left,0.0
kc_set_b,720575940609634571,right,0.0
kc_set_b,720575940609651554,right,0.0
kc_set_b,720575940609676100,left,0.0
kc_set_b,720575940609684946,right,0.0
kc_set_b,720575940609694818,right,0.0
kc_set_b,720575940609708100,left,147.4
kc_set_b,720575940609747780,left,0.0
kc_set_b,720575940609768290,left,0.0
kc_set_b,720575940609781966,left,0.0
kc_set_b,720575940609836898,left,0.0
kc_set_b,720575940609871253,right,0.0
kc_set_b,720575940609873358,right,0.0
kc_set_b,720575940609921230,right,0.0
kc_set_b,720575940609935310,right,0.0
kc_set_b,720575940609940373,right,0.0
kc_set_b,720575940609941653,right,0.0
kc_set_b,720575940609944526,right,0.0
kc_set_b,720575940609950869,right,0.0
kc_set_b,720575940609963248,left,0.0
kc_set_b,720575940609970801,right,0.0
kc_set_b,720575940609979505,right,0.0
kc_set_b,720575940609999217,right,0.0
kc_set_b,720575940610012024,left,0.0
kc_set_b,720575940610029432,right,0.0
kc_set_b,720575940610101210,right,0.0
kc_set_b,720575940610137050,right,0.0
kc_set_b,720575940610140378,right,0.0
kc_set_b,720575940610142869,left,0.0
kc_set_b,720575940610147826,right,0.0
kc_set_b,720575940610159480,left,0.0
kc_set_b,720575940610167987,right,0.0
kc_set_b,720575940610175218,right,0.0
kc_set_b,720575940610191795,right,0.0
kc_set_b,720575940610206387,right,0.0
kc_set_b,720575940610210034,right,0.0
kc_set_b,720575940610214769,left,0.0
kc_set_b,720575940610218360,left,0.0
kc_set_b,720575940610307374,left,0.0
kc_set_b,720575940610308757,left,0.0
kc_set_b,720575940610323674,left,0.0
kc_set_b,720575940610336610,right,0.0
kc_set_b,720575940610347929,right,0.0
kc_set_b,720575940610353381,right,0.0
kc_set_b,720575940610358501,right,0.0
kc_set_b,720575940610359650,left,0.0
kc_set_b,720575940610370201,right,0.0
kc_set_b,720575940610375726,right,0.0
kc_set_b,720575940610378865,left,0.0
kc_set_b,720575940610380498,left,0.0
kc_set_b,720575940610386661,right,0.0
kc_set_b,720575940610391854,left,0.0
kc_set_b,720575940610393842,left,0.0
kc_set_b,720575940610395438,left,0.0
kc_set_b,720575940610406776,right,0.0
kc_set_b,720575940610410609,left,0.0
kc_set_b,720575940610417893,right,0.0
kc_set_b,720575940610470130,right,0.0
kc_set_b,720575940610476506,left,0.0
kc_set_b,720575940610497731,left,0.0
kc_set_b,720575940610505426,right,0.0
kc_set_b,720575940610505621,right,0.0
kc_set_b,720575940610529656,left,157.0
kc_set_b,720575940610535890,left,0.0
kc_set_b,720575940610543257,left,0.0
kc_set_b,720575940610562713,left,0.0
kc_set_b,720575940610580377,right,0.0
kc_set_b,720575940610585011,left,0.0
kc_set_b,720575940610609075,left,0.0
kc_set_b,720575940610614757,left,0.0
kc_set_b,720575940610617317,left,0.0
kc_set_b,720575940610617753,left,0.0
kc_set_b,720575940610618341,left,155.4
kc_set_b,720575940610631544,left,0.0
kc_set_b,720575940610637235,left,0.0
kc_set_b,720575940610649464,left,0.0
kc_set_b,720575940610658674,right,0.0
kc_set_b,720575940610669786,right,0.0
kc_set_b,720575940610676403,right,0.0
kc_set_b,720575940610690162,right,0.0
kc_set_b,720575940610691507,right,0.0
kc_set_b,720575940610709106,right,0.0
kc_set_b,720575940610710130,right,0.0
kc_set_b,720575940610739930,left,0.0
kc_set_b,720575940610743282,right,0.0
kc_set_b,720575940610751129,left,0.0
kc_set_b,720575940610773171,right,0.0
kc_set_b,720575940610773714,right,0.0
kc_set_b,720575940610774451,left,0.0
kc_set_b,720575940610784179,right,0.0
kc_set_b,720575940610793395,right,0.0
kc_set_b,720575940610812258,left,0.0
kc_set_b,720575940610823010,right,0.0
kc_set_b,720575940610823141,left,0.0
kc_set_b,720575940610833250,left,0.0
kc_set_b,720575940610841074,left,0.0
kc_set_b,720575940610846818,left,0.0
kc_set_b,720575940610847842,left,0.0
kc_set_b,720575940610849742,left,0.0
kc_set_b,720575940610856874,left,150.4
kc_set_b,720575940610862506,left,0.0
kc_set_b,720575940610872418,left,0.0
kc_set_b,720575940610885330,left,0.0
kc_set_b,720575940610886610,left,0.0
kc_set_b,720575940610901234,left,0.0
kc_set_b,720575940610906521,right,0.0
kc_set_b,720575940610907490,right,0.0
kc_set_b,720575940610921642,left,0.0
kc_set_b,720575940610929778,left,0.0
kc_set_b,720575940610942066,left,0.0
kc_set_b,720575940610943897,right,0.0
kc_set_b,720575940610944022,right,0.0
kc_set_b,720575940610945558,right,0.0
kc_set_b,720575940610946070,right,0.0
kc_set_b,720575940610946730,right,0.0
kc_set_b,720575940610951577,left,0.0
kc_set_b,720575940610952089,right,0.0
kc_set_b,720575940610960994,right,0.0
kc_set_b,720575940610963734,right,0.0
kc_set_b,720575940610990821,right,0.0
kc_set_b,720575940611001061,right,0.0
kc_set_b,720575940611013785,left,0.0
kc_set_b,720575940611035365,left,0.0
kc_set_b,720575940611045700,right,0.0
kc_set_b,720575940611052517,left,0.0
kc_set_b,720575940611053029,left,0.0
kc_set_b,720575940611059609,left,0.0
kc_set_b,720575940611098517,right,0.0
kc_set_b,720575940611102578,left,0.0
kc_set_b,720575940611104229,left,0.0
kc_set_b,720575940611110468,right,0.0
kc_set_b,720575940611111061,right,0.0
kc_set_b,720575940611111317,left,0.0
kc_set_b,720575940611111829,right,0.0
kc_set_b,720575940611113109,left,0.0
kc_set_b,720575940611129571,right,0.0
kc_set_b,720575940611196110,left,0.0
kc_set_b,720575940611204323,right,0.0
kc_set_b,720575940611208817,left,0.0
kc_set_b,720575940611210865,right,0.0
kc_set_b,720575940611213774,left,0.0
kc_set_b,720575940611228462,left,0.0
kc_set_b,720575940611229297,left,0.0
kc_set_b,720575940611263090,left,0.0
kc_set_b,720575940611284174,left,0.0
kc_set_b,720575940611285454,left,0.0
kc_set_b,720575940611286990,left,0.0
kc_set_b,720575940611310894,right,0.0
kc_set_b,720575940611327254,left,0.0
kc_set_b,720575940611330070,left,0.0
kc_set_b,720575940611336726,left,0.0
kc_set_b,720575940611343054,right,0.0
kc_set_b,720575940611343218,right,0.0
kc_set_b,720575940611350234,left,0.0
kc_set_b,720575940611370610,left,0.0
kc_set_b,720575940611390742,left,0.0
kc_set_b,720575940611394019,left,0.0
kc_set_b,720575940611400050,left,0.0
kc_set_b,720575940611424882,left,0.0
kc_set_b,720575940611450134,right,0.0
kc_set_b,720575940611453107,right,0.0
kc_set_b,720575940611454833,left,0.0
kc_set_b,720575940611471090,left,0.0
kc_set_b,720575940611473587,left,0.0
kc_set_b,720575940611489010,left,0.0
kc_set_b,720575940611532949,right,0.0
kc_set_b,720575940611548821,left,0.0
kc_set_b,720575940611569301,right,0.0
kc_set_b,720575940611578074,left,0.0
kc_set_b,720575940611579541,right,0.0
kc_set_b,720575940611586453,right,0.0
kc_set_b,720575940611591829,left,0.0
kc_set_b,720575940611592154,left,0.0
kc_set_b,720575940611597795,left,0.0
kc_set_b,720575940611611285,left,0.0
kc_set_b,720575940611611378,right,0.0
kc_set_b,720575940611612387,left,0.0
kc_set_b,720575940611615986,left,0.0
kc_set_b,720575940611644825,left,0.0
kc_set_b,720575940611652374,left,0.0
kc_set_b,720575940611655288,left,0.0
kc_set_b,720575940611657881,left,0.0
kc_set_b,720575940611660714,right,0.0
kc_set_b,720575940611661541,left,0.0
kc_set_b,720575940611664281,right,0.0
kc_set_b,720575940611669145,left,0.0
kc_set_b,720575940611669674,left,0.0
kc_set_b,720575940611682739,right,0.0
kc_set_b,720575940611685273,left,0.0
kc_set_b,720575940611686629,right,0.0
kc_set_b,720575940611686809,right,0.0
kc_set_b,720575940611694565,left,0.0
kc_set_b,720575940611696042,right,0.0
kc_set_b,720575940611697066,right,0.0
kc_set_b,720575940611702165,left,0.0
kc_set_b,720575940611704813,right,0.0
kc_set_b,720575940611724437,left,0.0
kc_set_b,720575940611728563,left,0.0
kc_set_b,720575940611733997,right,0.0
kc_set_b,720575940611748594,right,0.0
kc_set_b,720575940611760021,left,0.0
kc_set_b,720575940611769059,right,0.0
kc_set_b,720575940611771029,right,0.0
kc_set_b,720575940611802330,right,0.0
kc_set_b,720575940611803490,left,0.0
kc_set_b,720575940611810531,left,0.0
kc_set_b,720575940611812835,left,147.6
kc_set_b,720575940611837041,left,0.0
kc_set_b,720575940611837809,right,0.0
kc_set_b,720575940611855729,right,0.0
kc_set_b,720575940611873242,left,0.0
kc_set_b,720575940611902577,left,0.0
kc_set_b,720575940611903601,left,0.0
kc_set_b,720575940611930265,left,0.0
kc_set_b,720575940611936474,right,0.0
kc_set_b,720575940611943976,right,0.0
kc_set_b,720575940611946482,right,0.0
kc_set_b,720575940611954801,left,0.0
kc_set_b,720575940611960872,right,0.0
kc_set_b,720575940611983322,left,0.0
kc_set_b,720575940611985448,right,0.0
kc_set_b,720575940611987240,right,0.0
kc_set_b,720575940611988008,right,0.0
kc_set_b,720575940612008818,right,0.0
kc_set_b,720575940612009074,left,0.0
kc_set_b,720575940612009903,right,0.0
kc_set_b,720575940612019570,right,0.0
kc_set_b,720575940612020008,right,0.0
kc_set_b,720575940612023983,right,0.0
kc_set_b,720575940612031411,left,0.0
kc_set_b,720575940612067034,left,0.0
kc_set_b,720575940612072685,left,0.0
kc_set_b,720575940612079853,left,0.0
kc_set_b,720575940612090321,right,0.0
kc_set_b,720575940612091601,right,0.0
kc_set_b,720575940612099053,left,0.0
kc_set_b,720575940612099309,left,0.0
kc_set_b,720575940612104627,left,0.0
kc_set_b,720575940612111346,left,0.0
kc_set_b,720575940612151538,right,0.0
kc_set_b,720575940612169709,left,0.0
kc_set_b,720575940612178418,right,0.0
kc_set_b,720575940612190693,right,0.0
kc_set_b,720575940612194983,left,0.0
kc_set_b,720575940612196589,left,0.0
kc_set_b,720575940612231282,left,0.0
kc_set_b,720575940612240918,right,0.0
kc_set_b,720575940612266213,right,0.0
kc_set_b,720575940612287283,left,0.0
kc_set_b,720575940612337203,right,0.0
kc_set_b,720575940612339370,right,0.0
kc_set_b,720575940612339810,right,0.0
kc_set_b,720575940612344293,left,0.0
kc_set_b,720575940612352423,right,0.0
kc_set_b,720575940612356904,left,0.0
kc_set_b,720575940612362663,right,0.0
kc_set_b,720575940612372650,right,0.0
kc_set_b,720575940612384665,right,0.0
kc_set_b,720575940612421290,right,0.0
kc_set_b,720575940612429994,left,0.0
kc_set_b,720575940612432602,left,0.0
kc_set_b,720575940612435198,right,0.0
kc_set_b,720575940612435454,right,0.0
kc_set_b,720575940612436264,left,0.0
kc_set_b,720575940612450730,right,0.0
kc_set_b,720575940612453603,right,0.0
kc_set_b,720575940612458211,left,0.0
kc_set_b,720575940612473128,left,0.0
kc_set_b,720575940612490723,right,0.0
kc_set_b,720575940612524030,right,0.0
kc_set_b,720575940612563454,right,0.0
kc_set_b,720575940612572670,right,0.0
kc_set_b,720575940612575230,right,0.0
kc_set_b,720575940612576254,right,0.0
kc_set_b,720575940612587286,right,0.0
kc_set_b,720575940612590102,left,0.0
kc_set_b,720575940612590503,left,154.2
kc_set_b,720575940612590754,right,0.0
kc_set_b,720575940612602163,left,0.0
kc_set_b,720575940612606673,right,0.0
kc_set_b,720575940612607953,right,0.0
kc_set_b,720575940612613551,left,0.0
kc_set_b,720575940612626966,left,0.0
kc_set_b,720575940612647282,right,0.0
kc_set_b,720575940612650792,left,0.0
kc_set_b,720575940612661782,left,0.0
kc_set_b,720575940612664482,right,0.0
kc_set_b,720575940612668018,right,0.0
kc_set_b,720575940612668834,right,0.0
kc_set_b,720575940612680818,left,0.0
kc_set_b,720575940612686358,right,0.0
kc_set_b,720575940612690338,right,0.0
kc_set_b,720575940612692672,left,0.0
kc_set_b,720575940612706706,right,0.0
kc_set_b,720575940612714671,right,0.0
kc_set_b,720575940612717202,right,0.0
kc_set_b,720575940612723409,left,0.0
kc_set_b,720575940612725906,right,0.0
kc_set_b,720575940612728466,right,0.0
kc_set_b,720575940612729714,right,0.0
kc_set_b,720575940612737233,left,0.0
kc_set_b,720575940612739186,right,0.0
kc_set_b,720575940612740466,right,0.0
kc_set_b,720575940612740886,right,0.0
kc_set_b,720575940612743958,left,0.0
kc_set_b,720575940612747158,right,0.0
kc_set_b,720575940612754582,right,0.0
kc_set_b,720575940612758934,right,0.0
kc_set_b,720575940612763542,right,0.0
kc_set_b,720575940612765846,right,0.0
kc_set_b,720575940612766102,right,0.0
kc_set_b,720575940612767126,right,0.0
kc_set_b,720575940612770418,right,0.0
kc_set_b,720575940612778646,right,0.0
kc_set_b,720575940612789219,left,0.0
kc_set_b,720575940612796786,right,0.0
kc_set_b,720575940612797480,left,0.0
kc_set_b,720575940612812914,left,0.0
kc_set_b,720575940612817583,left,0.0
kc_set_b,720575940612829863,left,0.0
kc_set_b,720575940612846962,right,0.0
kc_set_b,720575940612853354,right,0.0
kc_set_b,720575940612870381,left,0.0
kc_set_b,720575940612872173,right,0.0
kc_set_b,720575940612879341,left,136.8
kc_set_b,720575940612879853,left,0.0
kc_set_b,720575940612896106,right,0.0
kc_set_b,720575940612910486,left,0.0
kc_set_b,720575940612918930,left,0.0
kc_set_b,720575940612924054,left,0.0
kc_set_b,720575940612924522,right,0.0
kc_set_b,720575940612930710,left,0.0
kc_set_b,720575940612961686,left,0.0
kc_set_b,720575940612980990,left,0.0
kc_set_b,720575940612991730,left,0.0
kc_set_b,720575940613017059,right,0.0
kc_set_b,720575940613023911,left,154.4
kc_set_b,720575940613041123,right,0.0
kc_set_b,720575940613042403,right,0.0
kc_set_b,720575940613049315,left,0.0
kc_set_b,720575940613071587,right,0.0
kc_set_b,720575940613113238,left,0.0
kc_set_b,720575940613119459,right,0.0
kc_set_b,720575940613141987,left,0.0
kc_set_b,720575940613152938,left,0.0
kc_set_b,720575940613156067,right,0.0
kc_set_b,720575940613188319,right,0.0
kc_set_b,720575940613197608,left,0.0
kc_set_b,720575940613200918,left,0.0
kc_set_b,720575940613213151,right,0.0
kc_set_b,720575940613218344,left,0.0
kc_set_b,720575940613224446,left,0.0
kc_set_b,720575940613237758,left,0.0
kc_set_b,720575940613248479,right,0.0
kc_set_b,720575940613257664,left,0.0
kc_set_b,720575940613258975,right,0.0
kc_set_b,720575940613272799,right,0.0
kc_set_b,720575940613284063,right,0.0
kc_set_b,720575940613294016,left,0.0
kc_set_b,720575940613301410,left,0.0
kc_set_b,720575940613315309,left,0.0
kc_set_b,720575940613317738,left,0.0
kc_set_b,720575940613337640,left,0.0
kc_set_b,720575940613348246,left,0.0
kc_set_b,720575940613353538,right,0.0
kc_set_b,720575940613358658,right,0.0
kc_set_b,720575940613359266,left,0.0
kc_set_b,720575940613364461,right,0.0
kc_set_b,720575940613383633,right,0.0
kc_set_b,720575940613386050,right,0.0
kc_set_b,720575940613400785,left,0.0
kc_set_b,720575940613403458,right,0.0
kc_set_b,720575940613407981,left,0.0
kc_set_b,720575940613421890,right,0.0
kc_set_b,720575940613434178,right,0.0
kc_set_b,720575940613434530,left,0.0
kc_set_b,720575940613442154,left,0.0
kc_set_b,720575940613452525,left,0.0
kc_set_b,720575940613460034,right,0.0
kc_set_b,720575940613478422,right,0.0
kc_set_b,720575940613501855,right,0.0
kc_set_b,720575940613507946,right,0.0
kc_set_b,720575940613532831,right,0.0
kc_set_b,720575940613532979,left,0.0
kc_set_b,720575940613540767,right,0.0
kc_set_b,720575940613563187,right,0.0
kc_set_b,720575940613593503,right,0.0
kc_set_b,720575940613622312,left,0.0
kc_set_b,720575940613681458,right,0.0
kc_set_b,720575940613684906,right,0.0
kc_set_b,720575940613690031,right,0.0
kc_set_b,720575940613713704,right,0.0
kc_set_b,720575940613727399,right,0.0
kc_set_b,720575940613729576,left,0.0
kc_set_b,720575940613735948,right,0.0
kc_set_b,720575940613737647,right,0.0
kc_set_b,720575940613738415,right,0.0
kc_set_b,720575940613741864,left,0.0
kc_set_b,720575940613743023,left,0.0
kc_set_b,720575940613752999,left,0.0
kc_set_b,720575940613757224,left,0.0
kc_set_b,720575940613764364,right,0.0
kc_set_b,720575940613773566,right,0.0
kc_set_b,720575940613773890,right,0.0
kc_set_b,720575940613774334,right,0.0
kc_set_b,720575940613776179,left,0.0
kc_set_b,720575940613776543,right,0.0
kc_set_b,720575940613782796,right,0.0
kc_set_b,720575940613783106,left,0.0
kc_set_b,720575940613784386,left,0.0
kc_set_b,720575940613784574,left,0.0
kc_set_b,720575940613793602,left,0.0
kc_set_b,720575940613796527,left,0.0
kc_set_b,720575940613797295,right,0.0
kc_set_b,720575940613799436,right,0.0
kc_set_b,720575940613824012,right,0.0
kc_set_b,720575940613863330,left,0.0
kc_set_b,720575940613863903,left,0.0
kc_set_b,720575940613864498,right,0.0
kc_set_b,720575940613867682,right,0.0
kc_set_b,720575940613876447,left,0.0
kc_set_b,720575940613897890,left,0.0
kc_set_b,720575940613909555,left,0.0
kc_set_b,720575940613920159,left,0.0
kc_set_b,720575940613929670,right,0.0
kc_set_b,720575940613939090,left,0.0
kc_set_b,720575940613941042,right,0.0
kc_set_b,720575940613954769,right,0.0
kc_set_b,720575940613955039,left,0.0
kc_set_b,720575940613961403,left,0.0
kc_set_b,720575940613975455,left,0.0
kc_set_b,720575940613977041,right,0.0
kc_set_b,720575940613978892,left,0.0
kc_set_b,720575940613987635,right,0.0
kc_set_b,720575940613987730,right,0.0
kc_set_b,720575940614008785,right,0.0
kc_set_b,720575940614010419,right,0.0
kc_set_b,720575940614027059,right,0.0
kc_set_b,720575940614027074,left,0.0
kc_set_b,720575940614033932,left,0.0
kc_set_b,720575940614036019,right,0.0
kc_set_b,720575940614037811,right,0.0
kc_set_b,720575940614109506,left,0.0
kc_set_b,720575940614115515,right,0.0
kc_set_b,720575940614121147,right,0.0
kc_set_b,720575940614130482,left,0.0
kc_set_b,720575940614131131,right,0.0
kc_set_b,720575940614132667,right,0.0
kc_set_b,720575940614143942,left,0.0
kc_set_b,720575940614148283,right,0.0
kc_set_b,720575940614176927,left,0.0
kc_set_b,720575940614180714,left,0.0
kc_set_b,720575940614183218,left,0.0
kc_set_b,720575940614183786,left,0.0
kc_set_b,720575940614184204,left,0.0
kc_set_b,720575940614186602,right,0.0
kc_set_b,720575940614199914,right,0.0
kc_set_b,720575940614200426,right,0.0
kc_set_b,720575940614203916,left,0.0
kc_set_b,720575940614207850,right,0.0
kc_set_b,720575940614218346,left,0.0
kc_set_b,720575940614219370,left,0.0
kc_set_b,720575940614224490,right,0.0
kc_set_b,720575940614229159,right,0.0
kc_set_b,720575940614229415,right,0.0
kc_set_b,720575940614229758,right,0.0
kc_set_b,720575940614240766,right,0.0
kc_set_b,720575940614248446,left,0.0
kc_set_b,720575940614251670,right,0.0
kc_set_b,720575940614252967,left,0.0
kc_set_b,720575940614263719,left,0.0
kc_set_b,720575940614281214,left,0.0
kc_set_b,720575940614282238,right,0.0
kc_set_b,720575940614283006,right,0.0
kc_set_b,720575940614285254,left,0.0
kc_set_b,720575940614304012,left,165.6
kc_set_b,720575940614306814,right,0.0
kc_set_b,720575940614308002,left,0.0
kc_set_b,720575940614308146,left,0.0
kc_set_b,720575940614311079,left,0.0
kc_set_b,720575940614311842,right,0.0
kc_set_b,720575940614313890,left,0.0
kc_set_b,720575940614313996,right,0.0
kc_set_b,720575940614318482,right,0.0
kc_set_b,720575940614326439,left,0.0
kc_set_b,720575940614327202,right,0.0
kc_set_b,720575940614348394,right,0.0
kc_set_b,720575940614354619,left,0.0
kc_set_b,720575940614371986,left,0.0
kc_set_b,720575940614386738,left,0.0
kc_set_b,720575940614393250,left,0.0
kc_set_b,720575940614404288,left,0.0
kc_set_b,720575940614412946,left,0.0
kc_set_b,720575940614416018,left,0.0
kc_set_b,720575940614418118,right,0.0
kc_set_b,720575940614428722,right,0.0
kc_set_b,720575940614443788,left,0.0
kc_set_b,720575940614447922,right,0.0
kc_set_b,720575940614484626,left,0.0
kc_set_b,720575940614486322,left,0.0
kc_set_b,720575940614486690,right,0.0
kc_set_b,720575940614490018,right,0.0
kc_set_b,720575940614495093,right,0.0
kc_set_b,720575940614495138,right,0.0
kc_set_b,720575940614498060,left,0.0
kc_set_b,720575940614502128,left,0.0
kc_set_b,720575940614522043,left,0.0
kc_set_b,720575940614523871,left,0.0
kc_set_b,720575940614524127,right,0.0
kc_set_b,720575940614533226,left,0.0
kc_set_b,720575940614534367,left,0.0
kc_set_b,720575940614544034,right,0.0
kc_set_b,720575940614549650,left,0.0
kc_set_b,720575940614549906,left,0.0
kc_set_b,720575940614551954,right,0.0
kc_set_b,720575940614562098,left,0.0
kc_set_b,720575940614586418,left,0.0
kc_set_b,720575940614605458,left,0.0
kc_set_b,720575940614606738,right,0.0
kc_set_b,720575940614614203,right,0.0
kc_set_b,720575940614625211,left,0.0
kc_set_b,720575940614635666,left,0.0
kc_set_b,720575940614652818,left,148.2
kc_set_b,720575940614667926,left,0.0
kc_set_b,720575940614674282,left,0.0
kc_set_b,720575940614714518,right,0.0
kc_set_b,720575940614742687,right,0.0
kc_set_b,720575940614744991,right,0.0
kc_set_b,720575940614749883,left,142.8
kc_set_b,720575940614755478,left,0.0
kc_set_b,720575940614761026,left,0.0
kc_set_b,720575940614768278,right,0.0
kc_set_b,720575940614769567,left,0.0
kc_set_b,720575940614770847,right,0.0
kc_set_b,720575940614772383,right,0.0
kc_set_b,720575940614777247,left,0.0
kc_set_b,720575940614778454,right,0.0
kc_set_b,720575940614781546,left,0.0
kc_set_b,720575940614783042,left,0.0
kc_set_b,720575940614784918,left,0.0
kc_set_b,720575940614785130,left,0.0
kc_set_b,720575940614792086,left,0.0
kc_set_b,720575940614793026,left,0.0
kc_set_b,720575940614796354,left,0.0
kc_set_b,720575940614803286,right,0.0
kc_set_b,720575940614811222,right,0.0
kc_set_b,720575940614813526,right,0.0
kc_set_b,720575940614816598,right,0.0
kc_set_b,720575940614822506,right,0.0
kc_set_b,720575940614822742,right,0.0
kc_set_b,720575940614824095,left,0.0
kc_set_b,720575940614825026,left,0.0
kc_set_b,720575940614825622,left,0.0
kc_set_b,720575940614842741,left,148.8
kc_set_b,720575940614845802,right,0.0
kc_set_b,720575940614854294,right,0.0
kc_set_b,720575940614861941,left,0.0
kc_set_b,720575940614861974,right,0.0
kc_set_b,720575940614862230,right,0.0
kc_set_b,720575940614869387,right,0.0
kc_set_b,720575940614871402,left,0.0
kc_set_b,720575940614887830,right,0.0
kc_set_b,720575940614888854,right,0.0
kc_set_b,720575940614890902,right,0.0
kc_set_b,720575940614893930,left,0.0
kc_set_b,720575940614899061,left,0.0
kc_set_b,720575940614899851,right,0.0
kc_set_b,720575940614900886,right,0.0
kc_set_b,720575940614902667,right,0.0
kc_set_b,720575940614909579,right,0.0
kc_set_b,720575940614925963,right,0.0
kc_set_b,720575940614967007,left,0.0
kc_set_b,720575940614969055,left,0.0
kc_set_b,720575940614981087,right,0.0
kc_set_b,720575940614983274,right,0.0
kc_set_b,720575940614984927,left,0.0
kc_set_b,720575940615019231,right,0.0
kc_set_b,720575940615066335,right,0.0
kc_set_b,720575940615068383,left,0.0
kc_set_b,720575940615072373,right,0.0
kc_set_b,720575940615090444,left,0.0
kc_set_b,720575940615094284,left,0.0
kc_set_b,720575940615101452,right,0.0
kc_set_b,720575940615101708,left,0.0
kc_set_b,720575940615113867,left,0.0
kc_set_b,720575940615125307,right,0.0
kc_set_b,720575940615125877,left,0.0
kc_set_b,720575940615133894,left,0.0
kc_set_b,720575940615134918,right,0.0
kc_set_b,720575940615136059,right,0.0
kc_set_b,720575940615147788,right,0.0
kc_set_b,720575940615193100,right,0.0
kc_set_b,720575940615196063,right,0.0
kc_set_b,720575940615219778,right,0.0
kc_set_b,720575940615228502,left,0.0
kc_set_b,720575940615237170,left,0.0
kc_set_b,720575940615243020,right,0.0
kc_set_b,720575940615244082,left,0.0
kc_set_b,720575940615252786,right,0.0
kc_set_b,720575940615255090,right,0.0
kc_set_b,720575940615257942,left,0.0
kc_set_b,720575940615262786,left,0.0
kc_set_b,720575940615263903,right,0.0
kc_set_b,720575940615270559,left,0.0
kc_set_b,720575940615270962,right,0.0
kc_set_b,720575940615274838,left,0.0
kc_set_b,720575940615281291,left,0.0
kc_set_b,720575940615283618,left,148.8
kc_set_b,720575940615289759,right,0.0
kc_set_b,720575940615320076,left,0.0
kc_set_b,720575940615323990,right,0.0
kc_set_b,720575940615332418,left,0.0
kc_set_b,720575940615332674,left,0.0
kc_set_b,720575940615344315,right,0.0
kc_set_b,720575940615345339,left,0.0
kc_set_b,720575940615346363,right,0.0
kc_set_b,720575940615356347,right,0.0
kc_set_b,720575940615358038,left,0.0
kc_set_b,720575940615373398,right,0.0
kc_set_b,720575940615386324,right,0.0
kc_set_b,720575940615395414,left,0.0
kc_set_b,720575940615401433,right,0.0
kc_set_b,720575940615405378,left,0.0
kc_set_b,720575940615409625,right,0.0
kc_set_b,720575940615447764,right,0.0
kc_set_b,720575940615448793,right,0.0
kc_set_b,720575940615456985,right,0.0
kc_set_b,720575940615465433,right,0.0
kc_set_b,720575940615476667,right,0.0
kc_set_b,720575940615481489,right,0.0
kc_set_b,720575940615507641,right,0.0
kc_set_b,720575940615520086,left,0.0
kc_set_b,720575940615527995,left,0.0
kc_set_b,720575940615528251,left,0.0
kc_set_b,720575940615539385,right,0.0
kc_set_b,720575940615543995,left,0.0
kc_set_b,720575940615544249,right,0.0
kc_set_b,720575940615569723,right,0.0
kc_set_b,720575940615571601,right,0.0
kc_set_b,720575940615577542,left,0.0
kc_set_b,720575940615604363,left,0.0
kc_set_b,720575940615608123,right,0.0
kc_set_b,720575940615638540,left,0.0
kc_set_b,720575940615651014,right,0.0
kc_set_b,720575940615671494,right,0.0
kc_set_b,720575940615696070,right,0.0
kc_set_b,720575940615713292,left,0.0
kc_set_b,720575940615714060,right,0.0
kc_set_b,720575940615717009,left,0.0
kc_set_b,720575940615728102,right,0.0
kc_set_b,720575940615737531,right,0.0
kc_set_b,720575940615754613,left,0.0
kc_set_b,720575940615755921,left,0.0
kc_set_b,720575940615764422,right,0.0
kc_set_b,720575940615768693,right,0.0
kc_set_b,720575940615780353,right,0.0
kc_set_b,720575940615783837,right,0.0
kc_set_b,720575940615785228,right,0.0
kc_set_b,720575940615798540,right,0.0
kc_set_b,720575940615800076,left,0.0
kc_set_b,720575940615816754,right,0.0
kc_set_b,720575940615830877,left,0.0
kc_set_b,720575940615832577,right,0.0
kc_set_b,720575940615838662,right,0.0
kc_set_b,720575940615839174,left,0.0
kc_set_b,720575940615839581,left,0.0
kc_set_b,720575940615846237,left,0.0
kc_set_b,720575940615847005,left,0.0
kc_set_b,720575940615858644,left,0.0
kc_set_b,720575940615859385,left,0.0
kc_set_b,720575940615868102,left,0.0
kc_set_b,720575940615876294,right,0.0
kc_set_b,720575940615885661,left,0.0
kc_set_b,720575940615892966,left,0.0
kc_set_b,720575940615894173,right,0.0
kc_set_b,720575940615895858,left,0.0
kc_set_b,720575940615896989,right,0.0
kc_set_b,720575940615897245,right,0.0
kc_set_b,720575940615897501,right,0.0
kc_set_b,720575940615901597,right,0.0
kc_set_b,720575940615903121,left,0.0
kc_set_b,720575940615904145,left,0.0
kc_set_b,720575940615907997,right,0.0
kc_set_b,720575940615910228,right,0.0
kc_set_b,720575940615914982,left,0.0
kc_set_b,720575940615927197,right,0.0
kc_set_b,720575940615931293,right,0.0
kc_set_b,720575940615957433,left,0.0
kc_set_b,720575940615959252,left,0.0
kc_set_b,720575940615961684,right,0.0
kc_set_b,720575940615962043,left,0.0
kc_set_b,720575940615964884,right,0.0
kc_set_b,720575940615965140,right,0.0
kc_set_b,720575940615974493,right,0.0
kc_set_b,720575940615975227,right,0.0
kc_set_b,720575940615978802,left,0.0
kc_set_b,720575940615980338,left,0.0
kc_set_b,720575940615980850,left,0.0
kc_set_b,720575940616008309,left,0.0
kc_set_b,720575940616009729,left,0.0
kc_set_b,720575940616023225,left,0.0
kc_set_b,720575940616028390,left,0.0
kc_set_b,720575940616041913,right,0.0
kc_set_b,720575940616044850,right,0.0
kc_set_b,720575940616052625,right,0.0
kc_set_b,720575940616068539,left,0.0
kc_set_b,720575940616072665,left,0.0
kc_set_b,720575940616076761,right,0.0
kc_set_b,720575940616087323,right,0.0
kc_set_b,720575940616089995,left,0.0
kc_set_b,720575940616092603,left,0.0
kc_set_b,720575940616095517,right,0.0
kc_set_b,720575940616097163,right,0.0
kc_set_b,720575940616105302,right,0.0
kc_set_b,720575940616109398,right,0.0
kc_set_b,720575940616121501,left,0.0
kc_set_b,720575940616128669,left,0.0
kc_set_b,720575940616134630,left,0.0
kc_set_b,720575940616139606,left,0.0
kc_set_b,720575940616162373,right,0.0
kc_set_b,720575940616187649,left,0.0
kc_set_b,720575940616189509,right,0.0
kc_set_b,720575940616208965,right,0.0
kc_set_b,720575940616222438,right,0.0
kc_set_b,720575940616229410,left,0.0
kc_set_b,720575940616235810,left,0.0
kc_set_b,720575940616245365,right,0.0
kc_set_b,720575940616260825,left,0.0
kc_set_b,720575940616264148,left,0.0
kc_set_b,720575940616270453,left,0.0
kc_set_b,720575940616284955,left,0.0
kc_set_b,720575940616295069,left,0.0
kc_set_b,720575940616305181,left,0.0
kc_set_b,720575940616306210,right,0.0
kc_set_b,720575940616308597,right,0.0
kc_set_b,720575940616309563,left,0.0
kc_set_b,720575940616343611,left,0.0
kc_set_b,720575940616345403,right,0.0
kc_set_b,720575940616347916,left,0.0
kc_set_b,720575940616349755,left,0.0
kc_set_b,720575940616350011,right,0.0
kc_set_b,720575940616358459,left,0.0
kc_set_b,720575940616358715,left,0.0
kc_set_b,720575940616368245,left,0.0
kc_set_b,720575940616402260,left,0.0
kc_set_b,720575940616417364,left,0.0
kc_set_b,720575940616426869,left,0.0
kc_set_b,720575940616428917,left,0.0
kc_set_b,720575940616438085,left,0.0
kc_set_b,720575940616440098,right,0.0
kc_set_b,720575940616442369,left,0.0
kc_set_b,720575940616460322,left,0.0
kc_set_b,720575940616474395,left,0.0
kc_set_b,720575940616475717,left,0.0
kc_set_b,720575940616490326,left,0.0
kc_set_b,720575940616502017,left,0.0
kc_set_b,720575940616539419,left,0.0
kc_set_b,720575940616547648,right,0.0
kc_set_b,720575940616547904,right,0.0
kc_set_b,720575940616560541,left,0.0
kc_set_b,720575940616569227,right,0.0
kc_set_b,720575940616578390,left,0.0
kc_set_b,720575940616578646,right,0.0
kc_set_b,720575940616580182,left,0.0
kc_set_b,720575940616588374,left,0.0
kc_set_b,720575940616588608,right,0.0
kc_set_b,720575940616588683,right,0.0
kc_set_b,720575940616589142,left,0.0
kc_set_b,720575940616589888,right,0.0
kc_set_b,720575940616598555,left,0.0
kc_set_b,720575940616616075,right,0.0
kc_set_b,720575940616627851,left,0.0
kc_set_b,720575940616646873,left,0.0
kc_set_b,720575940616647990,right,0.0
kc_set_b,720575940616649433,left,0.0
kc_set_b,720575940616650201,left,0.0
kc_set_b,720575940616654166,left,0.0
kc_set_b,720575940616663769,left,0.0
kc_set_b,720575940616672822,right,0.0
kc_set_b,720575940616673497,left,0.0
kc_set_b,720575940616675638,right,0.0
kc_set_b,720575940616677661,right,0.0
kc_set_b,720575940616701657,left,0.0
kc_set_b,720575940616702262,right,0.0
kc_set_b,720575940616707421,left,0.0
kc_set_b,720575940616707668,left,0.0
kc_set_b,720575940616711254,left,0.0
kc_set_b,720575940616723549,right,0.0
kc_set_b,720575940616746123,right,0.0
kc_set_b,720575940616746891,left,0.0
kc_set_b,720575940616748827,left,0.0
kc_set_b,720575940616750363,left,0.0
kc_set_b,720575940616781241,right,0.0
kc_set_b,720575940616786065,left,0.0
kc_set_b,720575940616786833,left,0.0
kc_set_b,720575940616788409,left,0.0
kc_set_b,720575940616790713,left,143.4
kc_set_b,720575940616798784,left,0.0
kc_set_b,720575940616804753,left,0.0
kc_set_b,720575940616821393,right,0.0
kc_set_b,720575940616826001,left,0.0
kc_set_b,720575940616836421,left,0.0
kc_set_b,720575940616848192,right,0.0
kc_set_b,720575940616852763,left,0.0
kc_set_b,720575940616859259,right,0.0
kc_set_b,720575940616860318,right,0.0
kc_set_b,720575940616878238,right,0.0
kc_set_b,720575940616885298,right,0.0
kc_set_b,720575940616887611,left,0.0
kc_set_b,720575940616887966,right,0.0
kc_set_b,720575940616902213,left,0.0
kc_set_b,720575940616902374,left,144.8
kc_set_b,720575940616902630,left,0.0
kc_set_b,720575940616910310,right,0.0
kc_set_b,720575940616910822,left,0.0
kc_set_b,720575940616911262,right,0.0
kc_set_b,720575940616913822,right,0.0
kc_set_b,720575940616915686,left,146.8
kc_set_b,720575940616924902,left,0.0
kc_set_b,720575940616929766,left,0.0
kc_set_b,720575940616930629,left,0.0
kc_set_b,720575940616955229,right,0.0
kc_set_b,720575940616964766,right,0.0
kc_set_b,720575940617010240,left,0.0
kc_set_b,720575940617010900,left,0.0
kc_set_b,720575940617015750,left,0.0
kc_set_b,720575940617021441,right,0.0
kc_set_b,720575940617024769,left,0.0
kc_set_b,720575940617026305,left,0.0
kc_set_b,720575940617034753,right,0.0
kc_set_b,720575940617035521,left,0.0
kc_set_b,720575940617036352,left,0.0
kc_set_b,720575940617036729,right,0.0
kc_set_b,720575940617038337,left,0.0
kc_set_b,720575940617038849,left,0.0
kc_set_b,720575940617043713,left,0.0
kc_set_b,720575940617071321,right,0.0
kc_set_b,720575940617077405,right,0.0
kc_set_b,720575940617079257,right,0.0
kc_set_b,720575940617090082,right,0.0
kc_set_b,720575940617093533,right,0.0
kc_set_b,720575940617112123,left,0.0
kc_set_b,720575940617118016,right,0.0
kc_set_b,720575940617137881,left,0.0
kc_set_b,720575940617143966,left,0.0
kc_set_b,720575940617150878,left,0.0
kc_set_b,720575940617165661,left,0.0
kc_set_b,720575940617166749,right,0.0
kc_set_b,720575940617168345,left,0.0
kc_set_b,720575940617172573,left,0.0
kc_set_b,720575940617174365,left,0.0
kc_set_b,720575940617175413,left,0.0
kc_set_b,720575940617176413,right,0.0
kc_set_b,720575940617178717,left,0.0
kc_set_b,720575940617201113,right,0.0
kc_set_b,720575940617201501,left,0.0
kc_set_b,720575940617221403,left,0.0
kc_set_b,720575940617225083,left,0.0
kc_set_b,720575940617228315,left,0.0
kc_set_b,720575940617238457,right,0.0
kc_set_b,720575940617249108,right,0.0
kc_set_b,720575940617249364,left,0.0
kc_set_b,720575940617249629,right,0.0
kc_set_b,720575940617266833,left,0.0
kc_set_b,720575940617293201,right,0.0
kc_set_b,720575940617293268,right,0.0
kc_set_b,720575940617293396,left,0.0
kc_set_b,720575940617313846,left,0.0
kc_set_b,720575940617317305,left,149.2
kc_set_b,720575940617321243,right,0.0
kc_set_b,720575940617324433,left,0.0
kc_set_b,720575940617328477,left,0.0
kc_set_b,720575940617334228,left,0.0
kc_set_b,720575940617334430,left,0.0
kc_set_b,720575940617341597,left,0.0
kc_set_b,720575940617351057,left,0.0
kc_set_b,720575940617363156,left,0.0
kc_set_b,720575940617366969,left,0.0
kc_set_b,720575940617368532,left,0.0
kc_set_b,720575940617369017,left,0.0
kc_set_b,720575940617370324,left,0.0
kc_set_b,720575940617370909,right,0.0
kc_set_b,720575940617372957,left,0.0
kc_set_b,720575940617374262,left,0.0
kc_set_b,720575940617376980,left,0.0
kc_set_b,720575940617380241,left,0.0
kc_set_b,720575940617386708,right,0.0
kc_set_b,720575940617390036,right,0.0
kc_set_b,720575940617395412,right,0.0
kc_set_b,720575940617410205,right,0.0
kc_set_b,720575940617410705,left,0.0
kc_set_b,720575940617411451,left,0.0
kc_set_b,720575940617427713,right,0.0
kc_set_b,720575940617436305,right,0.0
kc_set_b,720575940617438865,right,0.0
kc_set_b,720575940617444219,left,0.0
kc_set_b,720575940617452689,right,0.0
kc_set_b,720575940617453457,left,0.0
kc_set_b,720575940617456614,left,0.0
kc_set_b,720575940617456798,right,0.0
kc_set_b,720575940617473051,right,0.0
kc_set_b,720575940617473748,right,0.0
kc_set_b,720575940617474629,right,0.0
kc_set_b,720575940617478427,right,0.0
kc_set_b,720575940617478961,left,0.0
kc_set_b,720575940617480934,left,0.0
kc_set_b,720575940617485083,left,0.0
kc_set_b,720575940617492805,right,0.0
kc_set_b,720575940617493222,left,0.0
kc_set_b,720575940617497925,left,0.0
kc_set_b,720575940617503974,left,0.0
kc_set_b,720575940617514726,right,0.0
kc_set_b,720575940617516760,right,0.0
kc_set_b,720575940617529318,right,0.0
kc_set_b,720575940617534235,left,0.0
kc_set_b,720575940617534438,left,0.0
kc_set_b,720575940617540838,left,0.0
kc_set_b,720575940617567390,left,0.0
kc_set_b,720575940617576422,right,0.0
kc_set_b,720575940617598182,left,0.0
kc_set_b,720575940617605154,right,0.0
kc_set_b,720575940617612578,right,0.0
kc_set_b,720575940617615846,left,0.0
kc_set_b,720575940617623632,left,0.0
kc_set_b,720575940617628962,right,0.0
kc_set_b,720575940617648507,left,0.0
kc_set_b,720575940617649969,right,0.0
kc_set_b,720575940617650481,right,0.0
kc_set_b,720575940617650722,right,0.0
kc_set_b,720575940617672139,right,0.0
kc_set_b,720575940617677784,left,0.0
kc_set_b,720575940617687330,left,0.0
kc_set_b,720575940617692962,left,0.0
kc_set_b,720575940617696769,left,0.0
kc_set_b,720575940617708747,right,0.0
kc_set_b,720575940617713206,left,0.0
kc_set_b,720575940617717917,left,0.0
kc_set_b,720575940617727435,right,0.0
kc_set_b,720575940617734603,right,0.0
kc_set_b,720575940617750173,right,0.0
kc_set_b,720575940617756450,right,0.0
kc_set_b,720575940617766228,right,0.0
kc_set_b,720575940617769217,right,0.0
kc_set_b,720575940617771421,left,0.0
kc_set_b,720575940617771521,right,0.0
kc_set_b,720575940617792596,left,0.0
kc_set_b,720575940617795073,left,0.0
kc_set_b,720575940617807517,right,0.0
kc_set_b,720575940617811540,right,0.0
kc_set_b,720575940617814429,right,0.0
kc_set_b,720575940617820929,left,0.0
kc_set_b,720575940617825344,left,0.0
kc_set_b,720575940617834560,right,0.0
kc_set_b,720575940617845076,right,0.0
kc_set_b,720575940617849920,right,0.0
kc_set_b,720575940617853524,left,0.0
kc_set_b,720575940617854036,left,147.4
kc_set_b,720575940617855133,right,0.0
kc_set_b,720575940617856340,right,0.0
kc_set_b,720575940617857053,right,0.0
kc_set_b,720575940617865117,left,0.0
kc_set_b,720575940617865280,right,0.0
kc_set_b,720575940617866048,right,0.0
kc_set_b,720575940617871680,left,0.0
kc_set_b,720575940617873728,left,0.0
kc_set_b,720575940617873984,right,0.0
kc_set_b,720575940617874205,left,0.0
kc_set_b,720575940617876048,right,0.0
kc_set_b,720575940617876288,left,0.0
kc_set_b,720575940617877720,left,0.0
kc_set_b,720575940617878080,right,0.0
kc_set_b,720575940617893461,right,0.0
kc_set_b,720575940617899403,left,0.0
kc_set_b,720575940617902676,right,0.0
kc_set_b,720575940617908820,right,0.0
kc_set_b,720575940617911104,left,0.0
kc_set_b,720575940617911360,right,0.0
kc_set_b,720575940617922870,left,0.0
kc_set_b,720575940617924432,right,0.0
kc_set_b,720575940617926198,right,0.0
kc_set_b,720575940617931547,left,0.0
kc_set_b,720575940617937181,right,0.0
kc_set_b,720575940617937437,right,0.0
kc_set_b,720575940617940048,right,0.0
kc_set_b,720575940617940304,right,0.0
kc_set_b,720575940617941046,right,0.0
kc_set_b,720575940617942326,left,0.0
kc_set_b,720575940617954075,left,0.0
kc_set_b,720575940617957915,left,0.0
kc_set_b,720575940617957937,left,0.0
kc_set_b,720575940617959729,left,0.0
kc_set_b,720575940617963480,right,0.0
kc_set_b,720575940617972253,left,0.0
kc_set_b,720575940617973021,right,0.0
kc_set_b,720575940617982800,right,0.0
kc_set_b,720575940617989076,right,0.0
kc_set_b,720575940618015773,right,0.0
kc_set_b,720575940618021147,left,0.0
kc_set_b,720575940618036509,right,0.0
kc_set_b,720575940618036765,left,0.0
kc_set_b,720575940618075733,left,0.0
kc_set_b,720575940618106437,left,0.0
kc_set_b,720575940618110021,left,0.0
kc_set_b,720575940618112459,left,0.0
kc_set_b,720575940618125893,left,0.0
kc_set_b,720575940618131505,right,0.0
kc_set_b,720575940618132184,left,0.0
kc_set_b,720575940618133072,left,0.0
kc_set_b,720575940618148406,right,0.0
kc_set_b,720575940618150736,left,0.0
kc_set_b,720575940618158160,left,0.0
kc_set_b,720575940618163013,left,0.0
kc_set_b,720575940618181445,left,0.0
kc_set_b,720575940618182535,right,0.0
kc_set_b,720575940618182981,right,0.0
kc_set_b,720575940618183559,right,0.0
kc_set_b,720575940618184839,right,0.0
kc_set_b,720575940618185296,left,0.0
kc_set_b,720575940618190160,left,0.0
kc_set_b,720575940618190238,right,0.0
kc_set_b,720575940618194708,right,0.0
kc_set_b,720575940618198721,right,0.0
kc_set_b,720575940618201620,right,0.0
kc_set_b,720575940618203783,right,0.0
kc_set_b,720575940618210251,right,0.0
kc_set_b,720575940618211742,left,0.0
kc_set_b,720575940618223518,left,0.0
kc_set_b,720575940618224709,right,0.0
kc_set_b,720575940618225566,left,0.0
kc_set_b,720575940618226085,right,0.0
kc_set_b,720575940618226245,right,0.0
kc_set_b,720575940618245569,right,0.0
kc_set_b,720575940618258742,right,0.0
kc_set_b,720575940618266491,right,0.0
kc_set_b,720575940618266747,right,0.0
kc_set_b,720575940618266900,right,0.0
kc_set_b,720575940618277681,left,0.0
kc_set_b,720575940618292785,left,0.0
kc_set_b,720575940618292939,right,0.0
kc_set_b,720575940618293589,left,147.2
kc_set_b,720575940618294853,left,0.0
kc_set_b,720575940618299712,right,0.0
kc_set_b,720575940618306112,right,0.0
kc_set_b,720575940618306718,left,0.0
kc_set_b,720575940618326292,right,0.0
kc_set_b,720575940618334145,right,0.0
kc_set_b,720575940618337300,right,0.0
kc_set_b,720575940618337985,right,0.0
kc_set_b,720575940618339777,right,0.0
kc_set_b,720575940618341952,right,0.0
kc_set_b,720575940618349703,left,0.0
kc_set_b,720575940618353186,left,0.0
kc_set_b,720575940618359745,right,0.0
kc_set_b,720575940618371777,right,0.0
kc_set_b,720575940618376327,left,0.0
kc_set_b,720575940618379723,left,0.0
kc_set_b,720575940618394453,right,0.0
kc_set_b,720575940618396399,right,0.0
kc_set_b,720575940618400459,left,0.0
kc_set_b,720575940618407589,left,0.0
kc_set_b,720575940618418085,left,0.0
kc_set_b,720575940618419776,right,0.0
kc_set_b,720575940618422592,right,0.0
kc_set_b,720575940618425246,left,0.0
kc_set_b,720575940618427712,left,0.0
kc_set_b,720575940618436672,right,0.0
kc_set_b,720575940618464379,left,0.0
kc_set_b,720575940618469725,left,0.0
kc_set_b,720575940618470383,right,0.0
kc_set_b,720575940618473808,left,0.0
kc_set_b,720575940618492224,left,0.0
kc_set_b,720575940618497216,right,0.0
kc_set_b,720575940618506155,right,0.0
kc_set_b,720575940618510868,left,0.0
kc_set_b,720575940618517440,right,0.0
kc_set_b,720575940618526912,right,0.0
kc_set_b,720575940618529044,left,0.0
kc_set_b,720575940618531099,left,0.0
kc_set_b,720575940618544367,right,0.0
kc_set_b,720575940618544623,right,0.0
kc_set_b,720575940618545903,right,0.0
kc_set_b,720575940618547280,right,0.0
kc_set_b,720575940618548975,right,0.0
kc_set_b,720575940618565313,left,0.0
kc_set_b,720575940618572422,right,0.0
kc_set_b,720575940618586459,right,0.0
kc_set_b,720575940618592390,right,0.0
kc_set_b,720575940618606160,left,0.0
kc_set_b,720575940618612928,left,0.0
kc_set_b,720575940618627207,right,0.0
kc_set_b,720575940618630193,left,0.0
kc_set_b,720575940618657334,right,0.0
kc_set_b,720575940618657950,right,0.0
kc_set_b,720575940618659998,left,0.0
kc_set_b,720575940618662939,right,0.0
kc_set_b,720575940618667143,right,0.0
kc_set_b,720575940618671495,right,0.0
kc_set_b,720575940618671751,right,0.0
kc_set_b,720575940618678548,left,0.0
kc_set_b,720575940618683328,left,0.0
kc_set_b,720575940618691742,right,0.0
kc_set_b,720575940618696896,left,0.0
kc_set_b,720575940618700573,left,0.0
kc_set_b,720575940618707183,left,0.0
kc_set_b,720575940618714351,left,0.0
kc_set_b,720575940618722475,left,0.0
kc_set_b,720575940618731934,left,0.0
kc_set_b,720575940618739621,right,0.0
kc_set_b,720575940618746747,right,0.0
kc_set_b,720575940618756987,left,0.0
kc_set_b,720575940618758178,right,0.0
kc_set_b,720575940618765528,right,0.0
kc_set_b,720575940618770230,right,0.0
kc_set_b,720575940618776833,right,0.0
kc_set_b,720575940618779118,right,0.0
kc_set_b,720575940618790966,left,0.0
kc_set_b,720575940618817182,right,0.0
kc_set_b,720575940618830459,left,0.0
kc_set_b,720575940618839942,left,0.0
kc_set_b,720575940618841910,right,0.0
kc_set_b,720575940618844353,right,0.0
kc_set_b,720575940618844465,left,0.0
kc_set_b,720575940618846001,right,0.0
kc_set_b,720575940618849841,right,0.0
kc_set_b,720575940618861504,left,0.0
kc_set_b,720575940618868273,left,0.0
kc_set_b,720575940618869406,left,0.0
kc_set_b,720575940618873723,right,0.0
kc_set_b,720575940618875819,left,0.0
kc_set_b,720575940618876062,right,0.0
kc_set_b,720575940618876075,left,0.0
kc_set_b,720575940618886336,left,0.0
kc_set_b,720575940618887151,left,0.0
kc_set_b,720575940618889387,left,0.0
kc_set_b,720575940618894246,right,0.0
kc_set_b,720575940618894528,left,0.0
kc_set_b,720575940618903931,left,155.4
kc_set_b,720575940618904229,left,0.0
kc_set_b,720575940618905766,right,0.0
kc_set_b,720575940618924965,left,0.0
kc_set_b,720575940618926319,left,0.0
kc_set_b,720575940618963950,left,0.0
kc_set_b,720575940618975936,left,0.0
kc_set_b,720575940618980299,right,0.0
kc_set_b,720575940618989421,right,0.0
kc_set_b,720575940618992449,right,0.0
kc_set_b,720575940618992749,right,0.0
kc_set_b,720575940618994880,right,0.0
kc_set_b,720575940618997297,right,0.0
kc_set_b,720575940619003051,left,0.0
kc_set_b,720575940619008192,left,0.0
kc_set_b,720575940619010251,left,0.0
kc_set_b,720575940619021958,left,0.0
kc_set_b,720575940619026241,right,0.0
kc_set_b,720575940619028289,right,0.0
kc_set_b,720575940619031572,left,0.0
kc_set_b,720575940619036911,right,0.0
kc_set_b,720575940619038061,right,0.0
kc_set_b,720575940619041133,right,0.0
kc_set_b,720575940619054027,right,0.0
kc_set_b,720575940619055969,right,0.0
kc_set_b,720575940619060321,right,0.0
kc_set_b,720575940619077217,right,0.0
kc_set_b,720575940619078592,right,0.0
kc_set_b,720575940619090529,right,0.0
kc_set_b,720575940619090785,right,0.0
kc_set_b,720575940619105190,left,0.0
kc_set_b,720575940619112102,left,0.0
kc_set_b,720575940619115845,right,0.0
kc_set_b,720575940619119782,left,0.0
kc_set_b,720575940619143590,left,0.0
kc_set_b,720575940619146837,left,0.0
kc_set_b,720575940619147349,right,0.0
kc_set_b,720575940619148117,left,0.0
kc_set_b,720575940619152110,left,0.0
kc_set_b,720575940619153749,left,0.0
kc_set_b,720575940619154891,right,0.0
kc_set_b,720575940619155029,right,0.0
kc_set_b,720575940619155182,left,0.0
kc_set_b,720575940619155541,left,0.0
kc_set_b,720575940619156565,right,0.0
kc_set_b,720575940619197899,left,0.0
kc_set_b,720575940619205103,left,0.0
kc_set_b,720575940619205229,left,0.0
kc_set_b,720575940619221569,left,0.0
kc_set_b,720575940619226607,left,0.0
kc_set_b,720575940619229037,left,0.0
kc_set_b,720575940619229761,left,0.0
kc_set_b,720575940619242081,left,0.0
kc_set_b,720575940619245121,left,0.0
kc_set_b,720575940619245648,left,0.0
kc_set_b,720575940619247713,left,0.0
kc_set_b,720575940619249318,left,0.0
kc_set_b,720575940619250785,left,0.0
kc_set_b,720575940619254448,right,0.0
kc_set_b,720575940619259374,left,0.0
kc_set_b,720575940619259477,right,0.0
kc_set_b,720575940619259886,left,0.0
kc_set_b,720575940619260737,left,0.0
kc_set_b,720575940619271384,right,0.0
kc_set_b,720575940619272920,left,0.0
kc_set_b,720575940619274456,left,0.0
kc_set_b,720575940619297073,left,0.0
kc_set_b,720575940619298865,left,0.0
kc_set_b,720575940619305808,right,0.0
kc_set_b,720575940619311286,left,0.0
kc_set_b,720575940619319512,left,0.0
kc_set_b,720575940619336942,right,0.0
kc_set_b,720575940619353766,left,0.0
kc_set_b,720575940619354417,left,0.0
kc_set_b,720575940619355185,left,0.0
kc_set_b,720575940619357275,left,0.0
kc_set_b,720575940619358001,left,0.0
kc_set_b,720575940619358257,right,0.0
kc_set_b,720575940619369198,right,0.0
kc_set_b,720575940619375701,right,0.0
kc_set_b,720575940619382833,left,0.0
kc_set_b,720575940619382875,right,0.0
kc_set_b,720575940619404214,right,0.0
kc_set_b,720575940619404982,right,0.0
kc_set_b,720575940619412596,right,0.0
kc_set_b,720575940619414132,right,0.0
kc_set_b,720575940619421505,left,0.0
kc_set_b,720575940619423398,left,0.0
kc_set_b,720575940619430326,right,0.0
kc_set_b,720575940619434887,right,0.0
kc_set_b,720575940619435399,right,0.0
kc_set_b,720575940619439792,left,0.0
kc_set_b,720575940619443376,left,0.0
kc_set_b,720575940619444139,right,0.0
kc_set_b,720575940619463088,left,0.0
kc_set_b,720575940619465904,left,0.0
kc_set_b,720575940619466416,left,0.0
kc_set_b,720575940619472225,left,0.0
kc_set_b,720575940619475376,left,0.0
kc_set_b,720575940619477809,left,0.0
kc_set_b,720575940619487414,right,0.0
kc_set_b,720575940619495664,right,0.0
kc_set_b,720575940619509744,right,0.0
kc_set_b,720575940619509925,left,0.0
kc_set_b,720575940619511206,left,0.0
kc_set_b,720575940619516144,right,0.0
kc_set_b,720575940619519909,right,0.0
kc_set_b,720575940619527845,left,0.0
kc_set_b,720575940619535563,right,0.0
kc_set_b,720575940619556437,right,0.0
kc_set_b,720575940619587009,right,0.0
kc_set_b,720575940619597761,right,0.0
kc_set_b,720575940619599213,left,0.0
kc_set_b,720575940619604134,left,0.0
kc_set_b,720575940619616193,left,0.0
kc_set_b,720575940619630207,right,0.0
kc_set_b,720575940619637845,left,0.0
kc_set_b,720575940619640149,left,0.0
kc_set_b,720575940619649109,left,0.0
kc_set_b,720575940619651019,right,0.0
kc_set_b,720575940619652555,right,0.0
kc_set_b,720575940619658433,right,0.0
kc_set_b,720575940619659969,left,0.0
kc_set_b,720575940619665023,right,0.0
kc_set_b,720575940619667041,left,0.0
kc_set_b,720575940619668053,right,0.0
kc_set_b,720575940619668212,right,0.0
kc_set_b,720575940619668577,left,0.0
kc_set_b,720575940619672656,right,0.0
kc_set_b,720575940619673936,right,0.0
kc_set_b,720575940619682625,right,0.0
kc_set_b,720575940619684299,left,0.0
kc_set_b,720575940619684688,right,0.0
kc_set_b,720575940619693003,right,0.0
kc_set_b,720575940619695553,right,0.0
kc_set_b,720575940619695809,right,0.0
kc_set_b,720575940619695860,right,0.0
kc_set_b,720575940619696660,left,0.0
kc_set_b,720575940619701631,right,0.0
kc_set_b,720575940619704656,left,0.0
kc_set_b,720575940619705983,right,0.0
kc_set_b,720575940619713200,right,0.0
kc_set_b,720575940619722576,right,0.0
kc_set_b,720575940619723088,right,0.0
kc_set_b,720575940619723979,left,0.0
kc_set_b,720575940619731392,right,0.0
kc_set_b,720575940619734720,left,0.0
kc_set_b,720575940619742144,left,0.0
kc_set_b,720575940619742656,right,0.0
kc_set_b,720575940619743680,left,0.0
kc_set_b,720575940619744960,right,0.0
kc_set_b,720575940619754734,left,0.0
kc_set_b,720575940619756148,left,156.6
kc_set_b,720575940619766613,left,0.0
kc_set_b,720575940619769008,right,0.0
kc_set_b,720575940619770228,left,0.0
kc_set_b,720575940619777520,left,0.0
kc_set_b,720575940619778645,right,0.0
kc_set_b,720575940619781620,right,0.0
kc_set_b,720575940619793012,left,0.0
kc_set_b,720575940619794512,right,0.0
kc_set_b,720575940619795883,right,0.0
kc_set_b,720575940619802539,right,0.0
kc_set_b,720575940619808756,right,0.0
kc_set_b,720575940619809263,left,0.0
kc_set_b,720575940619813637,right,0.0
kc_set_b,720575940619825237,left,0.0
kc_set_b,720575940619828359,right,0.0
kc_set_b,720575940619834965,right,0.0
kc_set_b,720575940619835733,left,0.0
kc_set_b,720575940619842580,right,0.0
kc_set_b,720575940619855696,left,0.0
kc_set_b,720575940619856822,left,0.0
kc_set_b,720575940619863174,right,0.0
kc_set_b,720575940619864912,right,0.0
kc_set_b,720575940619866657,right,0.0
kc_set_b,720575940619872372,right,0.0
kc_set_b,720575940619876702,right,0.0
kc_set_b,720575940619895329,right,0.0
kc_set_b,720575940619896581,right,0.0
kc_set_b,720575940619897734,right,0.0
kc_set_b,720575940619898759,left,0.0
kc_set_b,720575940619899527,left,141.4
kc_set_b,720575940619901063,left,0.0
kc_set_b,720575940619902343,left,0.0
kc_set_b,720575940619906987,left,0.0
kc_set_b,720575940619916720,left,0.0
kc_set_b,720575940619936639,left,0.0
kc_set_b,720575940619937718,right,0.0
kc_set_b,720575940619938998,right,0.0
kc_set_b,720575940619942320,left,0.0
kc_set_b,720575940619949040,left,0.0
kc_set_b,720575940619954091,right,0.0
kc_set_b,720575940619960926,right,0.0
kc_set_b,720575940619964916,left,0.0
kc_set_b,720575940619965684,left,0.0
kc_set_b,720575940619967879,right,0.0
kc_set_b,720575940619968647,left,0.0
kc_set_b,720575940619970586,right,0.0
kc_set_b,720575940619971009,left,0.0
kc_set_b,720575940619974689,right,0.0
kc_set_b,720575940619977566,right,0.0
kc_set_b,720575940619978266,right,0.0
kc_set_b,720575940619985140,left,0.0
kc_set_b,720575940619994759,right,0.0
kc_set_b,720575940619995418,right,0.0
kc_set_b,720575940620002036,left,0.0
kc_set_b,720575940620004129,right,0.0
kc_set_b,720575940620007457,right,0.0
kc_set_b,720575940620012321,right,0.0
kc_set_b,720575940620020257,right,0.0
kc_set_b,720575940620020769,right,0.0
kc_set_b,720575940620029575,left,0.0
kc_set_b,720575940620036385,right,0.0
kc_set_b,720575940620039589,right,0.0
kc_set_b,720575940620039956,right,0.0
kc_set_b,720575940620041125,right,0.0
kc_set_b,720575940620042375,right,0.0
kc_set_b,720575940620045061,left,0.0
kc_set_b,720575940620051580,right,0.0
kc_set_b,720575940620054277,left,0.0
kc_set_b,720575940620055790,right,0.0
kc_set_b,720575940620058236,right,0.0
kc_set_b,720575940620058350,left,0.0
kc_set_b,720575940620059045,right,0.0
kc_set_b,720575940620073606,right,0.0
kc_set_b,720575940620079856,right,0.0
kc_set_b,720575940620109191,right,0.0
kc_set_b,720575940620124028,right,0.0
kc_set_b,720575940620126076,right,0.0
kc_set_b,720575940620143525,right,0.0
kc_set_b,720575940620153876,right,0.0
kc_set_b,720575940620154206,left,0.0
kc_set_b,720575940620156692,left,0.0
kc_set_b,720575940620172272,left,0.0
kc_set_b,720575940620172397,right,0.0
kc_set_b,720575940620176237,right,0.0
kc_set_b,720575940620177517,left,0.0
kc_set_b,720575940620179309,left,0.0
kc_set_b,720575940620179821,right,0.0
kc_set_b,720575940620182399,left,155.4
kc_set_b,720575940620187305,right,0.0
kc_set_b,720575940620196336,left,0.0
kc_set_b,720575940620197658,left,0.0
kc_set_b,720575940620200709,left,147.4
kc_set_b,720575940620205951,right,0.0
kc_set_b,720575940620210854,left,0.0
kc_set_b,720575940620210857,right,0.0
kc_set_b,720575940620211622,right,0.0
kc_set_b,720575940620223398,right,0.0
kc_set_b,720575940620225264,left,0.0
kc_set_b,720575940620226470,left,0.0
kc_set_b,720575940620226729,right,0.0
kc_set_b,720575940620227617,left,0.0
kc_set_b,720575940620229729,left,0.0
kc_set_b,720575940620230497,right,0.0
kc_set_b,720575940620232363,right,0.0
kc_set_b,720575940620235968,right,0.0
kc_set_b,720575940620236270,left,0.0
kc_set_b,720575940620263233,left,0.0
kc_set_b,720575940620268123,left,0.0
kc_set_b,720575940620272064,right,0.0
kc_set_b,720575940620272832,right,0.0
kc_set_b,720575940620273023,right,0.0
kc_set_b,720575940620273279,left,0.0
kc_set_b,720575940620273344,left,0.0
kc_set_b,720575940620274497,right,0.0
kc_set_b,720575940620276801,right,0.0
kc_set_b,720575940620282758,right,0.0
kc_set_b,720575940620283227,left,0.0
kc_set_b,720575940620286558,left,0.0
kc_set_b,720575940620303040,right,0.0
kc_set_b,720575940620305499,left,0.0
kc_set_b,720575940620305502,left,0.0
kc_set_b,720575940620307806,left,0.0
kc_set_b,720575940620310625,right,0.0
kc_set_b,720575940620311430,left,0.0
kc_set_b,720575940620316766,left,141.4
kc_set_b,720575940620320380,left,0.0
kc_set_b,720575940620326336,left,0.0
kc_set_b,720575940620329152,left,0.0
kc_set_b,720575940620333958,right,0.0
kc_set_b,720575940620342768,left,0.0
kc_set_b,720575940620344837,right,0.0
kc_set_b,720575940620347329,left,0.0
kc_set_b,720575940620349376,left,0.0
kc_set_b,720575940620349564,left,0.0
kc_set_b,720575940620349632,left,0.0
kc_set_b,720575940620351838,right,0.0
kc_set_b,720575940620354241,right,0.0
kc_set_b,720575940620354849,right,0.0
kc_set_b,720575940620355009,right,0.0
kc_set_b,720575940620355934,left,0.0
kc_set_b,720575940620356800,right,0.0
kc_set_b,720575940620363691,right,0.0
kc_set_b,720575940620363885,left,0.0
kc_set_b,720575940620373697,left,0.0
kc_set_b,720575940620378246,left,0.0
kc_set_b,720575940620378657,left,0.0
kc_set_b,720575940620382317,left,0.0
kc_set_b,720575940620382854,left,0.0
kc_set_b,720575940620393643,right,0.0
kc_set_b,720575940620403649,right,0.0
kc_set_b,720575940620407628,right,0.0
kc_set_b,720575940620410606,right,0.0
kc_set_b,720575940620411841,right,0.0
kc_set_b,720575940620413355,right,0.0
kc_set_b,720575940620418774,right,0.0
kc_set_b,720575940620420129,left,0.0
kc_set_b,720575940620422494,right,0.0
kc_set_b,720575940620424641,right,0.0
kc_set_b,720575940620425310,right,0.0
kc_set_b,720575940620429317,left,0.0
kc_set_b,720575940620434671,right,0.0
kc_set_b,720575940620436395,left,0.0
kc_set_b,720575940620440558,left,0.0
kc_set_b,720575940620440559,left,0.0
kc_set_b,720575940620442817,right,0.0
kc_set_b,720575940620442885,left,146.4
kc_set_b,720575940620451916,right,0.0
kc_set_b,720575940620454849,left,0.0
kc_set_b,720575940620457904,right,0.0
kc_set_b,720575940620460108,right,0.0
kc_set_b,720575940620463536,left,150.6
kc_set_b,720575940620464204,right,0.0
kc_set_b,720575940620465996,right,0.0
kc_set_b,720575940620467836,left,0.0
kc_set_b,720575940620469742,right,0.0
kc_set_b,720575940620472046,left,0.0
kc_set_b,720575940620474582,right,0.0
kc_set_b,720575940620475630,left,0.0
kc_set_b,720575940620495484,left,0.0
kc_set_b,720575940620495830,right,0.0
kc_set_b,720575940620500417,right,0.0
kc_set_b,720575940620507862,right,0.0
kc_set_b,720575940620520513,right,0.0
kc_set_b,720575940620521754,right,0.0
kc_set_b,720575940620530812,left,0.0
kc_set_b,720575940620537071,right,0.0
kc_set_b,720575940620537839,left,0.0
kc_set_b,720575940620544182,left,0.0
kc_set_b,720575940620551901,right,0.0
kc_set_b,720575940620567661,left,0.0
kc_set_b,720575940620572125,right,0.0
kc_set_b,720575940620576494,right,0.0
kc_set_b,720575940620577652,right,0.0
kc_set_b,720575940620578269,right,0.0
kc_set_b,720575940620588653,right,0.0
kc_set_b,720575940620589677,left,0.0
kc_set_b,720575940620591273,left,0.0
kc_set_b,720575940620594415,left,0.0
kc_set_b,720575940620600700,right,0.0
kc_set_b,720575940620603245,right,0.0
kc_set_b,720575940620607982,right,0.0
kc_set_b,720575940620608238,right,0.0
kc_set_b,720575940620611822,left,0.0
kc_set_b,720575940620612590,left,0.0
kc_set_b,720575940620623201,left,0.0
kc_set_b,720575940620623725,left,0.0
kc_set_b,720575940620649084,right,0.0
kc_set_b,720575940620652214,left,0.0
kc_set_b,720575940620653377,left,0.0
kc_set_b,720575940620655169,right,0.0
kc_set_b,720575940620659489,left,0.0
kc_set_b,720575940620682662,right,0.0
kc_set_b,720575940620682934,right,0.0
kc_set_b,720575940620684014,left,0.0
kc_set_b,720575940620684156,right,0.0
kc_set_b,720575940620685436,right,0.0
kc_set_b,720575940620686761,right,0.0
kc_set_b,720575940620700769,right,0.0
kc_set_b,720575940620713129,right,0.0
kc_set_b,720575940620734305,left,0.0
kc_set_b,720575940620737121,left,0.0
kc_set_b,720575940620741485,right,0.0
kc_set_b,720575940620746093,right,0.0
kc_set_b,720575940620746662,left,0.0
kc_set_b,720575940620754529,right,0.0
kc_set_b,720575940620759105,left,0.0
kc_set_b,720575940620767709,left,0.0
kc_set_b,720575940620774977,left,0.0
kc_set_b,720575940620775233,left,0.0
kc_set_b,720575940620779841,left,0.0
kc_set_b,720575940620810316,left,0.0
kc_set_b,720575940620811073,right,0.0
kc_set_b,720575940620811340,left,0.0
kc_set_b,720575940620813478,right,0.0
kc_set_b,720575940620816961,right,0.0
kc_set_b,720575940620822593,right,0.0
kc_set_b,720575940620823617,left,0.0
kc_set_b,720575940620827713,right,0.0
kc_set_b,720575940620828912,right,0.0
kc_set_b,720575940620831949,right,0.0
kc_set_b,720575940620834544,left,0.0
kc_set_b,720575940620850017,left,0.0
kc_set_b,720575940620862273,right,0.0
kc_set_b,720575940620880333,right,0.0
kc_set_b,720575940620883917,right,0.0
kc_set_b,720575940620889153,left,0.0
kc_set_b,720575940620889302,left,0.0
kc_set_b,720575940620892877,right,0.0
kc_set_b,720575940620896588,left,0.0
kc_set_b,720575940620904780,right,0.0
kc_set_b,720575940620905174,left,0.0
kc_set_b,720575940620923980,right,0.0
kc_set_b,720575940620929238,left,0.0
kc_set_b,720575940620931750,right,0.0
kc_set_b,720575940620932684,right,0.0
kc_set_b,720575940620936870,right,0.0
kc_set_b,720575940620936925,left,0.0
kc_set_b,720575940620947981,right,0.0
kc_set_b,720575940620948340,left,0.0
kc_set_b,720575940620955149,right,0.0
kc_set_b,720575940620955357,left,0.0
kc_set_b,720575940620955613,left,0.0
kc_set_b,720575940620956173,right,0.0
kc_set_b,720575940620959256,right,0.0
kc_set_b,720575940620973848,right,0.0
kc_set_b,720575940620996621,right,0.0
kc_set_b,720575940620998424,right,0.0
kc_set_b,720575940621000180,left,0.0
kc_set_b,720575940621005044,right,0.0
kc_set_b,720575940621010804,right,0.0
kc_set_b,720575940621017840,right,0.0
kc_set_b,720575940621017921,right,0.0
kc_set_b,720575940621019457,right,0.0
kc_set_b,720575940621022836,left,0.0
kc_set_b,720575940621023041,right,0.0
kc_set_b,720575940621023297,right,0.0
kc_set_b,720575940621023809,right,0.0
kc_set_b,720575940621044701,right,0.0
kc_set_b,720575940621051312,left,0.0
kc_set_b,720575940621051468,left,0.0
kc_set_b,720575940621056577,right,0.0
kc_set_b,720575940621071203,right,0.0
kc_set_b,720575940621073117,right,0.0
kc_set_b,720575940621073840,right,0.0
kc_set_b,720575940621076429,left,0.0
kc_set_b,720575940621083085,left,0.0
kc_set_b,720575940621084771,right,0.0
kc_set_b,720575940621086134,right,0.0
kc_set_b,720575940621087408,right,0.0
kc_set_b,720575940621090659,right,0.0
kc_set_b,720575940621094093,left,0.0
kc_set_b,720575940621094527,right,0.0
kc_set_b,720575940621097855,left,0.0
kc_set_b,720575940621121140,right,0.0
kc_set_b,720575940621121206,right,0.0
kc_set_b,720575940621122164,left,0.0
kc_set_b,720575940621129181,right,0.0
kc_set_b,720575940621146294,right,0.0
kc_set_b,720575940621146956,right,0.0
kc_set_b,720575940621149812,left,0.0
kc_set_b,720575940621162416,right,0.0
kc_set_b,720575940621163021,left,0.0
kc_set_b,720575940621163636,right,0.0
kc_set_b,720575940621167030,left,0.0
kc_set_b,720575940621174192,right,0.0
kc_set_b,720575940621174704,right,0.0
kc_set_b,720575940621174742,left,0.0
kc_set_b,720575940621174960,left,0.0
kc_set_b,720575940621175472,right,0.0
kc_set_b,720575940621176670,right,0.0
kc_set_b,720575940621178206,right,0.0
kc_set_b,720575940621179230,left,0.0
kc_set_b,720575940621183768,left,0.0
kc_set_b,720575940621187166,left,0.0
kc_set_b,720575940621189637,right,0.0
kc_set_b,720575940621202608,left,0.0
kc_set_b,720575940621203376,right,0.0
kc_set_b,720575940621207216,right,0.0
kc_set_b,720575940621225910,right,0.0
kc_set_b,720575940621228894,right,0.0
kc_set_b,720575940621230430,right,0.0
kc_set_b,720575940621236406,left,0.0
kc_set_b,720575940621250486,right,0.0
kc_set_b,720575940621259800,left,152.0
kc_set_b,720575940621280545,left,0.0
kc_set_b,720575940621280801,left,0.0
kc_set_b,720575940621288225,right,0.0
kc_set_b,720575940621290017,right,0.0
kc_set_b,720575940621296639,right,0.0
kc_set_b,720575940621312033,left,0.0
kc_set_b,720575940621321001,right,0.0
kc_set_b,720575940621321412,right,0.0
kc_set_b,720575940621322534,right,0.0
kc_set_b,720575940621331621,left,0.0
kc_set_b,720575940621332574,left,0.0
kc_set_b,720575940621334980,right,0.0
kc_set_b,720575940621351876,right,0.0
kc_set_b,720575940621357147,right,0.0
kc_set_b,720575940621358472,left,0.0
kc_set_b,720575940621358984,left,0.0
kc_set_b,720575940621359142,right,0.0
kc_set_b,720575940621376196,right,0.0
kc_set_b,720575940621382852,right,0.0
kc_set_b,720575940621388301,left,0.0
kc_set_b,720575940621389764,right,0.0
kc_set_b,720575940621391636,right,0.0
kc_set_b,720575940621392901,left,0.0
kc_set_b,720575940621400163,left,0.0
kc_set_b,720575940621403844,right,0.0
kc_set_b,720575940621411822,left,0.0
kc_set_b,720575940621413158,right,0.0
kc_set_b,720575940621413670,right,0.0
kc_set_b,720575940621413926,right,0.0
kc_set_b,720575940621415885,right,0.0
kc_set_b,720575940621419032,left,0.0
kc_set_b,720575940621422104,left,0.0
kc_set_b,720575940621444777,left,0.0
kc_set_b,720575940621444877,left,0.0
kc_set_b,720575940621447704,left,0.0
kc_set_b,720575940621457577,left,0.0
kc_set_b,720575940621460645,right,0.0
kc_set_b,720575940621462797,right,0.0
kc_set_b,720575940621471732,right,0.0
kc_set_b,720575940621475085,right,0.0
kc_set_b,720575940621477402,right,0.0
kc_set_b,720575940621487088,left,0.0
kc_set_b,720575940621491696,right,0.0
kc_set_b,720575940621504269,right,0.0
kc_set_b,720575940621507475,right,0.0
kc_set_b,720575940621513165,left,0.0
kc_set_b,720575940621516179,right,0.0
kc_set_b,720575940621518218,right,0.0
kc_set_b,720575940621521663,left,0.0
kc_set_b,720575940621527337,left,0.0
kc_set_b,720575940621529215,right,0.0
kc_set_b,720575940621529980,right,0.0
kc_set_b,720575940621538431,right,0.0
kc_set_b,720575940621541514,right,0.0
kc_set_b,720575940621545968,left,0.0
kc_set_b,720575940621549592,left,0.0
kc_set_b,720575940621552116,right,0.0
kc_set_b,720575940621552372,left,0.0
kc_set_b,720575940621553535,right,0.0
kc_set_b,720575940621554815,right,0.0
kc_set_b,720575940621554968,right,0.0
kc_set_b,720575940621557859,left,0.0
kc_set_b,720575940621560052,right,0.0
kc_set_b,720575940621561226,right,0.0
kc_set_b,720575940621567472,right,0.0
kc_set_b,720575940621574026,right,0.0
kc_set_b,720575940621576063,left,0.0
kc_set_b,720575940621577152,left,0.0
kc_set_b,720575940621581802,right,0.0
kc_set_b,720575940621590250,right,0.0
kc_set_b,720575940621594723,right,0.0
kc_set_b,720575940621597678,left,0.0
kc_set_b,720575940621606755,right,0.0
kc_set_b,720575940621612159,left,0.0
kc_set_b,720575940621614118,left,0.0
kc_set_b,720575940621616776,left,0.0
kc_set_b,720575940621626406,left,0.0
kc_set_b,720575940621646728,left,0.0
kc_set_b,720575940621648008,right,0.0
kc_set_b,720575940621650116,left,0.0
kc_set_b,720575940621650303,left,0.0
kc_set_b,720575940621658502,right,0.0
kc_set_b,720575940621661197,left,0.0
kc_set_b,720575940621680133,right,0.0
kc_set_b,720575940621688926,right,0.0
kc_set_b,720575940621692440,left,0.0
kc_set_b,720575940621700190,right,0.0
kc_set_b,720575940621708638,left,0.0
kc_set_b,720575940621709132,right,0.0
kc_set_b,720575940621716067,left,0.0
kc_set_b,720575940621720959,left,0.0
kc_set_b,720575940621728214,left,0.0
kc_set_b,720575940621728844,left,0.0
kc_set_b,720575940621729171,left,0.0
kc_set_b,720575940621730175,left,0.0
kc_set_b,720575940621730687,right,0.0
kc_set_b,720575940621736662,left,0.0
kc_set_b,720575940621741971,left,0.0
kc_set_b,720575940621749253,left,0.0
kc_set_b,720575940621762330,right,0.0
kc_set_b,720575940621763475,left,0.0
kc_set_b,720575940621763767,right,0.0
kc_set_b,720575940621764385,left,0.0
kc_set_b,720575940621767977,left,0.0
kc_set_b,720575940621770010,right,0.0
kc_set_b,720575940621784298,left,0.0
kc_set_b,720575940621784926,left,0.0
kc_set_b,720575940621786295,right,0.0
kc_set_b,720575940621786602,left,0.0
kc_set_b,720575940621786807,right,0.0
kc_set_b,720575940621791356,right,0.0
kc_set_b,720575940621796390,left,0.0
kc_set_b,720575940621802751,right,0.0
kc_set_b,720575940621807300,left,0.0
kc_set_b,720575940621809246,right,0.0
kc_set_b,720575940621810871,right,0.0
kc_set_b,720575940621812006,left,0.0
kc_set_b,720575940621817322,left,0.0
kc_set_b,720575940621819739,left,0.0
kc_set_b,720575940621829813,right,0.0
kc_set_b,720575940621832542,right,0.0
kc_set_b,720575940621837601,right,0.0
kc_set_b,720575940621839086,right,0.0
kc_set_b,720575940621845018,right,0.0
kc_set_b,720575940621851174,left,0.0
kc_set_b,720575940621853353,left,0.0
kc_set_b,720575940621857313,right,0.0
kc_set_b,720575940621862405,left,0.0
kc_set_b,720575940621863006,right,0.0
kc_set_b,720575940621864965,right,0.0
kc_set_b,720575940621866861,right,0.0
kc_set_b,720575940621869918,right,0.0
kc_set_b,720575940621871484,right,0.0
kc_set_b,720575940621872645,right,0.0
kc_set_b,720575940621873246,right,0.0
kc_set_b,720575940621876830,left,0.0
kc_set_b,720575940621878021,right,0.0
kc_set_b,720575940621879557,left,0.0
kc_set_b,720575940621880541,left,145.2
kc_set_b,720575940621880609,left,0.0
kc_set_b,720575940621882401,right,0.0
kc_set_b,720575940621885191,right,0.0
kc_set_b,720575940621887270,right,0.0
kc_set_b,720575940621888169,right,0.0
kc_set_b,720575940621892122,right,0.0
kc_set_b,720575940621892829,right,0.0
kc_set_b,720575940621897249,right,0.0
kc_set_b,720575940621906345,right,0.0
kc_set_b,720575940621912346,left,0.0
kc_set_b,720575940621913897,right,0.0
kc_set_b,720575940621919428,right,0.0
kc_set_b,720575940621920452,right,0.0
kc_set_b,720575940621920746,left,0.0
kc_set_b,720575940621922398,right,0.0
kc_set_b,720575940621922654,left,0.0
kc_set_b,720575940621922910,left,0.0
kc_set_b,720575940621924103,right,0.0
kc_set_b,720575940621924615,right,0.0
kc_set_b,720575940621925417,right,0.0
kc_set_b,720575940621925726,left,0.0
kc_set_b,720575940621935850,left,0.0
kc_set_b,720575940621936362,left,0.0
kc_set_b,720575940621943977,left,0.0
kc_set_b,720575940621944583,right,0.0
kc_set_b,720575940621947486,right,0.0
kc_set_b,720575940621948554,left,0.0
kc_set_b,720575940621948810,right,0.0
kc_set_b,720575940621951453,right,0.0
kc_set_b,720575940621952425,left,0.0
kc_set_b,720575940621957267,left,145.0
kc_set_b,720575940621966369,left,0.0
kc_set_b,720575940621966827,left,0.0
kc_set_b,720575940621973018,right,0.0
kc_set_b,720575940621973274,left,0.0
kc_set_b,720575940621983777,right,0.0
kc_set_b,720575940621987255,right,0.0
kc_set_b,720575940621997921,left,0.0
kc_set_b,720575940621999044,right,0.0
kc_set_b,720575940622001020,left,0.0
kc_set_b,720575940622003316,right,0.0
kc_set_b,720575940622005025,right,0.0
kc_set_b,720575940622006506,left,0.0
kc_set_b,720575940622013097,left,0.0
kc_set_b,720575940622013564,right,0.0
kc_set_b,720575940622015612,left,0.0
kc_set_b,720575940622017148,left,0.0
kc_set_b,720575940622022583,left,0.0
kc_set_b,720575940622023262,right,0.0
kc_set_b,720575940622045865,left,0.0
kc_set_b,720575940622050186,right,0.0
kc_set_b,720575940622054340,left,0.0
kc_set_b,720575940622060426,left,0.0
kc_set_b,720575940622061803,right,0.0
kc_set_b,720575940622064041,left,144.0
kc_set_b,720575940622064809,left,0.0
kc_set_b,720575940622067113,right,0.0
kc_set_b,720575940622075274,right,0.0
kc_set_b,720575940622078249,right,0.0
kc_set_b,720575940622096589,right,0.0
kc_set_b,720575940622102763,right,0.0
kc_set_b,720575940622103275,right,0.0
kc_set_b,720575940622103974,left,0.0
kc_set_b,720575940622112636,right,0.0
kc_set_b,720575940622116428,right,0.0
kc_set_b,720575940622121991,left,0.0
kc_set_b,720575940622133206,right,0.0
kc_set_b,720575940622135501,right,0.0
kc_set_b,720575940622145277,right,0.0
kc_set_b,720575940622147148,left,0.0
kc_set_b,720575940622149196,left,0.0
kc_set_b,720575940622162505,right,0.0
kc_set_b,720575940622163197,right,0.0
kc_set_b,720575940622169471,left,0.0
kc_set_b,720575940622191177,right,0.0
kc_set_b,720575940622202807,left,0.0
kc_set_b,720575940622204157,right,0.0
kc_set_b,720575940622204669,right,0.0
kc_set_b,720575940622210892,left,0.0
kc_set_b,720575940622216009,right,0.0
kc_set_b,720575940622217033,right,0.0
kc_set_b,720575940622222921,right,0.0
kc_set_b,720575940622225811,left,0.0
kc_set_b,720575940622227381,left,0.0
kc_set_b,720575940622228812,right,0.0
kc_set_b,720575940622229836,left,0.0
kc_set_b,720575940622232458,left,0.0
kc_set_b,720575940622233235,left,0.0
kc_set_b,720575940622245708,left,0.0
kc_set_b,720575940622249949,right,0.0
kc_set_b,720575940622263510,right,0.0
kc_set_b,720575940622263832,left,0.0
kc_set_b,720575940622269365,left,0.0
kc_set_b,720575940622270307,left,141.2
kc_set_b,720575940622270391,left,0.0
kc_set_b,720575940622272076,left,0.0
kc_set_b,720575940622275079,left,0.0
kc_set_b,720575940622276365,right,0.0
kc_set_b,720575940622278157,left,0.0
kc_set_b,720575940622279095,left,0.0
kc_set_b,720575940622288152,right,0.0
kc_set_b,720575940622293091,left,0.0
kc_set_b,720575940622294808,right,0.0
kc_set_b,720575940622295832,left,0.0
kc_set_b,720575940622302488,right,0.0
kc_set_b,720575940622305304,right,0.0
kc_set_b,720575940622307051,left,0.0
kc_set_b,720575940622307096,left,0.0
kc_set_b,720575940622321251,left,0.0
kc_set_b,720575940622335112,right,0.0
kc_set_b,720575940622339549,left,0.0
kc_set_b,720575940622348424,right,0.0
kc_set_b,720575940622350472,right,0.0
kc_set_b,720575940622353622,left,0.0
kc_set_b,720575940622387677,right,0.0
kc_set_b,720575940622392790,left,0.0
kc_set_b,720575940622398728,right,0.0
kc_set_b,720575940622402311,right,0.0
kc_set_b,720575940622403030,left,0.0
kc_set_b,720575940622412838,right,0.0
kc_set_b,720575940622428087,right,0.0
kc_set_b,720575940622439704,left,0.0
kc_set_b,720575940622451273,right,0.0
kc_set_b,720575940622461149,right,0.0
kc_set_b,720575940622462472,right,0.0
kc_set_b,720575940622467293,left,0.0
kc_set_b,720575940622474165,left,144.8
kc_set_b,720575940622479880,right,0.0
kc_set_b,720575940622501611,left,0.0
kc_set_b,720575940622516715,left,0.0
kc_set_b,720575940622528951,left,0.0
kc_set_b,720575940622538461,right,0.0
kc_set_b,720575940622542007,left,0.0
kc_set_b,720575940622542517,right,0.0
kc_set_b,720575940622548487,left,0.0
kc_set_b,720575940622549759,right,0.0
kc_set_b,720575940622557022,left,0.0
kc_set_b,720575940622558941,right,0.0
kc_set_b,720575940622559669,left,0.0
kc_set_b,720575940622565887,right,0.0
kc_set_b,720575940622594601,right,0.0
kc_set_b,720575940622595827,right,0.0
kc_set_b,720575940622606315,left,0.0
kc_set_b,720575940622621164,right,0.0
kc_set_b,720575940622628104,left,0.0
kc_set_b,720575940622629193,left,0.0
kc_set_b,720575940622633203,right,0.0
kc_set_b,720575940622637548,right,0.0
kc_set_b,720575940622637804,right,0.0
kc_set_b,720575940622641132,right,0.0
kc_set_b,720575940622646980,left,0.0
kc_set_b,720575940622647501,left,0.0
kc_set_b,720575940622654444,right,0.0
kc_set_b,720575940622666933,left,0.0
kc_set_b,720575940622669508,right,0.0
kc_set_b,720575940622670835,right,0.0
kc_set_b,720575940622671613,right,0.0
kc_set_b,720575940622673703,right,0.0
kc_set_b,720575940622694182,right,0.0
kc_set_b,720575940622697196,right,0.0
kc_set_b,720575940622698825,right,0.0
kc_set_b,720575940622703654,left,0.0
kc_set_b,720575940622722485,left,0.0
kc_set_b,720575940622723683,right,0.0
kc_set_b,720575940622727572,right,0.0
kc_set_b,720575940622732493,right,0.0
kc_set_b,720575940622735615,left,0.0
kc_set_b,720575940622737812,right,0.0
kc_set_b,720575940622742477,left,0.0
kc_set_b,720575940622748868,right,0.0
kc_set_b,720575940622768152,left,0.0
kc_set_b,720575940622768266,right,0.0
kc_set_b,720575940622768397,right,0.0
kc_set_b,720575940622771082,right,0.0
kc_set_b,720575940622771338,left,0.0
kc_set_b,720575940622773784,right,0.0
kc_set_b,720575940622776013,left,0.0
kc_set_b,720575940622781389,right,0.0
kc_set_b,720575940622784611,right,0.0
kc_set_b,720575940622800589,left,0.0
kc_set_b,720575940622800653,right,0.0
kc_set_b,720575940622803850,right,0.0
kc_set_b,720575940622812003,right,0.0
kc_set_b,720575940622812808,right,0.0
kc_set_b,720575940622813418,left,0.0
kc_set_b,720575940622815684,right,0.0
kc_set_b,720575940622816234,right,0.0
kc_set_b,720575940622820330,left,0.0
kc_set_b,720575940622820586,right,0.0
kc_set_b,720575940622821325,right,0.0
kc_set_b,720575940622822378,left,146.0
kc_set_b,720575940622830856,left,0.0
kc_set_b,720575940622836237,left,0.0
kc_set_b,720575940622836455,right,0.0
kc_set_b,720575940622837482,right,0.0
kc_set_b,720575940622838797,left,0.0
kc_set_b,720575940622839956,left,0.0
kc_set_b,720575940622844003,right,0.0
kc_set_b,720575940622844903,right,0.0
kc_set_b,720575940622855560,right,0.0
kc_set_b,720575940622857447,right,0.0
kc_set_b,720575940622857801,left,0.0
kc_set_b,720575940622861960,left,0.0
kc_set_b,720575940622861971,right,0.0
kc_set_b,720575940622864920,right,0.0
kc_set_b,720575940622865907,left,0.0
kc_set_b,720575940622878477,left,0.0
kc_set_b,720575940622879245,left,0.0
kc_set_b,720575940622879501,left,0.0
kc_set_b,720575940622881805,left,0.0
kc_set_b,720575940622882829,left,0.0
kc_set_b,720575940622884499,left,0.0
kc_set_b,720575940622886925,right,0.0
kc_set_b,720575940622888205,right,0.0
kc_set_b,720575940622888456,left,0.0
kc_set_b,720575940622889997,left,0.0
kc_set_b,720575940622890509,right,0.0
kc_set_b,720575940622891277,right,0.0
kc_set_b,720575940622894349,right,0.0
kc_set_b,720575940622906867,left,0.0
kc_set_b,720575940622920328,left,0.0
kc_set_b,720575940622926472,right,0.0
kc_set_b,720575940622928397,right,0.0
kc_set_b,720575940622930957,right,0.0
kc_set_b,720575940622932809,right,0.0
kc_set_b,720575940622938637,right,0.0
kc_set_b,720575940622944461,right,0.0
kc_set_b,720575940622948872,right,0.0
kc_set_b,720575940622949069,left,0.0
kc_set_b,720575940622965944,right,0.0
kc_set_b,720575940622972365,right,0.0
kc_set_b,720575940622972686,right,0.0
kc_set_b,720575940622976973,right,0.0
kc_set_b,720575940622979475,right,0.0
kc_set_b,720575940622981646,right,0.0
kc_set_b,720575940622981902,right,0.0
kc_set_b,720575940622993800,left,0.0
kc_set_b,720575940622995080,left,0.0
kc_set_b,720575940622996104,right,0.0
kc_set_b,720575940622996360,left,0.0
kc_set_b,720575940622998920,left,0.0
kc_set_b,720575940622999944,right,0.0
kc_set_b,720575940623002087,left,0.0
kc_set_b,720575940623003016,left,0.0
kc_set_b,720575940623003917,right,0.0
kc_set_b,720575940623004429,left,0.0
kc_set_b,720575940623004685,left,0.0
kc_set_b,720575940623008440,right,0.0
kc_set_b,720575940623009416,right,0.0
kc_set_b,720575940623009549,right,0.0
kc_set_b,720575940623010253,right,0.0
kc_set_b,720575940623011720,right,0.0
kc_set_b,720575940623014328,right,0.0
kc_set_b,720575940623015694,right,0.0
kc_set_b,720575940623016644,right,0.0
kc_set_b,720575940623018986,left,0.0
kc_set_b,720575940623023544,right,0.0
kc_set_b,720575940623030015,right,0.0
kc_set_b,720575940623032004,left,0.0
kc_set_b,720575940623032781,left,0.0
kc_set_b,720575940623032970,right,0.0
kc_set_b,720575940623036415,left,0.0
kc_set_b,720575940623036903,left,0.0
kc_set_b,720575940623041772,left,0.0
kc_set_b,720575940623047660,left,0.0
kc_set_b,720575940623059080,right,0.0
kc_set_b,720575940623066406,left,0.0
kc_set_b,720575940623067114,left,0.0
kc_set_b,720575940623067942,right,0.0
kc_set_b,720575940623068308,left,0.0
kc_set_b,720575940623070868,left,0.0
kc_set_b,720575940623095276,left,0.0
kc_set_b,720575940623099943,left,0.0
kc_set_b,720575940623102396,right,0.0
kc_set_b,720575940623103487,left,0.0
kc_set_b,720575940623105023,right,0.0
kc_set_b,720575940623111463,left,0.0
kc_set_b,720575940623111679,left,0.0
kc_set_b,720575940623116012,left,0.0
kc_set_b,720575940623116585,left,0.0
kc_set_b,720575940623119871,left,0.0
kc_set_b,720575940623128359,left,0.0
kc_set_b,720575940623129087,right,0.0
kc_set_b,720575940623131433,left,0.0
kc_set_b,720575940623136499,right,0.0
kc_set_b,720575940623145513,left,0.0
kc_set_b,720575940623163844,left,0.0
kc_set_b,720575940623165636,left,0.0
kc_set_b,720575940623165737,right,0.0
kc_set_b,720575940623166471,right,0.0
kc_set_b,720575940623170055,left,0.0
kc_set_b,720575940623171268,left,0.0
kc_set_b,720575940623171847,right,0.0
kc_set_b,720575940623174953,left,0.0
kc_set_b,720575940623191334,right,0.0
kc_set_b,720575940623203012,right,0.0
kc_set_b,720575940623203767,right,0.0
kc_set_b,720575940623205303,left,0.0
kc_set_b,720575940623207108,left,0.0
kc_set_b,720575940623218666,left,0.0
kc_set_b,720575940623218687,left,0.0
kc_set_b,720575940623221161,left,0.0
kc_set_b,720575940623225284,left,0.0
kc_set_b,720575940623229927,left,0.0
kc_set_b,720575940623231428,left,0.0
kc_set_b,720575940623244180,right,0.0
kc_set_b,720575940623252164,right,0.0
kc_set_b,720575940623253994,left,0.0
kc_set_b,720575940623260540,left,0.0
kc_set_b,720575940623289831,left,0.0
kc_set_b,720575940623314765,right,0.0
kc_set_b,720575940623315347,right,0.0
kc_set_b,720575940623321226,left,0.0
kc_set_b,720575940623328231,right,0.0
kc_set_b,720575940623331210,left,0.0
kc_set_b,720575940623331475,left,0.0
kc_set_b,720575940623344821,left,0.0
kc_set_b,720575940623351443,right,0.0
kc_set_b,720575940623353013,right,0.0
kc_set_b,720575940623356493,right,0.0
kc_set_b,720575940623358645,right,0.0
kc_set_b,720575940623365045,left,0.0
kc_set_b,720575940623368644,left,0.0
kc_set_b,720575940623368940,left,158.6
kc_set_b,720575940623369412,right,0.0
kc_set_b,720575940623369668,right,0.0
kc_set_b,720575940623370180,right,0.0
kc_set_b,720575940623377555,right,0.0
kc_set_b,720575940623379091,left,0.0
kc_set_b,720575940623386506,right,0.0
kc_set_b,720575940623386762,left,0.0
kc_set_b,720575940623390186,left,0.0
kc_set_b,720575940623393002,left,0.0
kc_set_b,720575940623393038,left,0.0
kc_set_b,720575940623396093,left,0.0
kc_set_b,720575940623398397,left,0.0
kc_set_b,720575940623400189,right,0.0
kc_set_b,720575940623400445,right,0.0
kc_set_b,720575940623403773,right,0.0
kc_set_b,720575940623407850,left,0.0
kc_set_b,720575940623409959,left,0.0
kc_set_b,720575940623413898,right,0.0
kc_set_b,720575940623419389,left,0.0
kc_set_b,720575940623426633,right,0.0
kc_set_b,720575940623430365,left,0.0
kc_set_b,720575940623438571,right,0.0
kc_set_b,720575940623438665,right,0.0
kc_set_b,720575940623441387,right,0.0
kc_set_b,720575940623443859,left,0.0
kc_set_b,720575940623444203,left,0.0
kc_set_b,720575940623453991,left,0.0
kc_set_b,720575940623461134,left,0.0
kc_set_b,720575940623462072,left,0.0
kc_set_b,720575940623462328,left,0.0
kc_set_b,720575940623472201,left,0.0
kc_set_b,720575940623488270,right,0.0
kc_set_b,720575940623491069,left,0.0
kc_set_b,720575940623503111,right,0.0
kc_set_b,720575940623510762,left,0.0
kc_set_b,720575940623521806,right,0.0
kc_set_b,720575940623530474,left,0.0
kc_set_b,720575940623533645,left,0.0
kc_set_b,720575940623536205,left,0.0
kc_set_b,720575940623542972,right,0.0
kc_set_b,720575940623543303,right,0.0
kc_set_b,720575940623546638,right,0.0
kc_set_b,720575940623554748,right,0.0
kc_set_b,720575940623576909,left,0.0
kc_set_b,720575940623582904,right,0.0
kc_set_b,720575940623586999,right,0.0
kc_set_b,720575940623643832,left,0.0
kc_set_b,720575940623679495,right,0.0
kc_set_b,720575940623689148,left,0.0
kc_set_b,720575940623691920,right,0.0
kc_set_b,720575940623699207,left,0.0
kc_set_b,720575940623707656,left,0.0
kc_set_b,720575940623730509,left,0.0
kc_set_b,720575940623735310,left,0.0
kc_set_b,720575940623738807,left,0.0
kc_set_b,720575940623756215,right,0.0
kc_set_b,720575940623767991,left,0.0
kc_set_b,720575940623776437,right,0.0
kc_set_b,720575940623781965,left,0.0
kc_set_b,720575940623786421,left,0.0
kc_set_b,720575940623808693,left,0.0
kc_set_b,720575940623810487,right,0.0
kc_set_b,720575940623822261,right,0.0
kc_set_b,720575940623825077,left,0.0
kc_set_b,720575940623859127,left,0.0
kc_set_b,720575940623878327,right,0.0
kc_set_b,720575940623879312,left,0.0
kc_set_b,720575940623881801,left,0.0
kc_set_b,720575940623881872,left,149.4
kc_set_b,720575940623888461,right,0.0
kc_set_b,720575940623890890,right,0.0
kc_set_b,720575940623904181,left,0.0
kc_set_b,720575940623906633,left,0.0
kc_set_b,720575940623914679,right,0.0
kc_set_b,720575940623914954,right,0.0
kc_set_b,720575940623927444,left,0.0
kc_set_b,720575940623934100,left,0.0
kc_set_b,720575940623935159,left,0.0
kc_set_b,720575940623943316,left,0.0
kc_set_b,720575940623943572,right,0.0
kc_set_b,720575940623946988,right,0.0
kc_set_b,720575940623947500,right,0.0
kc_set_b,720575940623948617,left,0.0
kc_set_b,720575940623959881,left,0.0
kc_set_b,720575940623962516,left,0.0
kc_set_b,720575940623964820,right,0.0
kc_set_b,720575940623965513,right,0.0
kc_set_b,720575940623966612,left,0.0
kc_set_b,720575940623969684,left,0.0
kc_set_b,720575940623971819,right,0.0
kc_set_b,720575940623972756,left,0.0
kc_set_b,720575940623973961,right,0.0
kc_set_b,720575940623976521,left,0.0
kc_set_b,720575940623977545,right,0.0
kc_set_b,720575940623978789,right,0.0
kc_set_b,720575940623981385,right,0.0
kc_set_b,720575940623985189,right,0.0
kc_set_b,720575940623986469,right,0.0
kc_set_b,720575940623991333,right,0.0
kc_set_b,720575940623994701,left,0.0
kc_set_b,720575940624006477,left,0.0
kc_set_b,720575940624010569,left,0.0
kc_set_b,720575940624013309,left,0.0
kc_set_b,720575940624014077,right,0.0
kc_set_b,720575940624021483,left,0.0
kc_set_b,720575940624024555,left,0.0
kc_set_b,720575940624032264,right,0.0
kc_set_b,720575940624036339,left,0.0
kc_set_b,720575940624036656,left,0.0
kc_set_b,720575940624041447,left,0.0
kc_set_b,720575940624041545,left,0.0
kc_set_b,720575940624044873,left,0.0
kc_set_b,720575940624046153,left,0.0
kc_set_b,720575940624049661,left,0.0
kc_set_b,720575940624054675,right,0.0
kc_set_b,720575940624060048,left,0.0
kc_set_b,720575940624060208,right,0.0
kc_set_b,720575940624085739,left,0.0
kc_set_b,720575940624086251,right,0.0
kc_set_b,720575940624096039,right,0.0
kc_set_b,720575940624107706,right,0.0
kc_set_b,720575940624107755,right,0.0
kc_set_b,720575940624112058,right,0.0
kc_set_b,720575940624114494,right,0.0
kc_set_b,720575940624125114,right,0.0
kc_set_b,720575940624125584,left,0.0
kc_set_b,720575940624125626,right,0.0
kc_set_b,720575940624144107,left,0.0
kc_set_b,720575940624147976,left,0.0
kc_set_b,720575940624149256,right,0.0
kc_set_b,720575940624152357,left,0.0
kc_set_b,720575940624153608,left,0.0
kc_set_b,720575940624154632,left,0.0
kc_set_b,720575940624157675,right,0.0
kc_set_b,720575940624158352,right,0.0
kc_set_b,720575940624158650,right,0.0
kc_set_b,720575940624158906,right,0.0
kc_set_b,720575940624159376,right,0.0
kc_set_b,720575940624164104,left,0.0
kc_set_b,720575940624168712,left,0.0
kc_set_b,720575940624195559,right,0.0
kc_set_b,720575940624221488,left,0.0
kc_set_b,720575940624224526,left,0.0
kc_set_b,720575940624229322,left,0.0
kc_set_b,720575940624232974,right,0.0
kc_set_b,720575940624235448,left,0.0
kc_set_b,720575940624243388,left,0.0
kc_set_b,720575940624243982,left,0.0
kc_set_b,720575940624250160,left,0.0
kc_set_b,720575940624264462,left,0.0
kc_set_b,720575940624264718,left,0.0
kc_set_b,720575940624265572,right,0.0
kc_set_b,720575940624265998,left,0.0
kc_set_b,720575940624266936,left,0.0
kc_set_b,720575940624267022,left,0.0
kc_set_b,720575940624268080,left,0.0
kc_set_b,720575940624271716,right,0.0
kc_set_b,720575940624276784,left,0.0
kc_set_b,720575940624277040,left,0.0
kc_set_b,720575940624279527,left,0.0
kc_set_b,720575940624280979,left,0.0
kc_set_b,720575940624288520,right,0.0
kc_set_b,720575940624290539,left,0.0
kc_set_b,720575940624290855,left,0.0
kc_set_b,720575940624291728,left,0.0
kc_set_b,720575940624293048,right,0.0
kc_set_b,720575940624294072,right,0.0
kc_set_b,720575940624296376,right,0.0
kc_set_b,720575940624297278,left,0.0
kc_set_b,720575940624300984,left,0.0
kc_set_b,720575940624302008,right,0.0
kc_set_b,720575940624302520,left,0.0
kc_set_b,720575940624327196,right,0.0
kc_set_b,720575940624329146,left,0.0
kc_set_b,720575940624357413,left,0.0
kc_set_b,720575940624357669,left,0.0
kc_set_b,720575940624375088,right,0.0
kc_set_b,720575940624392220,right,0.0
kc_set_b,720575940624396524,right,0.0
kc_set_b,720575940624405228,left,0.0
kc_set_b,720575940624419820,left,0.0
kc_set_b,720575940624421148,right,0.0
kc_set_b,720575940624426533,right,0.0
kc_set_b,720575940624428019,right,0.0
kc_set_b,720575940624429036,right,0.0
kc_set_b,720575940624453868,right,0.0
kc_set_b,720575940624462228,left,0.0
kc_set_b,720575940624462740,left,0.0
kc_set_b,720575940624465900,right,0.0
kc_set_b,720575940624467812,left,0.0
kc_set_b,720575940624473444,left,0.0
kc_set_b,720575940624480148,right,0.0
kc_set_b,720575940624482452,left,0.0
kc_set_b,720575940624487572,right,0.0
kc_set_b,720575940624489620,left,0.0
kc_set_b,720575940624492802,right,0.0
kc_set_b,720575940624494373,right,0.0
kc_set_b,720575940624494996,right,0.0
kc_set_b,720575940624497959,left,0.0
kc_set_b,720575940624514535,left,144.6
kc_set_b,720575940624516339,right,0.0
kc_set_b,720575940624520254,left,0.0
kc_set_b,720575940624521022,left,0.0
kc_set_b,720575940624524234,right,0.0
kc_set_b,720575940624526266,left,0.0
kc_set_b,720575940624527091,right,0.0
kc_set_b,720575940624527340,left,0.0
kc_set_b,720575940624528314,left,0.0
kc_set_b,720575940624531948,left,0.0
kc_set_b,720575940624532979,right,0.0
kc_set_b,720575940624537836,right,0.0
kc_set_b,720575940624549646,left,0.0
kc_set_b,720575940624549694,left,0.0
kc_set_b,720575940624562836,right,0.0
kc_set_b,720575940624563075,right,0.0
kc_set_b,720575940624565788,left,0.0
kc_set_b,720575940624570917,left,0.0
kc_set_b,720575940624570957,left,0.0
kc_set_b,720575940624572052,right,0.0
kc_set_b,720575940624574922,right,0.0
kc_set_b,720575940624577613,right,0.0
kc_set_b,720575940624584579,right,0.0
kc_set_b,720575940624584835,right,0.0
kc_set_b,720575940624586900,left,0.0
kc_set_b,720575940624589548,left,0.0
kc_set_b,720575940624593132,right,0.0
kc_set_b,720575940624596355,right,0.0
kc_set_b,720575940624597228,right,0.0
kc_set_b,720575940624597788,right,0.0
kc_set_b,720575940624599444,left,0.0
kc_set_b,720575940624599939,right,0.0
kc_set_b,720575940624601236,right,0.0
kc_set_b,720575940624601731,right,0.0
kc_set_b,720575940624609101,right,0.0
kc_set_b,720575940624612839,left,0.0
kc_set_b,720575940624613050,left,0.0
kc_set_b,720575940624626563,right,0.0
kc_set_b,720575940624629948,right,0.0
kc_set_b,720575940624637884,right,0.0
kc_set_b,720575940624638396,right,0.0
kc_set_b,720575940624642492,right,0.0
kc_set_b,720575940624644739,right,0.0
kc_set_b,720575940624647299,right,0.0
kc_set_b,720575940624648067,right,0.0
kc_set_b,720575940624651507,left,0.0
kc_set_b,720575940624653299,left,0.0
kc_set_b,720575940624660313,right,0.0
kc_set_b,720575940624663427,right,0.0
kc_set_b,720575940624676414,right,0.0
kc_set_b,720575940624682426,right,0.0
kc_set_b,720575940624693287,right,0.0
kc_set_b,720575940624695335,left,0.0
kc_set_b,720575940624699918,left,0.0
kc_set_b,720575940624699981,left,0.0
kc_set_b,720575940624704002,right,0.0
kc_set_b,720575940624704551,left,0.0
kc_set_b,720575940624709925,left,0.0
kc_set_b,720575940624711655,right,0.0
kc_set_b,720575940624713660,left,0.0
kc_set_b,720575940624716581,left,0.0
kc_set_b,720575940624721084,right,0.0
kc_set_b,720575940624729528,right,0.0
kc_set_b,720575940624737464,left,0.0
kc_set_b,720575940624738232,left,0.0
kc_set_b,720575940624738830,left,0.0
kc_set_b,720575940624740878,left,0.0
kc_set_b,720575940624749258,left,0.0
kc_set_b,720575940624754983,right,0.0
kc_set_b,720575940624763850,left,0.0
kc_set_b,720575940624770574,right,0.0
kc_set_b,720575940624771879,left,0.0
kc_set_b,720575940624773182,left,0.0
kc_set_b,720575940624773646,left,0.0
kc_set_b,720575940624776206,left,0.0
kc_set_b,720575940624793272,left,0.0
kc_set_b,720575940624800188,right,0.0
kc_set_b,720575940624829198,left,0.0
kc_set_b,720575940624829479,left,0.0
kc_set_b,720575940624830503,right,0.0
kc_set_b,720575940624834968,right,0.0
kc_set_b,720575940624837927,right,0.0
kc_set_b,720575940624839257,left,0.0
kc_set_b,720575940624847491,left,0.0
kc_set_b,720575940624851726,left,0.0
kc_set_b,720575940624851864,right,0.0
kc_set_b,720575940624852120,right,0.0
kc_set_b,720575940624859032,right,0.0
kc_set_b,720575940624879388,left,0.0
kc_set_b,720575940624882702,left,0.0
kc_set_b,720575940624884920,right,0.0
kc_set_b,720575940624894052,left,0.0
kc_set_b,720575940624894308,left,0.0
kc_set_b,720575940624922256,left,0.0
kc_set_b,720575940624934800,left,0.0
kc_set_b,720575940624935182,left,0.0
kc_set_b,720575940624940558,left,0.0
kc_set_b,720575940624940814,right,0.0
kc_set_b,720575940624941326,right,0.0
kc_set_b,720575940624941838,left,0.0
kc_set_b,720575940624945666,left,0.0
kc_set_b,720575940624946446,left,147.8
kc_set_b,720575940624974010,right,0.0
kc_set_b,720575940624975760,left,0.0
kc_set_b,720575940624989214,right,0.0
kc_set_b,720575940624994941,right,0.0
kc_set_b,720575940625002526,right,0.0
kc_set_b,720575940625003907,left,0.0
kc_set_b,720575940625015070,right,0.0
kc_set_b,720575940625019481,left,0.0
kc_set_b,720575940625023869,right,0.0
kc_set_b,720575940625024125,right,0.0
kc_set_b,720575940625030233,left,0.0
kc_set_b,720575940625054589,right,0.0
kc_set_b,720575940625058173,right,0.0
kc_set_b,720575940625059917,left,0.0
kc_set_b,720575940625126448,right,0.0
kc_set_b,720575940625146882,left,0.0
kc_set_b,720575940625155877,right,0.0
kc_set_b,720575940625156901,right,0.0
kc_set_b,720575940625158437,right,0.0
kc_set_b,720575940625163139,right,0.0
kc_set_b,720575940625171289,right,0.0
kc_set_b,720575940625175845,left,0.0
kc_set_b,720575940625183309,left,0.0
kc_set_b,720575940625187586,left,152.4
kc_set_b,720575940625223690,right,0.0
kc_set_b,720575940625227978,left,0.0
kc_set_b,720575940625235033,right,0.0
kc_set_b,720575940625258506,right,0.0
kc_set_b,720575940625261834,right,0.0
kc_set_b,720575940625264659,right,0.0
kc_set_b,720575940625266057,right,0.0
kc_set_b,720575940625290003,right,0.0
kc_set_b,720575940625292606,right,0.0
kc_set_b,720575940625297304,left,0.0
kc_set_b,720575940625300254,right,0.0
kc_set_b,720575940625309882,left,0.0
kc_set_b,720575940625311418,right,0.0
kc_set_b,720575940625312186,left,0.0
kc_set_b,720575940625317139,right,0.0
kc_set_b,720575940625318163,right,0.0
kc_set_b,720575940625318531,left,0.0
kc_set_b,720575940625323326,right,0.0
kc_set_b,720575940625323795,right,0.0
kc_set_b,720575940625325630,left,0.0
kc_set_b,720575940625328915,right,0.0
kc_set_b,720575940625329029,right,0.0
kc_set_b,720575940625329726,left,0.0
kc_set_b,720575940625330494,left,0.0
kc_set_b,720575940625331006,right,0.0
kc_set_b,720575940625333822,right,0.0
kc_set_b,720575940625343546,right,0.0
kc_set_b,720575940625343640,right,0.0
kc_set_b,720575940625346023,left,0.0
kc_set_b,720575940625354904,right,0.0
kc_set_b,720575940625372293,right,0.0
kc_set_b,720575940625376841,right,0.0
kc_set_b,720575940625377688,right,0.0
kc_set_b,720575940625399077,right,0.0
kc_set_b,720575940625404197,left,0.0
kc_set_b,720575940625405072,left,0.0
kc_set_b,720575940625405744,left,0.0
kc_set_b,720575940625422090,left,0.0
kc_set_b,720575940625427210,left,0.0
kc_set_b,720575940625428093,left,0.0
kc_set_b,720575940625430302,left,0.0
kc_set_b,720575940625446181,left,0.0
kc_set_b,720575940625451920,right,0.0
kc_set_b,720575940625454640,right,0.0
kc_set_b,720575940625455134,left,0.0
kc_set_b,720575940625461534,left,0.0
kc_set_b,720575940625476708,right,0.0
kc_set_b,720575940625476964,right,0.0
kc_set_b,720575940625477150,left,0.0
kc_set_b,720575940625482084,right,0.0
kc_set_b,720575940625484602,left,0.0
kc_set_b,720575940625485181,left,157.0
kc_set_b,720575940625486692,right,0.0
kc_set_b,720575940625486948,left,0.0
kc_set_b,720575940625488659,left,0.0
kc_set_b,720575940625490788,left,0.0
kc_set_b,720575940625497488,right,0.0
kc_set_b,720575940625499153,right,0.0
kc_set_b,720575940625500304,right,0.0
kc_set_b,720575940625502608,left,0.0
kc_set_b,720575940625504868,left,156.4
kc_set_b,720575940625506704,right,0.0
kc_set_b,720575940625507888,right,0.0
kc_set_b,720575940625508400,right,0.0
kc_set_b,720575940625508733,left,137.4
kc_set_b,720575940625513616,left,0.0
kc_set_b,720575940625514621,left,0.0
kc_set_b,720575940625516436,left,0.0
kc_set_b,720575940625525912,left,0.0
kc_set_b,720575940625529477,left,0.0
kc_set_b,720575940625532689,right,0.0
kc_set_b,720575940625537822,right,0.0
kc_set_b,720575940625541168,left,0.0
kc_set_b,720575940625560189,right,0.0
kc_set_b,720575940625561374,right,0.0
kc_set_b,720575940625564816,right,0.0
kc_set_b,720575940625570334,right,0.0
kc_set_b,720575940625572240,left,0.0
kc_set_b,720575940625576080,left,0.0
kc_set_b,720575940625584688,right,0.0
kc_set_b,720575940625598802,right,0.0
kc_set_b,720575940625600048,right,0.0
kc_set_b,720575940625602608,left,0.0
kc_set_b,720575940625604839,right,0.0
kc_set_b,720575940625605257,left,0.0
kc_set_b,720575940625607946,left,0.0
kc_set_b,720575940625608329,left,0.0
kc_set_b,720575940625614224,left,0.0
kc_set_b,720575940625625136,right,0.0
kc_set_b,720575940625632893,left,0.0
kc_set_b,720575940625642340,right,0.0
kc_set_b,720575940625645968,left,150.2
kc_set_b,720575940625646876,right,0.0
kc_set_b,720575940625647114,left,0.0
kc_set_b,720575940625647882,left,0.0
kc_set_b,720575940625655088,left,0.0
kc_set_b,720575940625655464,right,0.0
kc_set_b,720575940625662778,left,0.0
kc_set_b,720575940625663674,right,0.0
kc_set_b,720575940625665149,left,0.0
kc_set_b,720575940625665564,right,0.0
kc_set_b,720575940625667365,right,0.0
kc_set_b,720575940625669660,left,0.0
kc_set_b,720575940625678613,right,0.0
kc_set_b,720575940625681171,left,0.0
kc_set_b,720575940625683740,left,0.0
kc_set_b,720575940625690140,right,0.0
kc_set_b,720575940625691669,right,0.0
kc_set_b,720575940625692560,left,0.0
kc_set_b,720575940625692816,right,0.0
kc_set_b,720575940625702949,right,0.0
kc_set_b,720575940625715733,right,0.0
kc_set_b,720575940625718696,right,0.0
kc_set_b,720575940625720341,right,0.0
kc_set_b,720575940625721866,right,0.0
kc_set_b,720575940625724072,right,0.0
kc_set_b,720575940625732496,right,0.0
kc_set_b,720575940625732745,left,0.0
kc_set_b,720575940625733413,left,0.0
kc_set_b,720575940625740169,right,0.0
kc_set_b,720575940625741455,right,0.0
kc_set_b,720575940625744466,left,0.0
kc_set_b,720575940625748510,left,0.0
kc_set_b,720575940625749586,left,0.0
kc_set_b,720575940625750671,right,0.0
kc_set_b,720575940625751117,left,0.0
kc_set_b,720575940625753621,right,0.0
kc_set_b,720575940625754389,right,0.0
kc_set_b,720575940625762447,right,0.0
kc_set_b,720575940625763601,left,0.0
kc_set_b,720575940625765306,right,0.0
kc_set_b,720575940625766984,right,0.0
kc_set_b,720575940625768073,right,0.0
kc_set_b,720575940625773605,left,0.0
kc_set_b,720575940625777939,right,0.0
kc_set_b,720575940625780648,right,0.0
kc_set_b,720575940625781009,left,0.0
kc_set_b,720575940625781029,left,0.0
kc_set_b,720575940625781541,right,0.0
kc_set_b,720575940625786899,right,0.0
kc_set_b,720575940625793317,left,0.0
kc_set_b,720575940625800741,right,0.0
kc_set_b,720575940625807108,right,0.0
kc_set_b,720575940625834900,right,0.0
kc_set_b,720575940625837060,right,0.0
kc_set_b,720575940625843075,right,0.0
kc_set_b,720575940625853477,left,0.0
kc_set_b,720575940625853989,left,0.0
kc_set_b,720575940625860026,left,0.0
kc_set_b,720575940625864964,right,0.0
kc_set_b,720575940625871741,left,0.0
kc_set_b,720575940625898780,left,134.4
kc_set_b,720575940625900900,right,0.0
kc_set_b,720575940625901002,right,0.0
kc_set_b,720575940625902282,left,0.0
kc_set_b,720575940625903626,left,0.0
kc_set_b,720575940625910354,left,0.0
kc_set_b,720575940625925458,left,0.0
kc_set_b,720575940625927626,left,0.0
kc_set_b,720575940625929790,left,0.0
kc_set_b,720575940625937173,left,0.0
kc_set_b,720575940625937797,right,0.0
kc_set_b,720575940625939801,right,0.0
kc_set_b,720575940625940456,right,0.0
kc_set_b,720575940625942458,right,0.0
kc_set_b,720575940625942590,right,0.0
kc_set_b,720575940625944266,left,0.0
kc_set_b,720575940625957800,left,0.0
kc_set_b,720575940625969640,right,0.0
kc_set_b,720575940625981028,left,0.0
kc_set_b,720575940625984399,left,0.0
kc_set_b,720575940625991524,left,0.0
kc_set_b,720575940625994728,right,0.0
kc_set_b,720575940625995251,right,0.0
kc_set_b,720575940626002494,right,0.0
kc_set_b,720575940626007102,left,0.0
kc_set_b,720575940626015294,left,0.0
kc_set_b,720575940626031493,left,0.0
kc_set_b,720575940626033838,left,0.0
kc_set_b,720575940626043454,right,0.0
kc_set_b,720575940626044924,right,0.0
kc_set_b,720575940626075079,right,0.0
kc_set_b,720575940626080868,left,0.0
kc_set_b,720575940626081176,right,0.0
kc_set_b,720575940626081636,left,0.0
kc_set_b,720575940626082148,left,0.0
kc_set_b,720575940626082404,right,0.0
kc_set_b,720575940626083940,left,0.0
kc_set_b,720575940626086244,right,0.0
kc_set_b,720575940626086728,left,0.0
kc_set_b,720575940626087780,left,0.0
kc_set_b,720575940626089980,right,0.0
kc_set_b,720575940626090340,right,0.0
kc_set_b,720575940626102628,left,0.0
kc_set_b,720575940626111175,right,0.0
kc_set_b,720575940626124743,right,0.0
kc_set_b,720575940626139560,left,0.0
kc_set_b,720575940626143570,left,0.0
kc_set_b,720575940626144680,left,0.0
kc_set_b,720575940626158692,left,0.0
kc_set_b,720575940626161154,left,0.0
kc_set_b,720575940626161551,left,0.0
kc_set_b,720575940626191108,left,149.2
kc_set_b,720575940626194716,right,0.0
kc_set_b,720575940626199324,left,0.0
kc_set_b,720575940626199580,left,0.0
kc_set_b,720575940626201512,left,0.0
kc_set_b,720575940626212625,right,0.0
kc_set_b,720575940626216317,left,0.0
kc_set_b,720575940626216573,left,0.0
kc_set_b,720575940626217341,left,0.0
kc_set_b,720575940626220574,left,0.0
kc_set_b,720575940626220830,right,0.0
kc_set_b,720575940626222609,left,0.0
kc_set_b,720575940626223633,left,0.0
kc_set_b,720575940626225173,right,0.0
kc_set_b,720575940626225941,right,0.0
kc_set_b,720575940626226690,right,0.0
kc_set_b,720575940626227202,left,0.0
kc_set_b,720575940626234626,left,0.0
kc_set_b,720575940626239236,left,0.0
kc_set_b,720575940626242054,right,0.0
kc_set_b,720575940626244348,left,0.0
kc_set_b,720575940626250568,left,0.0
kc_set_b,720575940626251778,right,0.0
kc_set_b,720575940626252273,right,0.0
kc_set_b,720575940626253318,right,0.0
kc_set_b,720575940626265084,left,155.4
kc_set_b,720575940626274822,right,0.0
kc_set_b,720575940626275656,left,0.0
kc_set_b,720575940626277382,right,0.0
kc_set_b,720575940626284157,right,0.0
kc_set_b,720575940626286878,left,0.0
kc_set_b,720575940626287644,left,0.0
kc_set_b,720575940626294090,right,0.0
kc_set_b,720575940626305028,right,0.0
kc_set_b,720575940626305679,right,0.0
kc_set_b,720575940626311623,left,0.0
kc_set_b,720575940626313546,right,0.0
kc_set_b,720575940626316802,right,0.0
kc_set_b,720575940626316974,left,0.0
kc_set_b,720575940626321482,right,0.0
kc_set_b,720575940626326952,right,0.0
kc_set_b,720575940626331978,right,0.0
kc_set_b,720575940626343665,right,0.0
kc_set_b,720575940626353905,right,0.0
kc_set_b,720575940626362696,right,0.0
kc_set_b,720575940626363791,right,0.0
kc_set_b,720575940626364401,right,0.0
kc_set_b,720575940626364956,left,0.0
kc_set_b,720575940626366748,left,0.0
kc_set_b,720575940626371842,left,0.0
kc_set_b,720575940626394609,right,0.0
kc_set_b,720575940626397565,right,0.0
kc_set_b,720575940626403400,right,0.0
kc_set_b,720575940626404776,left,0.0
kc_set_b,720575940626422659,left,0.0
kc_set_b,720575940626423171,left,0.0
kc_set_b,720575940626430339,right,0.0
kc_set_b,720575940626433448,left,0.0
kc_set_b,720575940626460420,left,0.0
kc_set_b,720575940626464901,right,0.0
kc_set_b,720575940626465286,left,0.0
kc_set_b,720575940626467836,left,0.0
kc_set_b,720575940626468629,left,0.0
kc_set_b,720575940626474889,right,0.0
kc_set_b,720575940626486409,left,0.0
kc_set_b,720575940626494663,left,0.0
kc_set_b,720575940626496275,right,0.0
kc_set_b,720575940626497811,left,0.0
kc_set_b,720575940626509830,left,0.0
kc_set_b,720575940626510211,right,0.0
kc_set_b,720575940626513027,right,0.0
kc_set_b,720575940626513171,right,0.0
kc_set_b,720575940626522184,left,0.0
kc_set_b,720575940626524691,left,0.0
kc_set_b,720575940626526218,right,0.0
kc_set_b,720575940626535434,right,0.0
kc_set_b,720575940626536714,right,0.0
kc_set_b,720575940626540042,left,0.0
kc_set_b,720575940626547817,right,0.0
kc_set_b,720575940626548234,right,0.0
kc_set_b,720575940626550504,right,0.0
kc_set_b,720575940626560601,left,139.6
kc_set_b,720575940626560857,right,0.0
kc_set_b,720575940626562665,right,0.0
kc_set_b,720575940626569112,left,0.0
kc_set_b,720575940626578161,left,0.0
kc_set_b,720575940626582842,right,0.0
kc_set_b,720575940626586823,right,0.0
kc_set_b,720575940626621498,right,0.0
kc_set_b,720575940626622480,right,0.0
kc_set_b,720575940626632837,left,0.0
kc_set_b,720575940626633960,left,0.0
kc_set_b,720575940626640158,right,0.0
kc_set_b,720575940626643944,left,0.0
kc_set_b,720575940626646544,right,0.0
kc_set_b,720575940626647960,left,0.0
kc_set_b,720575940626649433,right,0.0
kc_set_b,720575940626651288,right,0.0
kc_set_b,720575940626651624,left,0.0
kc_set_b,720575940626653273,left,0.0
kc_set_b,720575940626655321,right,0.0
kc_set_b,720575940626657808,right,0.0
kc_set_b,720575940626663440,right,0.0
kc_set_b,720575940626668165,left,0.0
kc_set_b,720575940626668304,right,0.0
kc_set_b,720575940626669957,right,0.0
kc_set_b,720575940626674584,left,0.0
kc_set_b,720575940626676120,right,0.0
kc_set_b,720575940626679385,left,0.0
kc_set_b,720575940626682654,left,0.0
kc_set_b,720575940626688893,right,0.0
kc_set_b,720575940626689176,left,0.0
kc_set_b,720575940626694479,right,0.0
kc_set_b,720575940626697802,left,0.0
kc_set_b,720575940626698377,left,0.0
kc_set_b,720575940626698633,left,154.2
kc_set_b,720575940626700889,right,0.0
kc_set_b,720575940626702232,right,0.0
kc_set_b,720575940626712921,left,0.0
kc_set_b,720575940626721874,left,0.0
kc_set_b,720575940626724946,left,0.0
kc_set_b,720575940626729515,right,0.0
kc_set_b,720575940626733693,right,0.0
kc_set_b,720575940626734436,left,0.0
kc_set_b,720575940626742866,right,0.0
kc_set_b,720575940626757209,left,0.0
kc_set_b,720575940626758489,right,0.0
kc_set_b,720575940626772357,right,0.0
kc_set_b,720575940626779398,right,0.0
kc_set_b,720575940626779722,left,0.0
kc_set_b,720575940626782218,left,0.0
kc_set_b,720575940626782507,right,0.0
kc_set_b,720575940626782845,left,0.0
kc_set_b,720575940626786859,right,0.0
kc_set_b,720575940626787313,left,0.0
kc_set_b,720575940626792209,right,0.0
kc_set_b,720575940626792778,right,0.0
kc_set_b,720575940626793502,left,0.0
kc_set_b,720575940626794027,right,0.0
kc_set_b,720575940626803279,right,0.0
kc_set_b,720575940626805520,left,0.0
kc_set_b,720575940626820395,right,0.0
kc_set_b,720575940626825853,right,0.0
kc_set_b,720575940626828574,right,0.0
kc_set_b,720575940626834762,right,0.0
kc_set_b,720575940626835728,left,0.0
kc_set_b,720575940626838513,left,0.0
kc_set_b,720575940626843773,right,0.0
kc_set_b,720575940626855171,right,0.0
kc_set_b,720575940626864414,right,0.0
kc_set_b,720575940626867742,left,0.0
kc_set_b,720575940626874097,right,0.0
kc_set_b,720575940626895442,left,0.0
kc_set_b,720575940626896643,right,0.0
kc_set_b,720575940626901278,right,0.0
kc_set_b,720575940626904561,right,0.0
kc_set_b,720575940626906142,right,0.0
kc_set_b,720575940626911262,right,0.0
kc_set_b,720575940626916126,left,0.0
kc_set_b,720575940626919409,right,0.0
kc_set_b,720575940626930186,left,0.0
kc_set_b,720575940626930947,right,0.0
kc_set_b,720575940626932501,left,0.0
kc_set_b,720575940626937347,right,0.0
kc_set_b,720575940626937630,left,0.0
kc_set_b,720575940626941205,left,0.0
kc_set_b,720575940626941446,right,0.0
kc_set_b,720575940626946033,left,0.0
kc_set_b,720575940626948485,right,0.0
kc_set_b,720575940626949909,left,0.0
kc_set_b,720575940626950147,right,0.0
kc_set_b,720575940626951171,right,0.0
kc_set_b,720575940626951921,left,0.0
kc_set_b,720575940626953732,right,0.0
kc_set_b,720575940626965002,left,0.0
kc_set_b,720575940626975899,right,0.0
kc_set_b,720575940626991771,right,0.0
kc_set_b,720575940626993001,left,0.0
kc_set_b,720575940626999114,left,0.0
kc_set_b,720575940626999882,left,0.0
kc_set_b,720575940627003547,right,0.0
kc_set_b,720575940627015942,left,0.0
kc_set_b,720575940627016859,right,0.0
kc_set_b,720575940627018383,right,0.0
kc_set_b,720575940627020933,right,0.0
kc_set_b,720575940627021128,right,0.0
kc_set_b,720575940627022664,left,0.0
kc_set_b,720575940627025039,left,0.0
kc_set_b,720575940627028773,right,0.0
kc_set_b,720575940627043666,right,0.0
kc_set_b,720575940627044337,left,0.0
kc_set_b,720575940627045636,right,0.0
kc_set_b,720575940627045642,left,0.0
kc_set_b,720575940627048522,left,0.0
kc_set_b,720575940627054725,left,0.0
kc_set_b,720575940627059460,left,0.0
kc_set_b,720575940627069203,right,0.0
kc_set_b,720575940627073448,left,144.6
kc_set_b,720575940627075407,left,0.0
kc_set_b,720575940627077032,right,0.0
kc_set_b,720575940627079080,left,0.0
kc_set_b,720575940627079557,left,0.0
kc_set_b,720575940627081994,right,0.0
kc_set_b,720575940627082261,right,0.0
kc_set_b,720575940627082298,left,0.0
kc_set_b,720575940627082481,left,0.0
kc_set_b,720575940627085578,right,0.0
kc_set_b,720575940627086596,left,0.0
kc_set_b,720575940627089930,right,0.0
kc_set_b,720575940627094917,right,0.0
kc_set_b,720575940627097361,right,0.0
kc_set_b,720575940627097733,right,0.0
kc_set_b,720575940627101706,left,0.0
kc_set_b,720575940627103802,left,0.0
kc_set_b,720575940627112723,right,0.0
kc_set_b,720575940627138888,left,0.0
kc_set_b,720575940627147578,right,0.0
kc_set_b,720575940627150090,right,0.0
kc_set_b,720575940627153668,left,0.0
kc_set_b,720575940627153930,left,0.0
kc_set_b,720575940627155589,right,0.0
kc_set_b,720575940627157008,right,0.0
kc_set_b,720575940627158098,right,0.0
kc_set_b,720575940627158866,left,0.0
kc_set_b,720575940627164242,right,0.0
kc_set_b,720575940627165010,right,0.0
kc_set_b,720575940627166522,right,0.0
kc_set_b,720575940627170898,right,0.0
kc_set_b,720575940627172936,left,0.0
kc_set_b,720575940627173192,left,0.0
kc_set_b,720575940627174994,left,0.0
kc_set_b,720575940627185767,right,0.0
kc_set_b,720575940627194426,right,0.0
kc_set_b,720575940627197739,left,0.0
kc_set_b,720575940627198085,left,0.0
kc_set_b,720575940627198799,left,0.0
kc_set_b,720575940627200010,left,0.0
kc_set_b,720575940627200923,left,0.0
kc_set_b,720575940627202058,left,0.0
kc_set_b,720575940627205386,right,0.0
kc_set_b,720575940627210373,right,0.0
kc_set_b,720575940627211307,left,0.0
kc_set_b,720575940627220327,right,0.0
kc_set_b,720575940627226923,left,0.0
kc_set_b,720575940627229007,left,0.0
kc_set_b,720575940627230986,right,0.0
kc_set_b,720575940627235594,left,0.0
kc_set_b,720575940627236874,left,0.0
kc_set_b,720575940627243322,left,0.0
kc_set_b,720575940627243623,right,0.0
kc_set_b,720575940627244699,right,0.0
kc_set_b,720575940627245701,right,0.0
kc_set_b,720575940627251216,left,0.0
kc_set_b,720575940627252267,left,0.0
kc_set_b,720575940627263162,right,0.0
kc_set_b,720575940627264082,right,0.0
kc_set_b,720575940627264488,right,0.0
kc_set_b,720575940627276114,left,0.0
kc_set_b,720575940627278235,left,0.0
kc_set_b,720575940627282002,right,0.0
kc_set_b,720575940627282408,left,0.0
kc_set_b,720575940627284123,left,0.0
kc_set_b,720575940627292218,right,0.0
kc_set_b,720575940627295260,left,0.0
kc_set_b,720575940627295802,right,0.0
kc_set_b,720575940627298639,left,0.0
kc_set_b,720575940627307855,right,0.0
kc_set_b,720575940627309329,left,0.0
kc_set_b,720575940627332100,right,0.0
kc_set_b,720575940627336209,right,0.0
kc_set_b,720575940627342674,left,0.0
kc_set_b,720575940627343108,left,0.0
kc_set_b,720575940627343377,left,0.0
kc_set_b,720575940627351751,right,0.0
kc_set_b,720575940627353031,left,0.0
kc_set_b,720575940627367189,right,0.0
kc_set_b,720575940627372284,left,0.0
kc_set_b,720575940627377937,left,0.0
kc_set_b,720575940627389256,left,0.0
kc_set_b,720575940627426837,right,0.0
kc_set_b,720575940627429909,left,0.0
kc_set_b,720575940627435592,left,0.0
kc_set_b,720575940627441169,left,0.0
kc_set_b,720575940627449243,left,0.0
kc_set_b,720575940627450385,right,0.0
kc_set_b,720575940627452689,right,0.0
kc_set_b,720575940627479829,right,0.0
kc_set_b,720575940627480363,left,0.0
kc_set_b,720575940627480853,right,0.0
kc_set_b,720575940627483179,left,0.0
kc_set_b,720575940627483413,right,0.0
kc_set_b,720575940627483464,left,0.0
kc_set_b,720575940627491861,left,0.0
kc_set_b,720575940627492117,left,0.0
kc_set_b,720575940627493141,right,0.0
kc_set_b,720575940627493653,right,0.0
kc_set_b,720575940627519748,left,0.0
kc_set_b,720575940627534339,left,147.0
kc_set_b,720575940627543624,right,0.0
kc_set_b,720575940627543695,right,0.0
kc_set_b,720575940627546897,left,0.0
kc_set_b,720575940627547153,left,0.0
kc_set_b,720575940627550214,right,0.0
kc_set_b,720575940627552168,right,0.0
kc_set_b,720575940627552680,right,0.0
kc_set_b,720575940627553691,right,0.0
kc_set_b,720575940627558662,right,0.0
kc_set_b,720575940627559759,left,0.0
kc_set_b,720575940627561854,right,0.0
kc_set_b,720575940627564616,left,0.0
kc_set_b,720575940627568646,right,0.0
kc_set_b,720575940627571972,left,0.0
kc_set_b,720575940627572742,left,0.0
kc_set_b,720575940627573659,right,0.0
kc_set_b,720575940627573766,left,0.0
kc_set_b,720575940627575464,left,0.0
kc_set_b,720575940627576488,right,0.0
kc_set_b,720575940627581700,left,0.0
kc_set_b,720575940627583217,left,0.0
kc_set_b,720575940627584262,left,0.0
kc_set_b,720575940627585028,right,0.0
kc_set_b,720575940627585286,right,0.0
kc_set_b,720575940627587078,right,0.0
kc_set_b,720575940627588337,left,0.0
kc_set_b,720575940627588593,left,0.0
kc_set_b,720575940627595848,right,0.0
kc_set_b,720575940627598760,left,0.0
kc_set_b,720575940627612675,left,0.0
kc_set_b,720575940627615400,right,0.0
kc_set_b,720575940627621626,right,0.0
kc_set_b,720575940627626244,right,0.0
kc_set_b,720575940627626695,left,0.0
kc_set_b,720575940627628548,left,0.0
kc_set_b,720575940627630154,right,0.0
kc_set_b,720575940627660968,left,0.0
kc_set_b,720575940627667355,left,0.0
kc_set_b,720575940627687940,right,0.0
kc_set_b,720575940627700484,right,0.0
kc_set_b,720575940627709948,right,0.0
kc_set_b,720575940627717575,left,0.0
kc_set_b,720575940627741562,right,0.0
kc_set_b,720575940627750647,right,0.0
kc_set_b,720575940627768567,right,0.0
kc_set_b,720575940627775938,right,0.0
kc_set_b,720575940627776450,right,0.0
kc_set_b,720575940627778564,right,0.0
kc_set_b,720575940627782148,right,0.0
kc_set_b,720575940627800446,left,0.0
kc_set_b,720575940627801930,left,0.0
kc_set_b,720575940627802618,left,0.0
kc_set_b,720575940627804136,left,0.0
kc_set_b,720575940627805928,left,0.0
kc_set_b,720575940627808232,left,0.0
kc_set_b,720575940627834359,right,0.0
kc_set_b,720575940627834856,left,0.0
kc_set_b,720575940627849463,right,0.0
kc_set_b,720575940627851008,right,0.0
kc_set_b,720575940627854568,right,0.0
kc_set_b,720575940627857384,left,0.0
kc_set_b,720575940627859688,left,0.0
kc_set_b,720575940627861736,right,0.0
kc_set_b,720575940627869928,left,0.0
kc_set_b,720575940627902440,left,0.0
kc_set_b,720575940627905223,left,0.0
kc_set_b,720575940627906536,left,0.0
kc_set_b,720575940627908624,right,0.0
kc_set_b,720575940627910160,left,0.0
kc_set_b,720575940627912464,left,0.0
kc_set_b,720575940627912492,right,0.0
kc_set_b,720575940627915280,left,0.0
kc_set_b,720575940627920071,right,0.0
kc_set_b,720575940627924935,right,0.0
kc_set_b,720575940627930490,left,0.0
kc_set_b,720575940627931466,right,0.0
kc_set_b,720575940627932412,left,0.0
kc_set_b,720575940627935996,left,0.0
kc_set_b,720575940627936784,left,0.0
kc_set_b,720575940627941242,left,0.0
kc_set_b,720575940627947792,left,0.0
kc_set_b,720575940627953607,left,0.0
kc_set_b,720575940627958466,left,0.0
kc_set_b,720575940627960826,left,0.0
kc_set_b,720575940627964204,right,0.0
kc_set_b,720575940627969786,left,0.0
kc_set_b,720575940627985402,left,0.0
kc_set_b,720575940627986220,right,0.0
kc_set_b,720575940627987756,right,0.0
kc_set_b,720575940627988474,left,0.0
kc_set_b,720575940628002348,right,0.0
kc_set_b,720575940628002822,right,0.0
kc_set_b,720575940628012332,right,0.0
kc_set_b,720575940628025799,left,0.0
kc_set_b,720575940628045318,right,0.0
kc_set_b,720575940628054839,right,0.0
kc_set_b,720575940628055558,left,0.0
kc_set_b,720575940628056375,right,0.0
kc_set_b,720575940628060166,right,0.0
kc_set_b,720575940628060934,right,0.0
kc_set_b,720575940628060983,right,0.0
kc_set_b,720575940628071409,right,0.0
kc_set_b,720575940628072721,left,0.0
kc_set_b,720575940628076038,right,0.0
kc_set_b,720575940628079872,left,0.0
kc_set_b,720575940628080902,left,0.0
kc_set_b,720575940628084224,left,0.0
kc_set_b,720575940628085489,left,0.0
kc_set_b,720575940628095488,left,0.0
kc_set_b,720575940628103806,right,0.0
kc_set_b,720575940628107249,left,0.0
kc_set_b,720575940628107776,left,0.0
kc_set_b,720575940628115185,left,0.0
kc_set_b,720575940628119555,left,0.0
kc_set_b,720575940628120655,right,0.0
kc_set_b,720575940628121287,right,0.0
kc_set_b,720575940628128079,right,0.0
kc_set_b,720575940628132938,left,0.0
kc_set_b,720575940628134266,left,0.0
kc_set_b,720575940628134915,left,0.0
kc_set_b,720575940628137478,left,0.0
kc_set_b,720575940628137969,left,0.0
kc_set_b,720575940628138246,right,0.0
kc_set_b,720575940628145411,left,0.0
kc_set_b,720575940628145667,left,0.0
kc_set_b,720575940628147718,right,0.0
kc_set_b,720575940628152838,right,0.0
kc_set_b,720575940628155395,left,0.0
kc_set_b,720575940628163402,right,0.0
kc_set_b,720575940628175363,right,0.0
kc_set_b,720575940628186667,left,0.0
kc_set_b,720575940628188732,right,0.0
kc_set_b,720575940628190780,right,0.0
kc_set_b,720575940628201259,right,0.0
kc_set_b,720575940628209212,right,0.0
kc_set_b,720575940628215056,right,0.0
kc_set_b,720575940628217643,right,0.0
kc_set_b,720575940628217899,left,0.0
kc_set_b,720575940628218155,left,0.0
kc_set_b,720575940628219692,left,0.0
kc_set_b,720575940628225852,right,0.0
kc_set_b,720575940628226604,left,0.0
kc_set_b,720575940628238586,left,0.0
kc_set_b,720575940628239110,left,0.0
kc_set_b,720575940628239671,right,0.0
kc_set_b,720575940628240122,left,0.0
kc_set_b,720575940628245559,left,0.0
kc_set_b,720575940628254263,left,0.0
kc_set_b,720575940628257914,right,0.0
kc_set_b,720575940628259914,right,0.0
kc_set_b,720575940628265039,left,144.6
kc_set_b,720575940628269391,right,0.0
kc_set_b,720575940628269628,right,0.0
kc_set_b,720575940628270235,left,0.0
kc_set_b,720575940628291407,right,0.0
kc_set_b,720575940628295242,right,0.0
kc_set_b,720575940628297627,right,0.0
kc_set_b,720575940628300529,right,0.0
kc_set_b,720575940628301303,left,146.0
kc_set_b,720575940628304113,left,0.0
kc_set_b,720575940628304578,right,0.0
kc_set_b,720575940628306075,right,0.0
kc_set_b,720575940628308215,left,0.0
kc_set_b,720575940628309186,right,0.0
kc_set_b,720575940628312049,right,0.0
kc_set_b,720575940628318193,left,0.0
kc_set_b,720575940628321539,right,0.0
kc_set_b,720575940628330240,left,0.0
kc_set_b,720575940628331625,right,0.0
kc_set_b,720575940628350211,right,0.0
kc_set_b,720575940628353244,right,0.0
kc_set_b,720575940628355843,left,0.0
kc_set_b,720575940628359895,right,0.0
kc_set_b,720575940628363642,left,155.4
kc_set_b,720575940628365783,right,0.0
kc_set_b,720575940628367836,right,0.0
kc_set_b,720575940628374121,right,0.0
kc_set_b,720575940628375255,right,0.0
kc_set_b,720575940628376080,left,0.0
kc_set_b,720575940628385546,left,0.0
kc_set_b,720575940628394716,right,0.0
kc_set_b,720575940628398295,right,0.0
kc_set_b,720575940628400439,left,0.0
kc_set_b,720575940628400940,left,161.2
kc_set_b,720575940628404188,right,0.0
kc_set_b,720575940628405882,left,0.0
kc_set_b,720575940628406828,left,0.0
kc_set_b,720575940628408055,right,0.0
kc_set_b,720575940628411002,left,0.0
kc_set_b,720575940628411612,right,0.0
kc_set_b,720575940628412892,right,0.0
kc_set_b,720575940628413799,left,0.0
kc_set_b,720575940628414567,right,0.0
kc_set_b,720575940628415079,right,0.0
kc_set_b,720575940628424527,left,0.0
kc_set_b,720575940628431042,left,0.0
kc_set_b,720575940628431719,left,0.0
kc_set_b,720575940628432834,left,0.0
kc_set_b,720575940628433511,right,0.0
kc_set_b,720575940628447491,right,0.0
kc_set_b,720575940628471392,right,0.0
kc_set_b,720575940628476716,right,0.0
kc_set_b,720575940628484396,left,0.0
kc_set_b,720575940628491792,right,0.0
kc_set_b,720575940628495104,left,152.4
kc_set_b,720575940628506732,right,0.0
kc_set_b,720575940628514156,right,0.0
kc_set_b,720575940628519020,right,0.0
kc_set_b,720575940628531308,right,0.0
kc_set_b,720575940628533356,right,0.0
kc_set_b,720575940628536055,left,0.0
kc_set_b,720575940628538112,left,0.0
kc_set_b,720575940628538679,right,0.0
kc_set_b,720575940628554999,left,0.0
kc_set_b,720575940628557527,left,0.0
kc_set_b,720575940628561111,left,0.0
kc_set_b,720575940628569815,left,0.0
kc_set_b,720575940628574715,right,0.0
kc_set_b,720575940628581123,left,0.0
kc_set_b,720575940628582915,left,147.6
kc_set_b,720575940628590595,right,0.0
kc_set_b,720575940628593884,left,0.0
kc_set_b,720575940628599555,left,0.0
kc_set_b,720575940628608272,right,0.0
kc_set_b,720575940628610012,left,0.0
kc_set_b,720575940628610811,right,0.0
kc_set_b,720575940628612112,right,0.0
kc_set_b,720575940628640079,right,0.0
kc_set_b,720575940628641847,left,0.0
kc_set_b,720575940628644855,left,0.0
kc_set_b,720575940628651575,left,0.0
kc_set_b,720575940628651792,right,0.0
kc_set_b,720575940628675644,left,0.0
kc_set_b,720575940628684588,left,0.0
kc_set_b,720575940628685059,right,0.0
kc_set_b,720575940628685884,left,0.0
kc_set_b,720575940628687259,right,0.0
kc_set_b,720575940628689963,right,0.0
kc_set_b,720575940628694007,right,0.0
kc_set_b,720575940628694991,right,0.0
kc_set_b,720575940628695414,right,0.0
kc_set_b,720575940628697872,left,0.0
kc_set_b,720575940628697982,right,0.0
kc_set_b,720575940628708460,left,0.0
kc_set_b,720575940628711631,right,0.0
kc_set_b,720575940628714358,right,0.0
kc_set_b,720575940628716588,left,0.0
kc_set_b,720575940628724284,right,0.0
kc_set_b,720575940628725455,right,0.0
kc_set_b,720575940628732471,left,0.0
kc_set_b,720575940628735275,right,0.0
kc_set_b,720575940628741881,right,0.0
kc_set_b,720575940628755023,left,0.0
kc_set_b,720575940628761039,right,0.0
kc_set_b,720575940628766467,left,0.0
kc_set_b,720575940628766679,left,0.0
kc_set_b,720575940628773113,right,0.0
kc_set_b,720575940628773675,left,0.0
kc_set_b,720575940628777466,left,0.0
kc_set_b,720575940628777948,left,0.0
kc_set_b,720575940628787962,right,0.0
kc_set_b,720575940628788496,right,0.0
kc_set_b,720575940628798799,left,0.0
kc_set_b,720575940628800762,right,0.0
kc_set_b,720575940628802042,left,0.0
kc_set_b,720575940628806876,left,0.0
kc_set_b,720575940628807503,right,0.0
kc_set_b,720575940628808186,left,0.0
kc_set_b,720575940628817914,left,0.0
kc_set_b,720575940628818682,left,153.4
kc_set_b,720575940628826873,right,0.0
kc_set_b,720575940628829148,left,0.0
kc_set_b,720575940628830551,right,0.0
kc_set_b,720575940628836345,right,0.0
kc_set_b,720575940628842839,right,0.0
kc_set_b,720575940628843931,left,0.0
kc_set_b,720575940628844187,left,0.0
kc_set_b,720575940628863036,left,0.0
kc_set_b,720575940628868943,right,0.0
kc_set_b,720575940628876860,left,0.0
kc_set_b,720575940628885591,right,0.0
kc_set_b,720575940628887887,right,0.0
kc_set_b,720575940628888796,left,0.0
kc_set_b,720575940628895831,right,0.0
kc_set_b,720575940628901246,left,0.0
kc_set_b,720575940628902764,left,0.0
kc_set_b,720575940628906622,left,0.0
kc_set_b,720575940628915574,left,0.0
kc_set_b,720575940628917980,right,0.0
kc_set_b,720575940628920987,left,0.0
kc_set_b,720575940628924887,left,0.0
kc_set_b,720575940628937590,left,0.0
kc_set_b,720575940628975482,right,0.0
kc_set_b,720575940628983963,right,0.0
kc_set_b,720575940628999579,right,0.0
kc_set_b,720575940629010331,right,0.0
kc_set_b,720575940629020794,right,0.0
kc_set_b,720575940629022875,right,0.0
kc_set_b,720575940629029370,left,0.0
kc_set_b,720575940629031323,left,0.0
kc_set_b,720575940629036997,right,0.0
kc_set_b,720575940629059943,left,0.0
kc_set_b,720575940629067351,left,0.0
kc_set_b,720575940629072999,left,0.0
kc_set_b,720575940629074540,left,0.0
kc_set_b,720575940629079707,right,0.0
kc_set_b,720575940629088450,right,0.0
kc_set_b,720575940629108094,right,0.0
kc_set_b,720575940629119737,left,0.0
kc_set_b,720575940629127109,right,0.0
kc_set_b,720575940629127936,left,0.0
kc_set_b,720575940629129472,left,0.0
kc_set_b,720575940629132288,left,0.0
kc_set_b,720575940629133056,right,0.0
kc_set_b,720575940629140071,right,0.0
kc_set_b,720575940629141095,left,0.0
kc_set_b,720575940629141607,left,0.0
kc_set_b,720575940629148672,left,0.0
kc_set_b,720575940629162348,left,0.0
kc_set_b,720575940629162693,right,0.0
kc_set_b,720575940629164283,right,0.0
kc_set_b,720575940629166587,right,0.0
kc_set_b,720575940629166592,right,0.0
kc_set_b,720575940629172736,left,0.0
kc_set_b,720575940629200631,left,0.0
kc_set_b,720575940629201423,right,0.0
kc_set_b,720575940629201871,left,0.0
kc_set_b,720575940629202167,right,0.0
kc_set_b,720575940629211666,right,0.0
kc_set_b,720575940629222759,right,0.0
kc_set_b,720575940629233145,right,0.0
kc_set_b,720575940629236242,right,0.0
kc_set_b,720575940629240079,right,0.0
kc_set_b,720575940629254759,left,0.0
kc_set_b,720575940629259638,right,0.0
kc_set_b,720575940629260406,right,0.0
kc_set_b,720575940629261143,left,0.0
kc_set_b,720575940629261159,left,0.0
kc_set_b,720575940629263975,left,0.0
kc_set_b,720575940629270060,right,0.0
kc_set_b,720575940629271596,right,0.0
kc_set_b,720575940629277687,right,0.0
kc_set_b,720575940629282391,left,0.0
kc_set_b,720575940629291564,left,0.0
kc_set_b,720575940629292844,left,0.0
kc_set_b,720575940629294636,right,0.0
kc_set_b,720575940629295916,left,0.0
kc_set_b,720575940629296684,left,0.0
kc_set_b,720575940629298885,left,0.0
kc_set_b,720575940629299500,left,0.0
kc_set_b,720575940629300043,right,0.0
kc_set_b,720575940629304364,left,0.0
kc_set_b,720575940629318394,right,0.0
kc_set_b,720575940629319106,right,0.0
kc_set_b,720575940629322746,left,0.0
kc_set_b,720575940629328591,right,0.0
kc_set_b,720575940629332606,right,0.0
kc_set_b,720575940629335115,right,0.0
kc_set_b,720575940629338821,left,0.0
kc_set_b,720575940629342458,left,0.0
kc_set_b,720575940629347791,right,0.0
kc_set_b,720575940629356599,left,0.0
kc_set_b,720575940629365804,right,0.0
kc_set_b,720575940629388026,left,0.0
kc_set_b,720575940629388239,right,0.0
kc_set_b,720575940629397079,right,0.0
kc_set_b,720575940629406012,right,0.0
kc_set_b,720575940629417728,right,0.0
kc_set_b,720575940629438202,left,0.0
kc_set_b,720575940629438825,left,0.0
kc_set_b,720575940629445626,left,0.0
kc_set_b,720575940629445758,left,0.0
kc_set_b,720575940629456146,left,0.0
kc_set_b,720575940629471610,left,0.0
kc_set_b,720575940629474090,right,0.0
kc_set_b,720575940629477180,left,0.0
kc_set_b,720575940629477674,right,0.0
kc_set_b,720575940629477882,left,0.0
kc_set_b,720575940629481935,left,0.0
kc_set_b,720575940629482362,left,151.4
kc_set_b,720575940629483095,left,0.0
kc_set_b,720575940629485354,right,0.0
kc_set_b,720575940629489103,left,0.0
kc_set_b,720575940629492862,left,0.0
kc_set_b,720575940629494543,left,0.0
kc_set_b,720575940629498306,right,0.0
kc_set_b,720575940629499330,left,0.0
kc_set_b,720575940629500542,right,0.0
kc_set_b,720575940629502506,right,0.0
kc_set_b,720575940629504554,right,0.0
kc_set_b,720575940629507450,right,0.0
kc_set_b,720575940629507706,right,0.0
kc_set_b,720575940629509829,left,0.0
kc_set_b,720575940629515306,right,0.0
kc_set_b,720575940629522474,right,0.0
kc_set_b,720575940629529088,left,0.0
kc_set_b,720575940629532098,right,0.0
kc_set_b,720575940629532542,left,160.4
kc_set_b,720575940629532759,left,0.0
kc_set_b,720575940629535738,left,0.0
kc_set_b,720575940629536894,right,0.0
kc_set_b,720575940629541187,right,0.0
kc_set_b,720575940629545027,right,0.0
kc_set_b,720575940629557957,left,0.0
kc_set_b,720575940629563006,right,0.0
kc_set_b,720575940629578366,left,0.0
kc_set_b,720575940629601810,left,0.0
kc_set_b,720575940629611794,left,0.0
kc_set_b,720575940629620239,left,0.0
kc_set_b,720575940629621975,left,0.0
kc_set_b,720575940629624702,right,0.0
kc_set_b,720575940629625210,left,0.0
kc_set_b,720575940629625466,right,0.0
kc_set_b,720575940629631870,left,0.0
kc_set_b,720575940629632894,right,0.0
kc_set_b,720575940629633150,right,0.0
kc_set_b,720575940629633406,left,0.0
kc_set_b,720575940629638211,right,0.0
kc_set_b,720575940629644666,right,0.0
kc_set_b,720575940629663819,left,0.0
kc_set_b,720575940629669879,left,0.0
kc_set_b,720575940629671235,right,0.0
kc_set_b,720575940629671491,right,0.0
kc_set_b,720575940629675595,left,0.0
kc_set_b,720575940629676363,left,0.0
kc_set_b,720575940629693239,right,0.0
kc_set_b,720575940629694027,left,0.0
kc_set_b,720575940629696215,left,0.0
kc_set_b,720575940629717034,left,0.0
kc_set_b,720575940629723434,left,0.0
kc_set_b,720575940629723690,left,0.0
kc_set_b,720575940629724354,left,0.0
kc_set_b,720575940629725711,right,0.0
kc_set_b,720575940629730263,right,0.0
kc_set_b,720575940629733314,right,0.0
kc_set_b,720575940629734442,left,0.0
kc_set_b,720575940629735163,left,0.0
kc_set_b,720575940629746626,left,0.0
kc_set_b,720575940629765451,left,0.0
kc_set_b,720575940629765647,right,0.0
kc_set_b,720575940629782091,right,0.0
kc_set_b,720575940629787244,left,0.0
kc_set_b,720575940629788012,right,0.0
kc_set_b,720575940629788983,right,0.0
kc_set_b,720575940629789292,right,0.0
kc_set_b,720575940629792620,right,0.0
kc_set_b,720575940629803264,left,0.0
kc_set_b,720575940629804544,right,0.0
kc_set_b,720575940629804857,right,0.0
kc_set_b,720575940629814060,right,0.0
kc_set_b,720575940629823563,right,0.0
kc_set_b,720575940629824828,right,0.0
kc_set_b,720575940629832978,left,0.0
kc_set_b,720575940629834796,right,0.0
kc_set_b,720575940629836087,right,0.0
kc_set_b,720575940629839863,right,0.0
kc_set_b,720575940629849196,right,0.0
kc_set_b,720575940629853292,left,0.0
kc_set_b,720575940629854764,right,0.0
kc_set_b,720575940629855340,right,0.0
kc_set_b,720575940629855596,right,0.0
kc_set_b,720575940629856044,left,0.0
kc_set_b,720575940629863737,right,0.0
kc_set_b,720575940629871146,left,0.0
kc_set_b,720575940629878519,left,0.0
kc_set_b,720575940629888000,left,0.0
kc_set_b,720575940629893162,left,0.0
kc_set_b,720575940629894391,left,0.0
kc_set_b,720575940629895484,right,0.0
kc_set_b,720575940629899511,left,0.0
kc_set_b,720575940629899820,left,0.0
kc_set_b,720575940629909804,right,0.0
kc_set_b,720575940629909815,left,0.0
kc_set_b,720575940629911084,left,0.0
kc_set_b,720575940629916728,left,142.4
kc_set_b,720575940629916972,left,139.4
kc_set_b,720575940629917228,right,0.0
kc_set_b,720575940629917482,right,0.0
kc_set_b,720575940629921398,right,0.0
kc_set_b,720575940629921654,right,0.0
kc_set_b,720575940629922166,right,0.0
kc_set_b,720575940629942844,right,0.0
kc_set_b,720575940629946428,left,0.0
kc_set_b,720575940629949751,right,0.0
kc_set_b,720575940629951292,right,0.0
kc_set_b,720575940629952374,left,0.0
kc_set_b,720575940629955446,left,0.0
kc_set_b,720575940629960955,left,0.0
kc_set_b,720575940629966710,left,0.0
kc_set_b,720575940629967756,right,0.0
kc_set_b,720575940629971191,right,0.0
kc_set_b,720575940629973753,right,0.0
kc_set_b,720575940629978666,right,0.0
kc_set_b,720575940629979897,left,0.0
kc_set_b,720575940629984579,left,0.0
kc_set_b,720575940629997561,right,0.0
kc_set_b,720575940630011708,left,0.0
kc_set_b,720575940630023680,left,0.0
kc_set_b,720575940630025788,right,0.0
kc_set_b,720575940630026600,right,0.0
kc_set_b,720575940630026856,right,0.0
kc_set_b,720575940630036332,left,0.0
kc_set_b,720575940630038156,right,0.0
kc_set_b,720575940630039547,right,0.0
kc_set_b,720575940630044985,left,0.0
kc_set_b,720575940630047080,right,0.0
kc_set_b,720575940630049337,left,0.0
kc_set_b,720575940630060539,left,0.0
kc_set_b,720575940630063415,right,0.0
kc_set_b,720575940630063671,right,0.0
kc_set_b,720575940630063676,right,0.0
kc_set_b,720575940630067255,right,0.0
kc_set_b,720575940630067816,right,0.0
kc_set_b,720575940630067968,left,0.0
kc_set_b,720575940630078348,right,0.0
kc_set_b,720575940630094444,left,0.0
kc_set_b,720575940630109756,right,0.0
kc_set_b,720575940630114108,right,0.0
kc_set_b,720575940630115388,right,0.0
kc_set_b,720575940630139599,right,0.0
kc_set_b,720575940630146135,right,0.0
kc_set_b,720575940630159939,right,0.0
kc_set_b,720575940630166646,left,0.0
kc_set_b,720575940630170967,left,0.0
kc_set_b,720575940630176047,right,0.0
kc_set_b,720575940630179159,right,0.0
kc_set_b,720575940630180935,right,0.0
kc_set_b,720575940630188887,left,0.0
kc_set_b,720575940630189624,left,0.0
kc_set_b,720575940630189911,left,0.0
kc_set_b,720575940630192682,left,0.0
kc_set_b,720575940630193628,left,0.0
kc_set_b,720575940630218552,right,0.0
kc_set_b,720575940630219055,right,0.0
kc_set_b,720575940630219567,right,0.0
kc_set_b,720575940630222895,right,0.0
kc_set_b,720575940630228271,right,0.0
kc_set_b,720575940630250543,right,0.0
kc_set_b,720575940630251576,right,0.0
kc_set_b,720575940630263619,left,0.0
kc_set_b,720575940630265952,right,0.0
kc_set_b,720575940630269404,right,0.0
kc_set_b,720575940630269660,right,0.0
kc_set_b,720575940630272108,left,0.0
kc_set_b,720575940630288440,left,0.0
kc_set_b,720575940630290629,left,0.0
kc_set_b,720575940630296913,right,0.0
kc_set_b,720575940630299254,left,0.0
kc_set_b,720575940630300613,right,0.0
kc_set_b,720575940630312785,right,0.0
kc_set_b,720575940630323961,left,0.0
kc_set_b,720575940630331244,right,0.0
kc_set_b,720575940630332753,right,0.0
kc_set_b,720575940630336057,left,0.0
kc_set_b,720575940630351903,right,0.0
kc_set_b,720575940630360377,right,0.0
kc_set_b,720575940630371641,left,0.0
kc_set_b,720575940630372935,left,0.0
kc_set_b,720575940630385403,right,0.0
kc_set_b,720575940630391033,left,0.0
kc_set_b,720575940630392684,left,0.0
kc_set_b,720575940630394424,left,0.0
kc_set_b,720575940630399340,left,0.0
kc_set_b,720575940630399995,right,0.0
kc_set_b,720575940630403855,left,0.0
kc_set_b,720575940630411259,right,0.0
kc_set_b,720575940630411535,right,0.0
kc_set_b,720575940630411894,left,0.0
kc_set_b,720575940630413087,right,0.0
kc_set_b,720575940630414700,right,0.0
kc_set_b,720575940630415268,right,0.0
kc_set_b,720575940630418937,left,0.0
kc_set_b,720575940630419364,right,0.0
kc_set_b,720575940630419983,left,0.0
kc_set_b,720575940630420985,right,0.0
kc_set_b,720575940630425119,right,0.0
kc_set_b,720575940630427131,left,0.0
kc_set_b,720575940630428667,left,0.0
kc_set_b,720575940630428921,left,146.6
kc_set_b,720575940630430495,right,0.0
kc_set_b,720575940630432932,right,0.0
kc_set_b,720575940630436603,right,0.0
kc_set_b,720575940630440808,left,154.6
kc_set_b,720575940630443791,right,0.0
kc_set_b,720575940630450852,right,0.0
kc_set_b,720575940630452388,right,0.0
kc_set_b,720575940630452495,left,0.0
kc_set_b,720575940630456996,right,0.0
kc_set_b,720575940630461265,left,0.0
kc_set_b,720575940630464271,left,0.0
kc_set_b,720575940630465420,left,0.0
kc_set_b,720575940630467087,left,0.0
kc_set_b,720575940630469647,left,0.0
kc_set_b,720575940630471695,right,0.0
kc_set_b,720575940630475513,right,0.0
kc_set_b,720575940630477305,right,0.0
kc_set_b,720575940630488827,left,0.0
kc_set_b,720575940630493292,left,0.0
kc_set_b,720575940630496118,right,0.0
kc_set_b,720575940630497142,left,0.0
kc_set_b,720575940630499343,left,0.0
kc_set_b,720575940630511222,left,0.0
kc_set_b,720575940630512471,left,0.0
kc_set_b,720575940630519035,left,0.0
kc_set_b,720575940630521145,left,0.0
kc_set_b,720575940630525967,right,0.0
kc_set_b,720575940630533650,left,0.0
kc_set_b,720575940630537676,right,0.0
kc_set_b,720575940630547916,right,0.0
kc_set_b,720575940630555340,right,0.0
kc_set_b,720575940630559225,left,0.0
kc_set_b,720575940630560505,right,0.0
kc_set_b,720575940630561484,right,0.0
kc_set_b,720575940630571980,right,0.0
kc_set_b,720575940630573260,right,0.0
kc_set_b,720575940630578247,left,0.0
kc_set_b,720575940630592460,right,0.0
kc_set_b,720575940630598395,right,0.0
kc_set_b,720575940630612620,right,0.0
kc_set_b,720575940630613575,left,0.0
kc_set_b,720575940630613835,right,0.0
kc_set_b,720575940630616111,left,0.0
kc_set_b,720575940630617681,left,0.0
kc_set_b,720575940630620747,right,0.0
kc_set_b,720575940630620812,left,147.4
kc_set_b,720575940630634799,left,0.0
kc_set_b,720575940630650711,right,0.0
kc_set_b,720575940630651223,right,0.0
kc_set_b,720575940630652663,left,0.0
kc_set_b,720575940630668751,left,0.0
kc_set_b,720575940630671890,right,0.0
kc_set_b,720575940630675730,right,0.0
kc_set_b,720575940630679895,right,0.0
kc_set_b,720575940630682449,left,0.0
kc_set_b,720575940630682927,left,0.0
kc_set_b,720575940630687827,right,0.0
kc_set_b,720575940630696443,left,0.0
kc_set_b,720575940630705745,left,0.0
kc_set_b,720575940630715410,left,0.0
kc_set_b,720575940630722757,right,0.0
kc_set_b,720575940630726085,left,0.0
kc_set_b,720575940630731148,left,0.0
kc_set_b,720575940630733137,right,0.0
kc_set_b,720575940630751535,right,0.0
kc_set_b,720575940630754252,left,0.0
kc_set_b,720575940630759507,right,0.0
kc_set_b,720575940630764741,right,0.0
kc_set_b,720575940630767703,left,0.0
kc_set_b,720575940630769962,left,0.0
kc_set_b,720575940630775891,right,0.0
kc_set_b,720575940630780755,right,0.0
kc_set_b,720575940630786346,left,0.0
kc_set_b,720575940630789071,left,0.0
kc_set_b,720575940630792399,left,0.0
kc_set_b,720575940630793413,left,0.0
kc_set_b,720575940630823239,left,0.0
kc_set_b,720575940630833706,left,0.0
kc_set_b,720575940630834503,left,0.0
kc_set_b,720575940630848740,left,0.0
kc_set_b,720575940630849311,left,145.2
kc_set_b,720575940630853948,right,0.0
kc_set_b,720575940630862287,left,138.6
kc_set_b,720575940630868013,right,0.0
kc_set_b,720575940630868525,right,0.0
kc_set_b,720575940630877903,left,0.0
kc_set_b,720575940630878253,right,0.0
kc_set_b,720575940630879533,right,0.0
kc_set_b,720575940630881989,right,0.0
kc_set_b,720575940630902083,right,0.0
kc_set_b,720575940630906029,right,0.0
kc_set_b,720575940630906179,left,0.0
kc_set_b,720575940630906655,right,0.0
kc_set_b,720575940630912512,right,0.0
kc_set_b,720575940630917293,right,0.0
kc_set_b,720575940630917573,left,0.0
kc_set_b,720575940630920479,left,0.0
kc_set_b,720575940630923693,right,0.0
kc_set_b,720575940630926866,left,0.0
kc_set_b,720575940630935570,right,0.0
kc_set_b,720575940630936915,left,0.0
kc_set_b,720575940630947395,right,0.0
kc_set_b,720575940630949187,right,0.0
kc_set_b,720575940630961464,left,0.0
kc_set_b,720575940630966840,right,0.0
kc_set_b,720575940630969555,right,0.0
kc_set_b,720575940630972747,left,0.0
kc_set_b,720575940630983186,left,0.0
kc_set_b,720575940630987091,left,0.0
kc_set_b,720575940630999327,left,145.0
kc_set_b,720575940631002386,right,0.0
kc_set_b,720575940631003151,left,0.0
kc_set_b,720575940631003410,left,0.0
kc_set_b,720575940631017124,left,0.0
kc_set_b,720575940631017932,right,0.0
kc_set_b,720575940631019468,right,0.0
kc_set_b,720575940631024682,right,0.0
kc_set_b,720575940631024911,right,0.0
kc_set_b,720575940631027148,left,0.0
kc_set_b,720575940631034955,left,0.0
kc_set_b,720575940631035154,right,0.0
kc_set_b,720575940631036687,left,0.0
kc_set_b,720575940631041823,left,0.0
kc_set_b,720575940631043896,left,0.0
kc_set_b,720575940631048267,right,0.0
kc_set_b,720575940631054540,right,0.0
kc_set_b,720575940631056971,left,0.0
kc_set_b,720575940631057209,left,0.0
kc_set_b,720575940631062603,right,0.0
kc_set_b,720575940631088402,right,0.0
kc_set_b,720575940631089935,right,0.0
kc_set_b,720575940631093007,left,0.0
kc_set_b,720575940631100175,left,0.0
kc_set_b,720575940631106319,left,148.6
kc_set_b,720575940631108179,left,0.0
kc_set_b,720575940631141699,left,0.0
kc_set_b,720575940631143383,right,0.0
kc_set_b,720575940631154380,left,0.0
kc_set_b,720575940631167811,left,0.0
kc_set_b,720575940631177035,right,0.0
kc_set_b,720575940631186861,left,0.0
kc_set_b,720575940631201079,left,0.0
kc_set_b,720575940631203384,left,0.0
kc_set_b,720575940631216682,right,0.0
kc_set_b,720575940631237433,right,0.0
kc_set_b,720575940631256168,right,0.0
kc_set_b,720575940631262125,left,0.0
kc_set_b,720575940631272515,left,0.0
kc_set_b,720575940631275821,left,0.0
kc_set_b,720575940631284012,right,0.0
kc_set_b,720575940631292202,left,0.0
kc_set_b,720575940631295018,left,0.0
kc_set_b,720575940631302186,left,0.0
kc_set_b,720575940631305164,left,0.0
kc_set_b,720575940631307053,left,0.0
kc_set_b,720575940631335417,left,0.0
kc_set_b,720575940631336930,right,0.0
kc_set_b,720575940631342476,right,0.0
kc_set_b,720575940631351619,right,0.0
kc_set_b,720575940631360429,left,0.0
kc_set_b,720575940631379783,left,0.0
kc_set_b,720575940631387463,right,0.0
kc_set_b,720575940631387719,left,0.0
kc_set_b,720575940631388231,right,0.0
kc_set_b,720575940631388743,left,0.0
kc_set_b,720575940631399978,right,0.0
kc_set_b,720575940631403335,left,0.0
kc_set_b,720575940631406547,right,0.0
kc_set_b,720575940631408199,right,0.0
kc_set_b,720575940631408610,right,0.0
kc_set_b,720575940631425235,right,0.0
kc_set_b,720575940631432403,right,0.0
kc_set_b,720575940631434722,right,0.0
kc_set_b,720575940631435345,left,0.0
kc_set_b,720575940631447363,right,0.0
kc_set_b,720575940631448531,right,0.0
kc_set_b,720575940631448913,left,0.0
kc_set_b,720575940631451897,left,0.0
kc_set_b,720575940631453763,right,0.0
kc_set_b,720575940631453922,right,0.0
kc_set_b,720575940631458371,right,0.0
kc_set_b,720575940631470417,left,145.0
kc_set_b,720575940631471185,left,0.0
kc_set_b,720575940631483949,left,0.0
kc_set_b,720575940631485251,right,0.0
kc_set_b,720575940631490371,left,0.0
kc_set_b,720575940631492419,left,0.0
kc_set_b,720575940631498819,right,0.0
kc_set_b,720575940631499587,left,0.0
kc_set_b,720575940631502509,right,0.0
kc_set_b,720575940631531055,right,0.0
kc_set_b,720575940631549743,right,0.0
kc_set_b,720575940631553164,right,0.0
kc_set_b,720575940631555128,left,0.0
kc_set_b,720575940631562031,left,0.0
kc_set_b,720575940631565359,left,0.0
kc_set_b,720575940631571247,left,0.0
kc_set_b,720575940631573039,right,0.0
kc_set_b,720575940631575599,right,0.0
kc_set_b,720575940631575855,left,0.0
kc_set_b,720575940631576109,left,0.0
kc_set_b,720575940631577569,right,0.0
kc_set_b,720575940631584057,left,0.0
kc_set_b,720575940631587129,left,0.0
kc_set_b,720575940631587897,left,0.0
kc_set_b,720575940631589689,right,0.0
kc_set_b,720575940631594809,right,0.0
kc_set_b,720575940631601219,left,0.0
kc_set_b,720575940631603267,right,0.0
kc_set_b,720575940631603768,right,0.0
kc_set_b,720575940631620921,right,0.0
kc_set_b,720575940631621689,right,0.0
kc_set_b,720575940631624673,right,0.0
kc_set_b,720575940631624761,right,0.0
kc_set_b,720575940631625272,right,0.0
kc_set_b,720575940631626809,left,0.0
kc_set_b,720575940631627843,right,0.0
kc_set_b,720575940631630561,right,0.0
kc_set_b,720575940631647043,right,0.0
kc_set_b,720575940631650274,left,0.0
kc_set_b,720575940631650361,left,152.2
kc_set_b,720575940631655737,left,0.0
kc_set_b,720575940631661281,right,0.0
kc_set_b,720575940631662049,right,0.0
kc_set_b,720575940631662147,left,0.0
kc_set_b,720575940631665721,left,0.0
kc_set_b,720575940631666243,left,0.0
kc_set_b,720575940631667937,right,0.0
kc_set_b,720575940631678689,right,0.0
kc_set_b,720575940631686308,right,0.0
kc_set_b,720575940631687332,left,0.0
kc_set_b,720575940631687844,left,0.0
kc_set_b,720575940631694137,right,0.0
kc_set_b,720575940631701807,left,0.0
kc_set_b,720575940631713384,left,0.0
kc_set_b,720575940631716409,left,0.0
kc_set_b,720575940631718969,left,0.0
kc_set_b,720575940631731620,right,0.0
kc_set_b,720575940631732328,left,0.0
kc_set_b,720575940631741032,left,0.0
kc_set_b,720575940631741613,left,0.0
kc_set_b,720575940631754527,right,0.0
kc_set_b,720575940631756136,right,0.0
kc_set_b,720575940631759161,right,0.0
kc_set_b,720575940631761183,left,0.0
kc_set_b,720575940631761977,left,0.0
kc_set_b,720575940631763257,left,0.0
kc_set_b,720575940631764281,right,0.0
kc_set_b,720575940631767353,left,0.0
kc_set_b,720575940631769145,left,0.0
kc_set_b,720575940631774776,left,0.0
kc_set_b,720575940631775032,right,0.0
kc_set_b,720575940631777567,right,0.0
kc_set_b,720575940631782447,right,0.0
kc_set_b,720575940631782712,right,0.0
kc_set_b,720575940631791672,left,0.0
kc_set_b,720575940631792184,left,143.4
kc_set_b,720575940631792440,left,0.0
kc_set_b,720575940631798888,right,0.0
kc_set_b,720575940631801401,right,0.0
kc_set_b,720575940631801631,right,0.0
kc_set_b,720575940631827527,right,0.0
kc_set_b,720575940631835673,right,0.0
kc_set_b,720575940631840568,left,0.0
kc_set_b,720575940631842956,right,0.0
kc_set_b,720575940631843980,left,0.0
kc_set_b,720575940631868999,right,0.0
kc_set_b,720575940631875097,right,0.0
kc_set_b,720575940631879193,right,0.0
kc_set_b,720575940631880217,right,0.0
kc_set_b,720575940631919756,left,0.0
kc_set_b,720575940631926599,left,0.0
kc_set_b,720575940631934348,left,0.0
kc_set_b,720575940631943649,left,0.0
kc_set_b,720575940631957319,left,0.0
kc_set_b,720575940631964620,left,0.0
kc_set_b,720575940631967575,right,0.0
kc_set_b,720575940631975379,right,0.0
kc_set_b,720575940631991879,right,0.0
kc_set_b,720575940631994439,left,0.0
kc_set_b,720575940631998023,right,0.0
kc_set_b,720575940632001607,left,0.0
kc_set_b,720575940632003409,right,0.0
kc_set_b,720575940632006481,left,0.0
kc_set_b,720575940632009356,right,0.0
kc_set_b,720575940632010567,right,0.0
kc_set_b,720575940632019247,right,0.0
kc_set_b,720575940632030412,left,0.0
kc_set_b,720575940632031372,left,143.6
kc_set_b,720575940632034700,left,0.0
kc_set_b,720575940632060641,left,0.0
kc_set_b,720575940632068383,right,0.0
kc_set_b,720575940632077081,left,0.0
kc_set_b,720575940632077127,right,0.0
kc_set_b,720575940632078929,right,0.0
kc_set_b,720575940632081479,left,0.0
kc_set_b,720575940632086865,left,147.0
kc_set_b,720575940632098375,right,0.0
kc_set_b,720575940632105809,left,0.0
kc_set_b,720575940632111780,right,0.0
kc_set_b,720575940632114658,left,0.0
kc_set_b,720575940632115247,right,0.0
kc_set_b,720575940632123439,right,0.0
kc_set_b,720575940632123695,left,0.0
kc_set_b,720575940632135249,right,0.0
kc_set_b,720575940632144813,right,0.0
kc_set_b,720575940632149039,left,0.0
kc_set_b,720575940632164269,right,0.0
kc_set_b,720575940632169007,right,0.0
kc_set_b,720575940632172591,right,0.0
kc_set_b,720575940632172770,left,0.0
kc_set_b,720575940632173103,right,0.0
kc_set_b,720575940632177453,left,0.0
kc_set_b,720575940632179364,left,0.0
kc_set_b,720575940632182692,right,0.0
kc_set_b,720575940632195887,left,0.0
kc_set_b,720575940632197935,right,0.0
kc_set_b,720575940632203823,right,0.0
kc_set_b,720575940632210145,right,0.0
kc_set_b,720575940632221779,left,0.0
kc_set_b,720575940632229788,right,0.0
kc_set_b,720575940632233628,right,0.0
kc_set_b,720575940632241828,left,0.0
kc_set_b,720575940632271780,left,145.8
kc_set_b,720575940632273378,left,0.0
kc_set_b,720575940632306380,left,0.0
kc_set_b,720575940632335129,left,0.0
kc_set_b,720575940632336685,left,0.0
kc_set_b,720575940632338145,left,0.0
kc_set_b,720575940632342497,left,0.0
kc_set_b,720575940632347423,left,0.0
kc_set_b,720575940632351457,left,0.0
kc_set_b,720575940632353499,right,0.0
kc_set_b,720575940632357284,right,0.0
kc_set_b,720575940632357984,right,0.0
kc_set_b,720575940632358564,right,0.0
kc_set_b,720575940632362015,left,0.0
kc_set_b,720575940632364717,right,0.0
kc_set_b,720575940632366623,right,0.0
kc_set_b,720575940632370719,left,0.0
kc_set_b,720575940632371040,right,0.0
kc_set_b,720575940632371737,right,0.0
kc_set_b,720575940632377375,right,0.0
kc_set_b,720575940632388138,right,0.0
kc_set_b,720575940632407635,left,0.0
kc_set_b,720575940632433828,right,0.0
kc_set_b,720575940632434340,right,0.0
kc_set_b,720575940632437331,right,0.0
kc_set_b,720575940632447827,left,0.0
kc_set_b,720575940632453151,left,0.0
kc_set_b,720575940632465945,right,0.0
kc_set_b,720575940632473440,right,0.0
kc_set_b,720575940632481363,right,0.0
kc_set_b,720575940632495052,right,0.0
kc_set_b,720575940632510048,right,0.0
kc_set_b,720575940632525071,left,0.0
kc_set_b,720575940632528671,right,0.0
kc_set_b,720575940632529439,left,148.6
kc_set_b,720575940632530207,left,0.0
kc_set_b,720575940632531231,left,0.0
kc_set_b,720575940632532255,right,0.0
kc_set_b,720575940632532511,left,0.0
kc_set_b,720575940632536780,right,0.0
kc_set_b,720575940632552343,right,0.0
kc_set_b,720575940632558675,right,0.0
kc_set_b,720575940632582807,right,0.0
kc_set_b,720575940632583831,right,0.0
kc_set_b,720575940632584787,right,0.0
kc_set_b,720575940632585043,right,0.0
kc_set_b,720575940632592429,left,0.0
kc_set_b,720575940632617164,right,0.0
kc_set_b,720575940632635475,left,0.0
kc_set_b,720575940632651932,left,0.0
kc_set_b,720575940632652077,right,0.0
kc_set_b,720575940632668973,right,0.0
kc_set_b,720575940632676409,right,0.0
kc_set_b,720575940632696877,left,0.0
kc_set_b,720575940632704941,left,0.0
kc_set_b,720575940632715053,left,0.0
kc_set_b,720575940632718291,right,0.0
kc_set_b,720575940632725459,right,0.0
kc_set_b,720575940632728476,right,0.0
kc_set_b,720575940632734253,left,0.0
kc_set_b,720575940632735021,right,0.0
kc_set_b,720575940632736045,right,0.0
kc_set_b,720575940632737837,left,0.0
kc_set_b,720575940632738093,left,0.0
kc_set_b,720575940632745261,left,0.0
kc_set_b,720575940632758041,left,0.0
kc_set_b,720575940632804543,right,0.0
kc_set_b,720575940632805037,right,0.0
kc_set_b,720575940632813741,left,0.0
kc_set_b,720575940632835298,left,0.0
kc_set_b,720575940632835810,right,0.0
kc_set_b,720575940632839085,right,0.0
kc_set_b,720575940632841539,left,0.0
kc_set_b,720575940632848045,right,0.0
kc_set_b,720575940632849069,right,0.0
kc_set_b,720575940632873645,left,0.0
kc_set_b,720575940632904043,left,0.0
kc_set_b,720575940632915937,left,0.0
kc_set_b,720575940632917217,left,0.0
kc_set_b,720575940632919265,right,0.0
kc_set_b,720575940632925409,left,0.0
kc_set_b,720575940632927405,right,0.0
kc_set_b,720575940632928173,left,0.0
kc_set_b,720575940632929178,right,0.0
kc_set_b,720575940632929690,right,0.0
kc_set_b,720575940632930458,right,0.0
kc_set_b,720575940632932506,right,0.0
kc_set_b,720575940632932762,right,0.0
kc_set_b,720575940632940442,right,0.0
kc_set_b,720575940632946272,left,0.0
kc_set_b,720575940632950241,left,0.0
kc_set_b,720575940632951266,right,0.0
kc_set_b,720575940632963245,right,0.0
kc_set_b,720575940632964269,right,0.0
kc_set_b,720575940632964704,left,146.0
kc_set_b,720575940632969567,right,0.0
kc_set_b,720575940632980378,right,0.0
kc_set_b,720575940632985495,left,142.4
kc_set_b,720575940632988385,left,0.0
kc_set_b,720575940633002040,left,0.0
kc_set_b,720575940633004383,right,0.0
kc_set_b,720575940633021631,left,141.6
kc_set_b,720575940633023935,left,0.0
kc_set_b,720575940633032599,left,0.0
kc_set_b,720575940633034336,right,0.0
kc_set_b,720575940633040223,right,0.0
kc_set_b,720575940633043295,right,0.0
kc_set_b,720575940633056467,right,0.0
kc_set_b,720575940633058897,left,0.0
kc_set_b,720575940633073760,right,0.0
kc_set_b,720575940633074015,right,0.0
kc_set_b,720575940633075163,right,0.0
kc_set_b,720575940633093483,right,0.0
kc_set_b,720575940633102361,left,0.0
kc_set_b,720575940633103059,right,0.0
kc_set_b,720575940633123609,right,0.0
kc_set_b,720575940633140887,right,0.0
kc_set_b,720575940633142170,left,0.0
kc_set_b,720575940633146007,right,0.0
kc_set_b,720575940633146475,right,0.0
kc_set_b,720575940633155226,left,0.0
kc_set_b,720575940633186771,right,0.0
kc_set_b,720575940633188459,right,0.0
kc_set_b,720575940633207962,right,0.0
kc_set_b,720575940633210475,right,0.0
kc_set_b,720575940633212779,right,0.0
kc_set_b,720575940633215339,right,0.0
kc_set_b,720575940633219775,left,0.0
kc_set_b,720575940633224555,right,0.0
kc_set_b,720575940633226603,right,0.0
kc_set_b,720575940633231827,left,0.0
kc_set_b,720575940633243755,right,0.0
kc_set_b,720575940633247935,left,0.0
kc_set_b,720575940633271191,left,0.0
kc_set_b,720575940633289111,left,0.0
kc_set_b,720575940633300927,right,0.0
kc_set_b,720575940633301183,right,0.0
kc_set_b,720575940633312482,right,0.0
kc_set_b,720575940633323415,left,0.0
kc_set_b,720575940633323674,left,0.0
kc_set_b,720575940633333986,left,0.0
kc_set_b,720575940633336727,left,0.0
kc_set_b,720575940633340753,left,0.0
kc_set_b,720575940633369425,left,0.0
kc_set_b,720575940633386603,left,145.2
kc_set_b,720575940633402082,right,0.0
kc_set_b,720575940633416162,left,0.0
kc_set_b,720575940633422687,left,0.0
kc_set_b,720575940633466524,right,0.0
kc_set_b,720575940633493660,right,0.0
kc_set_b,720575940633496290,left,0.0
kc_set_b,720575940633509471,right,0.0
kc_set_b,720575940633516980,right,0.0
kc_set_b,720575940633521588,right,0.0
kc_set_b,720575940633550305,left,0.0
kc_set_b,720575940633551028,right,0.0
kc_set_b,720575940633551540,right,0.0
kc_set_b,720575940633552820,right,0.0
kc_set_b,720575940633560545,right,0.0
kc_set_b,720575940633565154,right,0.0
kc_set_b,720575940633566690,left,0.0
kc_set_b,720575940633569215,left,0.0
kc_set_b,720575940633569784,right,0.0
kc_set_b,720575940633570808,right,0.0
kc_set_b,720575940633572250,left,0.0
kc_set_b,720575940633572506,left,0.0
kc_set_b,720575940633575275,left,0.0
kc_set_b,720575940633580024,right,0.0
kc_set_b,720575940633596826,left,0.0
kc_set_b,720575940633620940,left,0.0
kc_set_b,720575940633622379,left,0.0
kc_set_b,720575940633659802,left,0.0
kc_set_b,720575940633673497,left,0.0
kc_set_b,720575940633674521,left,0.0
kc_set_b,720575940633676569,left,0.0
kc_set_b,720575940633691161,left,0.0
kc_set_b,720575940633710105,right,0.0
kc_set_b,720575940633732448,left,0.0
kc_set_b,720575940633742432,left,0.0
kc_set_b,720575940633748505,left,0.0
kc_set_b,720575940633750297,left,0.0
kc_set_b,720575940633754804,left,0.0
kc_set_b,720575940633755828,left,0.0
kc_set_b,720575940633763832,left,0.0
kc_set_b,720575940633771256,left,0.0
kc_set_b,720575940633773849,right,0.0
kc_set_b,720575940633785369,right,0.0
kc_set_b,720575940633799961,left,0.0
kc_set_b,720575940633802009,right,0.0
kc_set_b,720575940633808665,left,0.0
kc_set_b,720575940633813785,right,0.0
kc_set_b,720575940633830392,left,147.6
kc_set_b,720575940633851243,left,0.0
kc_set_b,720575940633886765,right,0.0
kc_set_b,720575940633904736,left,0.0
kc_set_b,720575940633907607,left,0.0
kc_set_b,720575940633908124,right,0.0
kc_set_b,720575940633908887,right,0.0
kc_set_b,720575940633911959,right,0.0
kc_set_b,720575940633932951,right,0.0
kc_set_b,720575940633934772,left,0.0
kc_set_b,720575940633989999,right,0.0
kc_set_b,720575940633996911,right,0.0
kc_set_b,720575940634000495,right,0.0
kc_set_b,720575940634001007,right,0.0
kc_set_b,720575940634004892,left,0.0
kc_set_b,720575940634006355,right,0.0
kc_set_b,720575940634012015,right,0.0
kc_set_b,720575940634018415,right,0.0
kc_set_b,720575940634032376,left,0.0
kc_set_b,720575940634045084,left,0.0
kc_set_b,720575940634071476,left,0.0
kc_set_b,720575940634072756,right,0.0
kc_set_b,720575940634078200,right,0.0
kc_set_b,720575940634107292,left,0.0
kc_set_b,720575940634117216,right,0.0
kc_set_b,720575940634131356,left,0.0
kc_set_b,720575940634141024,left,0.0
kc_set_b,720575940634146808,right,0.0
kc_set_b,720575940634154140,right,0.0
kc_set_b,720575940634163552,left,0.0
kc_set_b,720575940634195448,left,0.0
kc_set_b,720575940634199732,left,0.0
kc_set_b,720575940634209376,left,0.0
kc_set_b,720575940634231999,right,0.0
kc_set_b,720575940634235744,right,0.0
kc_set_b,720575940634236015,left,144.6
kc_set_b,720575940634244788,left,0.0
kc_set_b,720575940634294367,right,0.0
kc_set_b,720575940634296951,right,0.0
kc_set_b,720575940634342007,right,0.0
kc_set_b,720575940634347360,right,0.0
kc_set_b,720575940634351200,right,0.0
kc_set_b,720575940634362999,right,0.0
kc_set_b,720575940634377327,left,148.4
kc_set_b,720575940634384224,left,0.0
kc_set_b,720575940634429039,left,0.0
kc_set_b,720575940634430103,right,0.0
kc_set_b,720575940634442091,right,0.0
kc_set_b,720575940634455403,left,0.0
kc_set_b,720575940634463083,left,0.0
kc_set_b,720575940634464869,right,0.0
kc_set_b,720575940634468197,right,0.0
kc_set_b,720575940634468463,right,0.0
kc_set_b,720575940634490735,right,0.0
kc_set_b,720575940634507639,left,141.0
kc_set_b,720575940634510703,left,0.0
kc_set_b,720575940634514533,right,0.0
kc_set_b,720575940634546807,left,0.0
kc_set_b,720575940634607511,left,0.0
kc_set_b,720575940634608791,left,0.0
kc_set_b,720575940634609815,left,0.0
kc_set_b,720575940634638734,right,0.0
kc_set_b,720575940634638990,right,0.0
kc_set_b,720575940634640014,right,0.0
kc_set_b,720575940634661806,right,0.0
kc_set_b,720575940634664674,right,0.0
kc_set_b,720575940634678895,left,0.0
kc_set_b,720575940634701431,left,0.0
kc_set_b,720575940634706789,left,0.0
kc_set_b,720575940634709143,left,0.0
kc_set_b,720575940634743903,left,0.0
kc_set_b,720575940634759359,left,0.0
kc_set_b,720575940634799295,left,0.0
kc_set_b,720575940634800282,right,0.0
kc_set_b,720575940634800759,right,0.0
kc_set_b,720575940634808927,left,0.0
kc_set_b,720575940634811743,left,0.0
kc_set_b,720575940634836671,right,0.0
kc_set_b,720575940634839487,right,0.0
kc_set_b,720575940634839743,left,0.0
kc_set_b,720575940634839988,right,0.0
kc_set_b,720575940634842292,left,0.0
kc_set_b,720575940634845029,left,0.0
kc_set_b,720575940634849375,right,0.0
kc_set_b,720575940634849460,right,0.0
kc_set_b,720575940634858676,right,0.0
kc_set_b,720575940634867039,left,0.0
kc_set_b,720575940634868472,left,0.0
kc_set_b,720575940634878047,right,0.0
kc_set_b,720575940634890175,right,0.0
kc_set_b,720575940634903397,left,0.0
kc_set_b,720575940634906286,left,0.0
kc_set_b,720575940634914552,right,0.0
kc_set_b,720575940634916088,left,0.0
kc_set_b,720575940634920543,right,0.0
kc_set_b,720575940634923967,left,0.0
kc_set_b,720575940634935194,left,0.0
kc_set_b,720575940634937951,right,0.0
kc_set_b,720575940634939034,right,0.0
kc_set_b,720575940634939546,left,0.0
kc_set_b,720575940634942362,right,0.0
kc_set_b,720575940634948703,left,0.0
kc_set_b,720575940634951007,right,0.0
kc_set_b,720575940634953055,left,0.0
kc_set_b,720575940634954164,right,0.0
kc_set_b,720575940634959461,left,0.0
kc_set_b,720575940634967962,right,0.0
kc_set_b,720575940634968939,left,0.0
kc_set_b,720575940634969701,right,0.0
kc_set_b,720575940634975851,right,0.0
kc_set_b,720575940634977893,right,0.0
kc_set_b,720575940634989560,right,0.0
kc_set_b,720575940634992735,left,0.0
kc_set_b,720575940635006559,left,0.0
kc_set_b,720575940635012238,left,0.0
kc_set_b,720575940635016048,right,0.0
kc_set_b,720575940635031403,left,0.0
kc_set_b,720575940635033701,right,0.0
kc_set_b,720575940635035278,left,0.0
kc_set_b,720575940635075179,left,0.0
kc_set_b,720575940635110286,right,0.0
kc_set_b,720575940635144078,left,0.0
kc_set_b,720575940635150990,right,0.0
kc_set_b,720575940635153294,right,0.0
kc_set_b,720575940635213998,right,0.0
kc_set_b,720575940635286958,left,0.0
kc_set_b,720575940635288943,right,0.0
kc_set_b,720575940635291247,left,0.0
kc_set_b,720575940635309304,right,0.0
kc_set_b,720575940635353592,left,0.0
kc_set_b,720575940635361454,left,0.0
kc_set_b,720575940635370096,left,0.0
kc_set_b,720575940635386616,right,0.0
kc_set_b,720575940635389808,left,0.0
kc_set_b,720575940635397880,left,0.0
kc_set_b,720575940635415664,left,0.0
kc_set_b,720575940635422320,left,0.0
kc_set_b,720575940635425460,left,144.0
kc_set_b,720575940635452408,right,0.0
kc_set_b,720575940635465908,right,0.0
kc_set_b,720575940635471608,left,0.0
kc_set_b,720575940635489272,left,0.0
kc_set_b,720575940635493044,left,0.0
kc_set_b,720575940635498871,right,0.0
kc_set_b,720575940635499888,right,0.0
kc_set_b,720575940635509360,left,0.0
kc_set_b,720575940635537271,left,0.0
kc_set_b,720575940635538039,left,0.0
kc_set_b,720575940635538807,left,0.0
kc_set_b,720575940635541623,right,0.0
kc_set_b,720575940635614942,right,0.0
kc_set_b,720575940635628766,right,0.0
kc_set_b,720575940635651735,left,0.0
kc_set_b,720575940635656670,right,0.0
kc_set_b,720575940635659486,right,0.0
kc_set_b,720575940635668592,left,0.0
kc_set_b,720575940635670128,left,0.0
kc_set_b,720575940635696535,right,0.0
kc_set_b,720575940635717743,left,154.6
kc_set_b,720575940635719023,left,0.0
kc_set_b,720575940635753071,left,0.0
kc_set_b,720575940635800431,right,0.0
kc_set_b,720575940635803876,right,0.0
kc_set_b,720575940635807087,right,0.0
kc_set_b,720575940635841399,left,0.0
kc_set_b,720575940635850206,left,0.0
kc_set_b,720575940635883748,right,0.0
kc_set_b,720575940635884143,right,0.0
kc_set_b,720575940635884911,right,0.0
kc_set_b,720575940635899566,left,0.0
kc_set_b,720575940635900773,left,0.0
kc_set_b,720575940635908580,right,0.0
kc_set_b,720575940635920814,left,0.0
kc_set_b,720575940635953343,right,0.0
kc_set_b,720575940636023438,left,0.0
kc_set_b,720575940636026089,right,0.0
kc_set_b,720575940636045175,right,0.0
kc_set_b,720575940636048862,left,0.0
kc_set_b,720575940636059226,right,0.0
kc_set_b,720575940636069751,right,0.0
kc_set_b,720575940636092393,right,0.0
kc_set_b,720575940636114239,right,0.0
kc_set_b,720575940636126783,right,0.0
kc_set_b,720575940636134775,left,0.0
kc_set_b,720575940636135543,right,0.0
kc_set_b,720575940636135799,right,0.0
kc_set_b,720575940636136567,right,0.0
kc_set_b,720575940636143679,right,0.0
kc_set_b,720575940636146409,right,0.0
kc_set_b,720575940636159039,right,0.0
kc_set_b,720575940636159198,right,0.0
kc_set_b,720575940636168414,right,0.0
kc_set_b,720575940636171383,left,0.0
kc_set_b,720575940636171639,left,0.0
kc_set_b,720575940636224142,right,0.0
kc_set_b,720575940636230746,left,142.4
kc_set_b,720575940636242039,right,0.0
kc_set_b,720575940636246446,right,0.0
kc_set_b,720575940636272862,left,0.0
kc_set_b,720575940636291429,right,0.0
kc_set_b,720575940636291941,left,0.0
kc_set_b,720575940636294110,left,0.0
kc_set_b,720575940636297700,left,0.0
kc_set_b,720575940636302711,left,0.0
kc_set_b,720575940636306789,left,0.0
kc_set_b,720575940636316137,left,0.0
kc_set_b,720575940636323982,left,0.0
kc_set_b,720575940636325865,left,0.0
kc_set_b,720575940636335984,left,0.0
kc_set_b,720575940636352357,right,0.0
kc_set_b,720575940636353934,left,0.0
kc_set_b,720575940636356836,right,0.0
kc_set_b,720575940636363621,left,0.0
kc_set_b,720575940636364133,right,0.0
kc_set_b,720575940636375653,right,0.0
kc_set_b,720575940636381541,left,0.0
kc_set_b,720575940636422372,right,0.0
kc_set_b,720575940636426126,left,0.0
kc_set_b,720575940636430437,right,0.0
kc_set_b,720575940636431022,left,0.0
kc_set_b,720575940636447630,right,0.0
kc_set_b,720575940636488878,right,0.0
kc_set_b,720575940636490894,left,0.0
kc_set_b,720575940636508644,left,0.0
kc_set_b,720575940636510015,left,0.0
kc_set_b,720575940636513882,right,0.0
kc_set_b,720575940636519598,right,0.0
kc_set_b,720575940636528959,left,0.0
kc_set_b,720575940636539790,left,0.0
kc_set_b,720575940636547561,left,0.0
kc_set_b,720575940636551086,right,0.0
kc_set_b,720575940636553306,right,0.0
kc_set_b,720575940636553390,right,0.0
kc_set_b,720575940636553646,right,0.0
kc_set_b,720575940636555182,left,0.0
kc_set_b,720575940636560730,right,0.0
kc_set_b,720575940636561636,left,0.0
kc_set_b,720575940636561641,left,0.0
kc_set_b,720575940636562916,left,146.2
kc_set_b,720575940636562921,left,135.4
kc_set_b,720575940636571310,left,0.0
kc_set_b,720575940636576436,left,0.0
kc_set_b,720575940636579817,left,0.0
kc_set_b,720575940636605530,right,0.0
kc_set_b,720575940636636486,right,0.0
kc_set_b,720575940636640602,right,0.0
kc_set_b,720575940636665262,right,0.0
kc_set_b,720575940636675817,right,0.0
kc_set_b,720575940636676976,left,0.0
kc_set_b,720575940636677190,right,0.0
kc_set_b,720575940636685894,right,0.0
kc_set_b,720575940636695982,left,0.0
kc_set_b,720575940636698286,left,0.0
kc_set_b,720575940636698798,left,0.0
kc_set_b,720575940636769343,right,0.0
kc_set_b,720575940636839280,right,0.0
kc_set_b,720575940636841286,left,0.0
kc_set_b,720575940636848710,left,0.0
kc_set_b,720575940636851824,left,0.0
kc_set_b,720575940636877936,right,0.0
kc_set_b,720575940636898281,right,0.0
kc_set_b,720575940636909790,left,0.0
kc_set_b,720575940636920542,right,0.0
kc_set_b,720575940636946398,left,0.0
kc_set_b,720575940636991856,right,0.0
kc_set_b,720575940637037126,left,0.0
kc_set_b,720575940637050933,right,0.0
kc_set_b,720575940637055797,right,0.0
kc_set_b,720575940637112390,left,0.0
kc_set_b,720575940637118174,right,0.0
kc_set_b,720575940637124422,left,0.0
kc_set_b,720575940637143262,left,0.0
kc_set_b,720575940637148486,right,0.0
kc_set_b,720575940637164260,right,0.0
kc_set_b,720575940637165157,left,0.0
kc_set_b,720575940637169636,left,0.0
kc_set_b,720575940637169998,right,0.0
kc_set_b,720575940637171684,left,0.0
kc_set_b,720575940637184078,right,0.0
kc_set_b,720575940637186638,right,0.0
kc_set_b,720575940637190990,right,0.0
kc_set_b,720575940637211462,right,0.0
kc_set_b,720575940637219918,right,0.0
kc_set_b,720575940637222470,right,0.0
kc_set_b,720575940637225798,right,0.0
kc_set_b,720575940637255221,left,0.0
kc_set_b,720575940637256245,left,0.0
kc_set_b,720575940637277117,right,0.0
kc_set_b,720575940637315418,right,0.0
kc_set_b,720575940637316029,right,0.0
kc_set_b,720575940637320381,right,0.0
kc_set_b,720575940637333214,left,0.0
kc_set_b,720575940637335518,left,0.0
kc_set_b,720575940637339738,right,0.0
kc_set_b,720575940637352511,left,0.0
kc_set_b,720575940637372894,right,0.0
kc_set_b,720575940637389902,left,148.4
kc_set_b,720575940637395945,left,0.0
kc_set_b,720575940637402995,left,0.0
kc_set_b,720575940637404750,right,0.0
kc_set_b,720575940637407209,right,0.0
kc_set_b,720575940637412841,left,0.0
kc_set_b,720575940637434601,right,0.0
kc_set_b,720575940637435726,left,0.0
kc_set_b,720575940637446453,left,0.0
kc_set_b,720575940637446622,right,0.0
kc_set_b,720575940637465054,right,0.0
kc_set_b,720575940637487293,left,0.0
kc_set_b,720575940637508698,right,0.0
kc_set_b,720575940637508917,left,0.0
kc_set_b,720575940637509173,left,0.0
kc_set_b,720575940637509941,left,0.0
kc_set_b,720575940637518558,left,0.0
kc_set_b,720575940637526750,right,0.0
kc_set_b,720575940637535797,left,0.0
kc_set_b,720575940637539647,right,0.0
kc_set_b,720575940637540952,right,0.0
kc_set_b,720575940637580659,right,0.0
kc_set_b,720575940637584755,right,0.0
kc_set_b,720575940637594995,right,0.0
kc_set_b,720575940637595507,right,0.0
kc_set_b,720575940637618254,left,0.0
kc_set_b,720575940637619534,left,0.0
kc_set_b,720575940637657189,right,0.0
kc_set_b,720575940637683790,left,0.0
kc_set_b,720575940637685476,left,0.0
kc_set_b,720575940637689688,right,0.0
kc_set_b,720575940637695395,right,0.0
kc_set_b,720575940637704765,right,0.0
kc_set_b,720575940637707069,right,0.0
kc_set_b,720575940637714264,right,0.0
kc_set_b,720575940637725272,right,0.0
kc_set_b,720575940637726180,right,0.0
kc_set_b,720575940637733702,right,0.0
kc_set_b,720575940637737021,right,0.0
kc_set_b,720575940637740989,right,0.0
kc_set_b,720575940637746520,right,0.0
kc_set_b,720575940637754019,right,0.0
kc_set_b,720575940637756349,right,0.0
kc_set_b,720575940637769088,left,0.0
kc_set_b,720575940637773117,right,0.0
kc_set_b,720575940637774426,right,0.0
kc_set_b,720575940637784548,left,0.0
kc_set_b,720575940637787226,left,0.0
kc_set_b,720575940637788019,left,0.0
kc_set_b,720575940637788494,right,0.0
kc_set_b,720575940637804260,right,0.0
kc_set_b,720575940637810239,right,0.0
kc_set_b,720575940637822323,left,0.0
kc_set_b,720575940637826623,right,0.0
kc_set_b,720575940637832255,left,0.0
kc_set_b,720575940637835839,right,0.0
kc_set_b,720575940637846618,right,0.0
kc_set_b,720575940637849151,right,0.0
kc_set_b,720575940637869028,right,0.0
kc_set_b,720575940637869284,left,0.0
kc_set_b,720575940637870820,left,0.0
kc_set_b,720575940637890650,left,0.0
kc_set_b,720575940637898429,left,0.0
kc_set_b,720575940637907428,right,0.0
kc_set_b,720575940637913158,left,0.0
kc_set_b,720575940637920740,left,0.0
kc_set_b,720575940637932009,left,0.0
kc_set_b,720575940637945670,left,0.0
kc_set_b,720575940637946968,left,0.0
kc_set_b,720575940637949161,right,0.0
kc_set_b,720575940637953764,left,0.0
kc_set_b,720575940637954532,right,0.0
kc_set_b,720575940637964521,right,0.0
kc_set_b,720575940637964772,left,0.0
kc_set_b,720575940637965028,left,0.0
kc_set_b,720575940637970665,right,0.0
kc_set_b,720575940637970921,left,0.0
kc_set_b,720575940637973225,left,0.0
kc_set_b,720575940637999950,right,0.0
kc_set_b,720575940638013016,left,0.0
kc_set_b,720575940638034751,left,0.0
kc_set_b,720575940638053609,left,0.0
kc_set_b,720575940638053693,left,0.0
kc_set_b,720575940638053865,right,0.0
kc_set_b,720575940638143805,left,0.0
kc_set_b,720575940638161725,left,0.0
kc_set_b,720575940638168804,left,0.0
kc_set_b,720575940638179699,right,0.0
kc_set_b,720575940638185048,left,0.0
kc_set_b,720575940638195773,left,0.0
kc_set_b,720575940638208627,left,0.0
kc_set_b,720575940638228643,right,0.0
kc_set_b,720575940638270080,left,0.0
kc_set_b,720575940638391384,left,0.0
kc_set_b,720575940638436405,left,0.0
kc_set_b,720575940638444861,left,0.0
kc_set_b,720575940638445894,right,0.0
kc_set_b,720575940638446936,left,0.0
kc_set_b,720575940638447677,left,0.0
kc_set_b,720575940638467200,left,0.0
kc_set_b,720575940638468678,right,0.0
kc_set_b,720575940638469190,left,0.0
kc_set_b,720575940638469309,left,0.0
kc_set_b,720575940638472006,right,0.0
kc_set_b,720575940638474112,left,0.0
kc_set_b,720575940638480061,right,0.0
kc_set_b,720575940638492349,left,0.0
kc_set_b,720575940638496896,left,0.0
kc_set_b,720575940638531637,right,0.0
kc_set_b,720575940638535296,left,0.0
kc_set_b,720575940638561102,right,0.0
kc_set_b,720575940638567758,left,0.0
kc_set_b,720575940638578510,left,0.0
kc_set_b,720575940638592590,left,0.0
kc_set_b,720575940638593102,left,138.0
kc_set_b,720575940638619358,right,0.0
kc_set_b,720575940638626613,right,0.0
kc_set_b,720575940638662352,right,0.0
kc_set_b,720575940638691200,left,0.0
kc_set_b,720575940638724186,left,0.0
kc_set_b,720575940638878416,left,0.0
kc_set_b,720575940638888307,left,0.0
kc_set_b,720575940638903248,right,0.0
kc_set_b,720575940638925877,right,0.0
kc_set_b,720575940638936629,left,0.0
kc_set_b,720575940638936885,left,0.0
kc_set_b,720575940638960547,left,0.0
kc_set_b,720575940638962851,left,0.0
kc_set_b,720575940638963363,left,0.0
kc_set_b,720575940638963875,left,0.0
kc_set_b,720575940638964131,right,0.0
kc_set_b,720575940638975285,right,0.0
kc_set_b,720575940638990397,left,0.0
kc_set_b,720575940638992829,left,0.0
kc_set_b,720575940638993853,left,0.0
kc_set_b,720575940638995005,right,0.0
kc_set_b,720575940639013210,left,0.0
kc_set_b,720575940639018147,left,0.0
kc_set_b,720575940639020707,left,0.0
kc_set_b,720575940639022243,right,0.0
kc_set_b,720575940639022755,left,0.0
kc_set_b,720575940639023011,left,0.0
kc_set_b,720575940639032995,left,0.0
kc_set_b,720575940639043637,left,0.0
kc_set_b,720575940639053776,left,0.0
kc_set_b,720575940639056061,right,0.0
kc_set_b,720575940639057085,right,0.0
kc_set_b,720575940639057853,left,0.0
kc_set_b,720575940639058109,left,0.0
kc_set_b,720575940639069493,right,0.0
kc_set_b,720575940639071029,right,0.0
kc_set_b,720575940639071797,left,0.0
kc_set_b,720575940639078717,right,0.0
kc_set_b,720575940639090997,right,0.0
kc_set_b,720575940639096125,left,0.0
kc_set_b,720575940639099992,left,0.0
kc_set_b,720575940639100248,left,0.0
kc_set_b,720575940639100760,right,0.0
kc_set_b,720575940639116888,right,0.0
kc_set_b,720575940639117912,left,141.4
kc_set_b,720575940639118168,right,0.0
kc_set_b,720575940639124533,left,0.0
kc_set_b,720575940639126069,left,0.0
kc_set_b,720575940639126325,left,0.0
kc_set_b,720575940639127861,left,0.0
kc_set_b,720575940639128885,left,0.0
kc_set_b,720575940639157968,right,0.0
kc_set_b,720575940639158480,right,0.0
kc_set_b,720575940639172560,right,0.0
kc_set_b,720575940639188046,left,0.0
kc_set_b,720575940639197262,left,0.0
kc_set_b,720575940639202532,right,0.0
kc_set_b,720575940639212632,left,0.0
kc_set_b,720575940639218165,right,0.0
kc_set_b,720575940639258613,right,0.0
kc_set_b,720575940639267406,left,0.0
kc_set_b,720575940639274574,right,0.0
kc_set_b,720575940639278325,right,0.0
kc_set_b,720575940639286606,right,0.0
kc_set_b,720575940639309390,left,0.0
kc_set_b,720575940639309902,left,0.0
kc_set_b,720575940639328128,left,0.0
kc_set_b,720575940639328640,left,0.0
kc_set_b,720575940639381363,left,0.0
kc_set_b,720575940639409315,right,0.0
kc_set_b,720575940639417459,right,0.0
kc_set_b,720575940639421555,left,0.0
kc_set_b,720575940639441653,left,0.0
kc_set_b,720575940639483125,left,0.0
kc_set_b,720575940639497789,left,0.0
kc_set_b,720575940639506749,right,0.0
kc_set_b,720575940639515965,right,0.0
kc_set_b,720575940639534451,right,0.0
kc_set_b,720575940639534909,left,0.0
kc_set_b,720575940639537213,right,0.0
kc_set_b,720575940639543715,right,0.0
kc_set_b,720575940639554675,right,0.0
kc_set_b,720575940639588723,right,0.0
kc_set_b,720575940639593587,right,0.0
kc_set_b,720575940639624253,left,0.0
kc_set_b,720575940639684440,left,0.0
kc_set_b,720575940639684515,right,0.0
kc_set_b,720575940639686232,right,0.0
kc_set_b,720575940639686488,right,0.0
kc_set_b,720575940639688611,right,0.0
kc_set_b,720575940639726555,right,0.0
kc_set_b,720575940639727067,right,0.0
kc_set_b,720575940639727861,right,0.0
kc_set_b,720575940639728984,left,0.0
kc_set_b,720575940639730851,left,0.0
kc_set_b,720575940639733211,right,0.0
kc_set_b,720575940639749109,right,0.0
kc_set_b,720575940639836288,left,0.0
kc_set_b,720575940639846488,right,0.0
kc_set_b,720575940639859840,left,0.0
kc_set_b,720575940639860096,left,0.0
kc_set_b,720575940639868288,left,0.0
kc_set_b,720575940639881600,right,0.0
kc_set_b,720575940639889141,left,0.0
kc_set_b,720575940639903696,right,0.0
kc_set_b,720575940639905232,left,0.0
kc_set_b,720575940639911888,left,0.0
kc_set_b,720575940639964032,left,0.0
kc_set_b,720575940639974272,left,0.0
kc_set_b,720575940639979648,left,0.0
kc_set_b,720575940639980277,left,0.0
kc_set_b,720575940639986048,right,0.0
kc_set_b,720575940639988352,right,0.0
kc_set_b,720575940639989120,left,0.0
kc_set_b,720575940639996288,left,0.0
kc_set_b,720575940640006528,left,0.0
kc_set_b,720575940640115675,left,0.0
kc_set_b,720575940640158939,left,0.0
kc_set_b,720575940640242896,left,0.0
kc_set_b,720575940640276955,right,0.0
kc_set_b,720575940640292571,right,0.0
kc_set_b,720575940640340725,left,0.0
kc_set_b,720575940640401549,left,0.0
kc_set_b,720575940640414683,left,0.0
kc_set_b,720575940640451280,left,0.0
kc_set_b,720575940640451536,left,0.0
kc_set_b,720575940640468725,left,0.0
kc_set_b,720575940640487669,right,0.0
kc_set_b,720575940640566736,right,0.0
kc_set_b,720575940640634787,right,0.0
kc_set_b,720575940640646864,right,0.0
kc_set_b,720575940640688336,right,0.0
kc_set_b,720575940640688592,right,0.0
kc_set_b,720575940640735629,left,0.0
kc_set_b,720575940640756621,right,0.0
kc_set_b,720575940640758157,right,0.0
kc_set_b,720575940640856795,left,0.0
kc_set_b,720575940640877965,left,144.4
kc_set_b,720575940640883931,right,0.0
kc_set_b,720575940640905205,right,0.0
kc_set_b,720575940640923381,left,157.8
kc_set_b,720575940641015285,left,144.6
kc_set_b,720575940641065973,left,144.0
kc_set_b,720575940641066229,left,0.0
kc_set_b,720575940641079029,right,0.0
kc_set_b,720575940641084405,right,0.0
kc_set_b,720575940641355739,right,0.0
kc_set_b,720575940641358811,left,0.0
kc_set_b,720575940641360091,right,0.0
kc_set_b,720575940641362907,right,0.0
kc_set_b,720575940641536397,right,0.0
kc_set_b,720575940641743501,left,0.0
kc_set_b,720575940641765773,left,0.0
kc_set_b,720575940641866912,right,0.0
kc_set_b,720575940641889952,right,0.0
kc_set_b,720575940641936584,right,0.0
kc_set_b,720575940642010056,right,0.0
kc_set_b,720575940642021064,right,0.0
kc_set_b,720575940642022088,right,0.0
kc_set_b,720575940642071437,left,0.0
kc_set_b,720575940642089613,left,0.0
kc_set_b,720575940642106824,left,0.0
kc_set_b,720575940642108301,right,0.0
kc_set_b,720575940642162573,right,0.0
kc_set_b,720575940642193608,left,0.0
kc_set_b,720575940642328736,right,0.0
kc_set_b,720575940642338464,right,0.0
kc_set_b,720575940642347936,right,0.0
kc_set_b,720575940642383520,right,0.0
kc_set_b,720575940642624200,left,0.0
kc_set_b,720575940642638024,left,0.0
kc_set_b,720575940642663368,left,0.0
kc_set_b,720575940642926628,left,0.0
kc_set_b,720575940642948887,right,0.0
kc_set_b,720575940643055264,left,0.0
kc_set_b,720575940643063200,right,0.0
kc_set_b,720575940643128356,left,0.0
kc_set_b,720575940643129124,left,0.0
kc_set_b,720575940643163940,left,0.0
kc_set_b,720575940643195159,left,0.0
kc_set_b,720575940643266852,right,0.0
kc_set_b,720575940643281262,right,0.0
kc_set_b,720575940643287240,left,0.0
kc_set_b,720575940643380759,left,0.0
kc_set_b,720575940643398180,left,0.0
kc_set_b,720575940643404744,right,0.0
kc_set_b,720575940643406615,left,0.0
kc_set_b,720575940643417879,left,0.0
kc_set_b,720575940643418391,left,0.0
kc_set_b,720575940643424535,left,0.0
kc_set_b,720575940643448686,left,0.0
kc_set_b,720575940643466094,left,0.0
kc_set_b,720575940643473056,left,0.0
kc_set_b,720575940643495840,left,0.0
kc_set_b,720575940643497632,right,0.0
kc_set_b,720575940643501472,right,0.0
kc_set_b,720575940643504288,right,0.0
kc_set_b,720575940643516360,left,0.0
kc_set_b,720575940643544224,left,0.0
kc_set_b,720575940643547296,right,0.0
kc_set_b,720575940643623328,left,0.0
kc_set_b,720575940643657376,left,0.0
kc_set_b,720575940643741384,left,0.0
kc_set_b,720575940643769544,right,0.0
kc_set_b,720575940643823816,left,0.0
kc_set_b,720575940643824072,left,0.0
kc_set_b,720575940643830126,right,0.0
kc_set_b,720575940643919982,left,0.0
kc_set_b,720575940643973156,left,0.0
kc_set_b,720575940643977508,left,0.0
kc_set_b,720575940644136983,right,0.0
kc_set_b,720575940644145687,left,0.0
kc_set_b,720575940644153636,left,0.0
kc_set_b,720575940644156695,left,0.0
kc_set_b,720575940644157463,left,0.0
kc_set_b,720575940644170519,left,0.0
kc_set_b,720575940644238496,left,0.0
kc_set_b,720575940644413732,right,0.0
kc_set_b,720575940644423204,right,0.0
kc_set_b,720575940644448292,left,0.0
kc_set_b,720575940644472100,right,0.0
kc_set_b,720575940644479267,right,0.0
kc_set_b,720575940644490276,left,0.0
kc_set_b,720575940644541640,left,0.0
kc_set_b,720575940644554606,right,0.0
kc_set_b,720575940644583534,right,0.0
kc_set_b,720575940644587630,left,0.0
kc_set_b,720575940644592494,right,0.0
kc_set_b,720575940644598819,left,0.0
kc_set_b,720575940644607854,right,0.0
kc_set_b,720575940644609134,right,0.0
kc_set_b,720575940644644387,left,0.0
kc_set_b,720575940644677411,left,0.0
kc_set_b,720575940644710964,right,0.0
kc_set_b,720575940644742048,left,0.0
kc_set_b,720575940644747572,right,0.0
kc_set_b,720575940644759319,right,0.0
kc_set_b,720575940644800535,left,0.0
kc_set_b,720575940644805143,right,0.0
kc_set_b,720575940644819223,left,0.0
kc_set_b,720575940644837655,right,0.0
kc_set_b,720575940644838766,right,0.0
kc_set_b,720575940644843031,right,0.0
kc_set_b,720575940644892963,left,0.0
kc_set_b,720575940644940835,left,0.0
kc_set_b,720575940644946211,right,0.0
kc_set_b,720575940644974644,left,0.0
kc_set_b,720575940645059107,left,0.0
kc_set_b,720575940645089059,left,0.0
kc_set_b,720575940645139508,left,0.0
kc_set_b,720575940645186868,left,0.0
kc_set_b,720575940645209966,left,0.0
kc_set_b,720575940645210222,right,0.0
kc_set_b,720575940645220718,left,0.0
kc_set_b,720575940645221742,left,0.0
kc_set_b,720575940645226862,left,0.0
kc_set_b,720575940645236078,right,0.0
kc_set_b,720575940645248878,right,0.0
kc_set_b,720575940645269614,right,0.0
kc_set_b,720575940645277294,left,0.0
kc_set_b,720575940645303918,left,0.0
kc_set_b,720575940645334126,left,0.0
kc_set_b,720575940645344110,left,0.0
kc_set_b,720575940645377668,right,0.0
kc_set_b,720575940645385524,left,0.0
kc_set_b,720575940645386884,right,0.0
kc_set_b,720575940645390468,right,0.0
kc_set_b,720575940645450548,left,0.0
kc_set_b,720575940645544068,left,0.0
kc_set_b,720575940645577348,left,0.0
kc_set_b,720575940645682211,left,0.0
kc_set_b,720575940645709335,left,0.0
kc_set_b,720575940645714211,left,0.0
kc_set_b,720575940645714723,left,0.0
kc_set_b,720575940645747747,left,0.0
kc_set_b,720575940645759523,right,0.0
kc_set_b,720575940645819268,right,0.0
kc_set_b,720575940645828740,right,0.0
kc_set_b,720575940645858948,right,0.0
kc_set_b,720575940645949316,left,0.0
kc_set_b,720575940645993348,left,0.0
kc_set_b,720575940646034740,right,0.0
kc_set_b,720575940646229283,right,0.0
kc_set_b,720575940646250275,left,0.0
kc_set_b,720575940646262307,left,0.0
kc_set_b,720575940646263331,right,0.0
kc_set_b,720575940646289699,left,0.0
kc_set_b,720575940646289955,left,0.0
kc_set_b,720575940646290979,right,0.0
kc_set_b,720575940646308148,right,0.0
kc_set_b,720575940646346548,left,0.0
kc_set_b,720575940646354211,left,0.0
kc_set_b,720575940646419235,right,0.0
kc_set_b,720575940646598788,right,0.0
kc_set_b,720575940646602372,right,0.0
kc_set_b,720575940646604932,left,0.0
kc_set_b,720575940646606724,right,0.0
kc_set_b,720575940646609028,right,0.0
kc_set_b,720575940646646148,right,0.0
kc_set_b,720575940646667828,right,0.0
kc_set_b,720575940646682932,right,0.0
kc_set_b,720575940646697780,right,0.0
kc_set_b,720575940646773044,left,0.0
kc_set_b,720575940646783284,left,0.0
kc_set_b,720575940646789428,left,0.0
kc_set_b,720575940647153796,right,0.0
kc_set_b,720575940647214724,left,0.0
kc_set_b,720575940647242116,left,0.0
kc_set_b,720575940647714425,right,0.0
kc_set_b,720575940647739513,right,0.0
kc_set_b,720575940647973497,left,0.0
kc_set_b,720575940648139129,left,0.0
kc_set_b,720575940648205945,right,0.0
kc_set_b,720575940648235641,right,0.0
kc_set_b,720575940648246649,right,0.0
kc_set_b,720575940648276089,right,0.0
kc_set_b,720575940648993145,left,0.0
kc_set_b,720575940648995705,right,0.0
kc_set_b,720575940649008761,left,0.0
kc_set_b,720575940649012857,right,0.0
kc_set_b,720575940649020025,right,0.0
kc_set_b,720575940649020537,left,0.0
kc_set_b,720575940649022841,right,0.0
kc_set_b,720575940649024633,left,0.0
kc_set_b,720575940649228665,right,0.0
kc_set_b,720575940649501817,left,0.0
kc_set_b,720575940649536121,left,0.0
kc_set_b,720575940649536377,right,0.0
kc_set_b,720575940649622905,left,0.0
kc_set_b,720575940649649529,right,0.0
kc_set_b,720575940649650041,right,0.0
kc_set_b,720575940649652089,left,0.0
kc_set_b,720575940649682809,left,0.0
kc_set_b,720575940649691513,right,0.0
kc_set_b,720575940649691769,left,0.0
kc_set_b,720575940649692281,left,0.0
kc_set_b,720575940650260214,right,0.0
kc_set_b,720575940650270710,right,0.0
kc_set_b,720575940650519542,left,0.0
kc_set_b,720575940650545398,left,0.0
kc_set_b,720575940650706166,left,0.0
kc_set_b,720575940650726390,left,0.0
kc_set_b,720575940650740982,left,0.0
kc_set_b,720575940650760438,left,0.0
kc_set_b,720575940650786294,left,0.0
kc_set_b,720575940651629046,left,0.0
kc_set_b,720575940651816950,right,0.0
kc_set_b,720575940651864822,left,0.0
kc_set_b,720575940652035830,left,0.0
kc_set_b,720575940652109046,left,0.0
kc_set_b,720575940652200950,left,0.0
kc_set_b,720575940652211958,left,0.0
kc_set_b,720575940652311030,right,0.0
kc_set_b,720575940652342006,right,0.0
kc_set_b,720575940652403446,left,0.0
kc_set_b,720575940652703393,right,0.0
kc_set_b,720575940652784289,right,0.0
kc_set_b,720575940652799649,right,0.0
kc_set_b,720575940652809377,right,0.0
kc_set_b,720575940652822945,right,0.0
kc_set_b,720575940652837793,right,0.0
kc_set_b,720575940652875169,right,0.0
kc_set_b,720575940653078433,left,0.0
kc_set_b,720575940653276833,left,0.0
kc_set_b,720575940653313953,left,0.0
kc_set_b,720575940653332385,right,0.0
kc_set_b,720575940653339041,right,0.0
kc_set_b,720575940653351841,left,0.0
kc_set_b,720575940653460385,left,0.0
kc_set_b,720575940654129057,left,0.0
kc_set_b,720575940654483873,left,0.0
kc_set_b,720575940654491553,right,0.0
kc_set_b,720575940654606753,right,0.0
kc_set_b,720575940654643617,left,0.0
kc_set_b,720575940654647457,right,0.0
kc_set_b,720575940654675873,left,0.0
kc_set_b,720575940654752417,right,0.0
kc_set_b,720575940654805665,left,0.0
kc_set_b,720575940654808225,left,0.0
kc_set_b,720575940654810017,left,0.0
kc_set_b,720575940654810785,right,0.0
kc_set_b,720575940654879137,left,0.0
kc_set_b,720575940656078241,right,0.0
kc_set_b,720575940657869953,right,0.0
kc_set_b,720575940658101121,right,0.0
kc_set_b,720575940658321793,left,0.0
kc_set_b,720575940658489473,left,0.0
kc_set_b,720575940658497409,left,0.0
kc_set_b,720575940658726785,left,0.0
kc_set_b,720575940658795137,right,0.0
kc_set_b,720575940659297153,right,0.0
kc_set_b,720575940659301249,left,0.0
kc_set_b,720575940659314817,right,0.0
kc_set_b,720575940659316609,right,0.0
kc_set_b,720575940659323009,left,0.0
kc_set_b,720575940659323521,left,0.0
kc_set_b,720575940659392385,left,0.0
kc_set_b,720575940659536257,right,0.0
kc_set_b,720575940659577217,right,0.0
kc_set_b,720575940659754625,left,0.0
kc_set_b,720575940659763329,left,0.0
kc_set_b,720575940659765121,right,0.0
kc_set_b,720575940659780993,left,0.0
kc_set_b,720575940659850113,right,0.0
kc_set_b,720575940659879041,left,0.0
kc_set_b,720575940659940225,right,0.0
kc_set_b,720575940660047489,right,0.0
kc_set_b,720575940661275009,left,0.0
kc_set_b,720575940661337217,left,0.0
